# Blender 5.1.1
# www.blender.org
mtllib red_box.mtl
o o_Storagebox_Box_blue_0
v 0.147805 -0.139267 0.151094
v 0.147805 0.107883 0.151094
v -0.147804 0.107883 0.151094
v 0.147805 -0.139267 0.151094
v -0.147804 0.107883 0.151094
v -0.147804 -0.139267 0.151094
v 0.148015 0.108595 -0.151674
v -0.148014 0.108595 -0.151674
v -0.150937 0.108517 -0.154625
v 0.148015 0.108595 -0.151674
v -0.150937 0.108517 -0.154625
v 0.150937 0.108517 -0.154625
v 0.150520 0.108587 0.149744
v 0.150520 0.108587 -0.149743
v 0.152521 0.108533 -0.151764
v 0.150520 0.108587 0.149744
v 0.152521 0.108533 -0.151764
v 0.152521 0.108533 0.151764
v -0.150519 0.108587 -0.149743
v -0.150519 0.108587 0.149744
v -0.152520 0.108533 0.151764
v -0.150519 0.108587 -0.149743
v -0.152520 0.108533 0.151764
v -0.152520 0.108533 -0.151764
v -0.149648 -0.139267 0.149865
v -0.149648 0.107883 0.149865
v -0.149648 0.107883 -0.149864
v -0.149648 -0.139267 0.149865
v -0.149648 0.107883 -0.149864
v -0.149648 -0.139267 -0.149864
v 0.149648 -0.139267 -0.149864
v 0.149648 0.107883 -0.149864
v 0.149648 0.107883 0.149865
v 0.149648 -0.139267 -0.149864
v 0.149648 0.107883 0.149865
v 0.149648 -0.139267 0.149865
v -0.147804 -0.139267 -0.151093
v -0.147804 0.107883 -0.151093
v 0.147805 0.107883 -0.151093
v -0.147804 -0.139267 -0.151093
v 0.147805 0.107883 -0.151093
v 0.147805 -0.139267 -0.151093
v -0.148014 0.108595 0.151675
v 0.148015 0.108595 0.151675
v 0.150937 0.108517 0.154626
v -0.148014 0.108595 0.151675
v 0.150937 0.108517 0.154626
v -0.150937 0.108517 0.154626
v -0.154363 0.110021 -0.154625
v -0.154363 0.110021 0.154625
v -0.154363 0.133741 0.154625
v -0.154363 0.110021 -0.154625
v -0.154363 0.133741 0.154625
v -0.154363 0.133741 -0.154625
v 0.152520 0.135277 -0.154625
v -0.152519 0.135277 -0.154625
v -0.152519 0.135277 0.154625
v 0.152520 0.135277 -0.154625
v -0.152519 0.135277 0.154625
v 0.152520 0.135277 0.154625
v -0.152519 0.110021 0.155854
v 0.152520 0.110021 0.155854
v 0.152520 0.133741 0.155854
v -0.152519 0.110021 0.155854
v 0.152520 0.133741 0.155854
v -0.152519 0.133741 0.155854
v 0.152520 0.110021 -0.155854
v -0.152519 0.110021 -0.155854
v -0.152519 0.133741 -0.155854
v 0.152520 0.110021 -0.155854
v -0.152519 0.133741 -0.155854
v 0.152520 0.133741 -0.155854
v 0.154363 0.110021 0.154625
v 0.154363 0.110021 -0.154625
v 0.154363 0.133741 -0.154625
v 0.154363 0.110021 0.154625
v 0.154363 0.133741 -0.154625
v 0.154363 0.133741 0.154625
v -0.147804 -0.140803 0.149865
v -0.147804 -0.140751 0.150183
v -0.148296 -0.140689 0.150195
v -0.147804 -0.140803 0.149865
v -0.148296 -0.140689 0.150195
v -0.148281 -0.140751 0.149865
v -0.147804 -0.140751 0.150183
v -0.147804 -0.140597 0.150479
v -0.148288 -0.140533 0.150481
v -0.147804 -0.140751 0.150183
v -0.148288 -0.140533 0.150481
v -0.148296 -0.140689 0.150195
v -0.147804 -0.140597 0.150479
v -0.147804 -0.140353 0.150734
v -0.148278 -0.140317 0.150704
v -0.147804 -0.140597 0.150479
v -0.148278 -0.140317 0.150704
v -0.148288 -0.140533 0.150481
v -0.148281 -0.140751 0.149865
v -0.148296 -0.140689 0.150195
v -0.148729 -0.140532 0.150189
v -0.148281 -0.140751 0.149865
v -0.148729 -0.140532 0.150189
v -0.148726 -0.140597 0.149865
v -0.148296 -0.140689 0.150195
v -0.148288 -0.140533 0.150481
v -0.148682 -0.140402 0.150450
v -0.148296 -0.140689 0.150195
v -0.148682 -0.140402 0.150450
v -0.148729 -0.140532 0.150189
v -0.148288 -0.140533 0.150481
v -0.148278 -0.140317 0.150704
v -0.148644 -0.140234 0.150638
v -0.148288 -0.140533 0.150481
v -0.148644 -0.140234 0.150638
v -0.148682 -0.140402 0.150450
v -0.148726 -0.140597 0.149865
v -0.148729 -0.140532 0.150189
v -0.149064 -0.140316 0.150181
v -0.148726 -0.140597 0.149865
v -0.149064 -0.140316 0.150181
v -0.149108 -0.140353 0.149865
v -0.148729 -0.140532 0.150189
v -0.148682 -0.140402 0.150450
v -0.148965 -0.140234 0.150424
v -0.148729 -0.140532 0.150189
v -0.148965 -0.140234 0.150424
v -0.149064 -0.140316 0.150181
v -0.148682 -0.140402 0.150450
v -0.148644 -0.140234 0.150638
v -0.148868 -0.140154 0.150574
v -0.148682 -0.140402 0.150450
v -0.148868 -0.140154 0.150574
v -0.148965 -0.140234 0.150424
v -0.147804 -0.139267 0.151094
v -0.148281 -0.139267 0.151052
v -0.148300 -0.139677 0.151002
v -0.147804 -0.139267 0.151094
v -0.148300 -0.139677 0.151002
v -0.147804 -0.139665 0.151052
v -0.148281 -0.139267 0.151052
v -0.148726 -0.139267 0.150929
v -0.148729 -0.139670 0.150878
v -0.148281 -0.139267 0.151052
v -0.148729 -0.139670 0.150878
v -0.148300 -0.139677 0.151002
v -0.148726 -0.139267 0.150929
v -0.149108 -0.139267 0.150734
v -0.149063 -0.139662 0.150705
v -0.148726 -0.139267 0.150929
v -0.149063 -0.139662 0.150705
v -0.148729 -0.139670 0.150878
v -0.147804 -0.139665 0.151052
v -0.148300 -0.139677 0.151002
v -0.148291 -0.140038 0.150877
v -0.147804 -0.139665 0.151052
v -0.148291 -0.140038 0.150877
v -0.147804 -0.140035 0.150929
v -0.148300 -0.139677 0.151002
v -0.148729 -0.139670 0.150878
v -0.148683 -0.139999 0.150773
v -0.148300 -0.139677 0.151002
v -0.148683 -0.139999 0.150773
v -0.148291 -0.140038 0.150877
v -0.148729 -0.139670 0.150878
v -0.149063 -0.139662 0.150705
v -0.148965 -0.139967 0.150638
v -0.148729 -0.139670 0.150878
v -0.148965 -0.139967 0.150638
v -0.148683 -0.139999 0.150773
v -0.147804 -0.140035 0.150929
v -0.148291 -0.140038 0.150877
v -0.148278 -0.140317 0.150704
v -0.147804 -0.140035 0.150929
v -0.148278 -0.140317 0.150704
v -0.147804 -0.140353 0.150734
v -0.148291 -0.140038 0.150877
v -0.148683 -0.139999 0.150773
v -0.148644 -0.140234 0.150638
v -0.148291 -0.140038 0.150877
v -0.148644 -0.140234 0.150638
v -0.148278 -0.140317 0.150704
v -0.148683 -0.139999 0.150773
v -0.148965 -0.139967 0.150638
v -0.148868 -0.140154 0.150574
v -0.148683 -0.139999 0.150773
v -0.148868 -0.140154 0.150574
v -0.148644 -0.140234 0.150638
v -0.149648 -0.139267 0.149865
v -0.149585 -0.139665 0.149865
v -0.149510 -0.139680 0.150193
v -0.149648 -0.139267 0.149865
v -0.149510 -0.139680 0.150193
v -0.149585 -0.139267 0.150183
v -0.149585 -0.139665 0.149865
v -0.149401 -0.140035 0.149865
v -0.149324 -0.140038 0.150187
v -0.149585 -0.139665 0.149865
v -0.149324 -0.140038 0.150187
v -0.149510 -0.139680 0.150193
v -0.149401 -0.140035 0.149865
v -0.149108 -0.140353 0.149865
v -0.149064 -0.140316 0.150181
v -0.149401 -0.140035 0.149865
v -0.149064 -0.140316 0.150181
v -0.149324 -0.140038 0.150187
v -0.149585 -0.139267 0.150183
v -0.149510 -0.139680 0.150193
v -0.149323 -0.139673 0.150482
v -0.149585 -0.139267 0.150183
v -0.149323 -0.139673 0.150482
v -0.149401 -0.139267 0.150479
v -0.149510 -0.139680 0.150193
v -0.149324 -0.140038 0.150187
v -0.149166 -0.139999 0.150450
v -0.149510 -0.139680 0.150193
v -0.149166 -0.139999 0.150450
v -0.149323 -0.139673 0.150482
v -0.149324 -0.140038 0.150187
v -0.149064 -0.140316 0.150181
v -0.148965 -0.140234 0.150424
v -0.149324 -0.140038 0.150187
v -0.148965 -0.140234 0.150424
v -0.149166 -0.139999 0.150450
v -0.149401 -0.139267 0.150479
v -0.149323 -0.139673 0.150482
v -0.149063 -0.139662 0.150705
v -0.149401 -0.139267 0.150479
v -0.149063 -0.139662 0.150705
v -0.149108 -0.139267 0.150734
v -0.149323 -0.139673 0.150482
v -0.149166 -0.139999 0.150450
v -0.148965 -0.139967 0.150638
v -0.149323 -0.139673 0.150482
v -0.148965 -0.139967 0.150638
v -0.149063 -0.139662 0.150705
v -0.149166 -0.139999 0.150450
v -0.148965 -0.140234 0.150424
v -0.148868 -0.140154 0.150574
v -0.149166 -0.139999 0.150450
v -0.148868 -0.140154 0.150574
v -0.148965 -0.139967 0.150638
v -0.147804 0.107883 0.151094
v -0.147835 0.108070 0.151116
v -0.148314 0.108072 0.151040
v -0.147804 0.107883 0.151094
v -0.148314 0.108072 0.151040
v -0.148279 0.107883 0.151047
v -0.147835 0.108070 0.151116
v -0.147871 0.108243 0.151174
v -0.148354 0.108246 0.151073
v -0.147835 0.108070 0.151116
v -0.148354 0.108246 0.151073
v -0.148314 0.108072 0.151040
v -0.147871 0.108243 0.151174
v -0.147909 0.108393 0.151264
v -0.148387 0.108391 0.151129
v -0.147871 0.108243 0.151174
v -0.148387 0.108391 0.151129
v -0.148354 0.108246 0.151073
v -0.148279 0.107883 0.151047
v -0.148314 0.108072 0.151040
v -0.148760 0.108073 0.150922
v -0.148279 0.107883 0.151047
v -0.148760 0.108073 0.150922
v -0.148722 0.107883 0.150924
v -0.148314 0.108072 0.151040
v -0.148354 0.108246 0.151073
v -0.148800 0.108247 0.150941
v -0.148314 0.108072 0.151040
v -0.148800 0.108247 0.150941
v -0.148760 0.108073 0.150922
v -0.148354 0.108246 0.151073
v -0.148387 0.108391 0.151129
v -0.148832 0.108392 0.150968
v -0.148354 0.108246 0.151073
v -0.148832 0.108392 0.150968
v -0.148800 0.108247 0.150941
v -0.148722 0.107883 0.150924
v -0.148760 0.108073 0.150922
v -0.149143 0.108074 0.150744
v -0.148722 0.107883 0.150924
v -0.149143 0.108074 0.150744
v -0.149108 0.107883 0.150734
v -0.148760 0.108073 0.150922
v -0.148800 0.108247 0.150941
v -0.149179 0.108248 0.150754
v -0.148760 0.108073 0.150922
v -0.149179 0.108248 0.150754
v -0.149143 0.108074 0.150744
v -0.148800 0.108247 0.150941
v -0.148832 0.108392 0.150968
v -0.149217 0.108393 0.150761
v -0.148800 0.108247 0.150941
v -0.149217 0.108393 0.150761
v -0.149179 0.108248 0.150754
v -0.148014 0.108595 0.151675
v -0.148381 0.108600 0.151392
v -0.148403 0.108554 0.151288
v -0.148014 0.108595 0.151675
v -0.148403 0.108554 0.151288
v -0.147983 0.108571 0.151525
v -0.148381 0.108600 0.151392
v -0.148808 0.108603 0.151063
v -0.148834 0.108553 0.151025
v -0.148381 0.108600 0.151392
v -0.148834 0.108553 0.151025
v -0.148403 0.108554 0.151288
v -0.148808 0.108603 0.151063
v -0.149267 0.108603 0.150709
v -0.149256 0.108553 0.150734
v -0.148808 0.108603 0.151063
v -0.149256 0.108553 0.150734
v -0.148834 0.108553 0.151025
v -0.147983 0.108571 0.151525
v -0.148403 0.108554 0.151288
v -0.148402 0.108489 0.151202
v -0.147983 0.108571 0.151525
v -0.148402 0.108489 0.151202
v -0.147948 0.108502 0.151385
v -0.148403 0.108554 0.151288
v -0.148834 0.108553 0.151025
v -0.148843 0.108487 0.150994
v -0.148403 0.108554 0.151288
v -0.148843 0.108487 0.150994
v -0.148402 0.108489 0.151202
v -0.148834 0.108553 0.151025
v -0.149256 0.108553 0.150734
v -0.149241 0.108488 0.150752
v -0.148834 0.108553 0.151025
v -0.149241 0.108488 0.150752
v -0.148843 0.108487 0.150994
v -0.147948 0.108502 0.151385
v -0.148402 0.108489 0.151202
v -0.148387 0.108391 0.151129
v -0.147948 0.108502 0.151385
v -0.148387 0.108391 0.151129
v -0.147909 0.108393 0.151264
v -0.148402 0.108489 0.151202
v -0.148843 0.108487 0.150994
v -0.148832 0.108392 0.150968
v -0.148402 0.108489 0.151202
v -0.148832 0.108392 0.150968
v -0.148387 0.108391 0.151129
v -0.148843 0.108487 0.150994
v -0.149241 0.108488 0.150752
v -0.149217 0.108393 0.150761
v -0.148843 0.108487 0.150994
v -0.149217 0.108393 0.150761
v -0.148832 0.108392 0.150968
v -0.150519 0.108587 0.149744
v -0.150294 0.108565 0.149762
v -0.149979 0.108553 0.150087
v -0.150519 0.108587 0.149744
v -0.149979 0.108553 0.150087
v -0.150152 0.108594 0.150027
v -0.150294 0.108565 0.149762
v -0.150085 0.108498 0.149782
v -0.149839 0.108490 0.150125
v -0.150294 0.108565 0.149762
v -0.149839 0.108490 0.150125
v -0.149979 0.108553 0.150087
v -0.150085 0.108498 0.149782
v -0.149903 0.108390 0.149804
v -0.149721 0.108390 0.150150
v -0.150085 0.108498 0.149782
v -0.149721 0.108390 0.150150
v -0.149839 0.108490 0.150125
v -0.150152 0.108594 0.150027
v -0.149979 0.108553 0.150087
v -0.149636 0.108551 0.150415
v -0.150152 0.108594 0.150027
v -0.149636 0.108551 0.150415
v -0.149725 0.108600 0.150356
v -0.149979 0.108553 0.150087
v -0.149839 0.108490 0.150125
v -0.149564 0.108486 0.150454
v -0.149979 0.108553 0.150087
v -0.149564 0.108486 0.150454
v -0.149636 0.108551 0.150415
v -0.149839 0.108490 0.150125
v -0.149721 0.108390 0.150150
v -0.149502 0.108391 0.150477
v -0.149839 0.108490 0.150125
v -0.149502 0.108391 0.150477
v -0.149564 0.108486 0.150454
v -0.149725 0.108600 0.150356
v -0.149636 0.108551 0.150415
v -0.149256 0.108553 0.150734
v -0.149725 0.108600 0.150356
v -0.149256 0.108553 0.150734
v -0.149267 0.108603 0.150709
v -0.149636 0.108551 0.150415
v -0.149564 0.108486 0.150454
v -0.149241 0.108488 0.150752
v -0.149636 0.108551 0.150415
v -0.149241 0.108488 0.150752
v -0.149256 0.108553 0.150734
v -0.149564 0.108486 0.150454
v -0.149502 0.108391 0.150477
v -0.149217 0.108393 0.150761
v -0.149564 0.108486 0.150454
v -0.149217 0.108393 0.150761
v -0.149241 0.108488 0.150752
v -0.149648 0.107883 0.149865
v -0.149577 0.107883 0.150181
v -0.149585 0.108070 0.150177
v -0.149648 0.107883 0.149865
v -0.149585 0.108070 0.150177
v -0.149681 0.108070 0.149847
v -0.149577 0.107883 0.150181
v -0.149394 0.107883 0.150477
v -0.149411 0.108073 0.150483
v -0.149577 0.107883 0.150181
v -0.149411 0.108073 0.150483
v -0.149585 0.108070 0.150177
v -0.149394 0.107883 0.150477
v -0.149108 0.107883 0.150734
v -0.149143 0.108074 0.150744
v -0.149394 0.107883 0.150477
v -0.149143 0.108074 0.150744
v -0.149411 0.108073 0.150483
v -0.149681 0.108070 0.149847
v -0.149585 0.108070 0.150177
v -0.149633 0.108243 0.150168
v -0.149681 0.108070 0.149847
v -0.149633 0.108243 0.150168
v -0.149768 0.108242 0.149826
v -0.149585 0.108070 0.150177
v -0.149411 0.108073 0.150483
v -0.149444 0.108246 0.150485
v -0.149585 0.108070 0.150177
v -0.149444 0.108246 0.150485
v -0.149633 0.108243 0.150168
v -0.149411 0.108073 0.150483
v -0.149143 0.108074 0.150744
v -0.149179 0.108248 0.150754
v -0.149411 0.108073 0.150483
v -0.149179 0.108248 0.150754
v -0.149444 0.108246 0.150485
v -0.149768 0.108242 0.149826
v -0.149633 0.108243 0.150168
v -0.149721 0.108390 0.150150
v -0.149768 0.108242 0.149826
v -0.149721 0.108390 0.150150
v -0.149903 0.108390 0.149804
v -0.149633 0.108243 0.150168
v -0.149444 0.108246 0.150485
v -0.149502 0.108391 0.150477
v -0.149633 0.108243 0.150168
v -0.149502 0.108391 0.150477
v -0.149721 0.108390 0.150150
v -0.149444 0.108246 0.150485
v -0.149179 0.108248 0.150754
v -0.149217 0.108393 0.150761
v -0.149444 0.108246 0.150485
v -0.149217 0.108393 0.150761
v -0.149502 0.108391 0.150477
v -0.147804 -0.140803 -0.149864
v -0.148281 -0.140751 -0.149864
v -0.148300 -0.140689 -0.150192
v -0.147804 -0.140803 -0.149864
v -0.148300 -0.140689 -0.150192
v -0.147804 -0.140751 -0.150182
v -0.148281 -0.140751 -0.149864
v -0.148726 -0.140597 -0.149864
v -0.148729 -0.140533 -0.150187
v -0.148281 -0.140751 -0.149864
v -0.148729 -0.140533 -0.150187
v -0.148300 -0.140689 -0.150192
v -0.148726 -0.140597 -0.149864
v -0.149108 -0.140353 -0.149864
v -0.149063 -0.140317 -0.150180
v -0.148726 -0.140597 -0.149864
v -0.149063 -0.140317 -0.150180
v -0.148729 -0.140533 -0.150187
v -0.147804 -0.140751 -0.150182
v -0.148300 -0.140689 -0.150192
v -0.148291 -0.140532 -0.150481
v -0.147804 -0.140751 -0.150182
v -0.148291 -0.140532 -0.150481
v -0.147804 -0.140597 -0.150479
v -0.148300 -0.140689 -0.150192
v -0.148729 -0.140533 -0.150187
v -0.148683 -0.140402 -0.150450
v -0.148300 -0.140689 -0.150192
v -0.148683 -0.140402 -0.150450
v -0.148291 -0.140532 -0.150481
v -0.148729 -0.140533 -0.150187
v -0.149063 -0.140317 -0.150180
v -0.148965 -0.140234 -0.150424
v -0.148729 -0.140533 -0.150187
v -0.148965 -0.140234 -0.150424
v -0.148683 -0.140402 -0.150450
v -0.147804 -0.140597 -0.150479
v -0.148291 -0.140532 -0.150481
v -0.148278 -0.140316 -0.150704
v -0.147804 -0.140597 -0.150479
v -0.148278 -0.140316 -0.150704
v -0.147804 -0.140353 -0.150733
v -0.148291 -0.140532 -0.150481
v -0.148683 -0.140402 -0.150450
v -0.148644 -0.140234 -0.150638
v -0.148291 -0.140532 -0.150481
v -0.148644 -0.140234 -0.150638
v -0.148278 -0.140316 -0.150704
v -0.148683 -0.140402 -0.150450
v -0.148965 -0.140234 -0.150424
v -0.148868 -0.140154 -0.150574
v -0.148683 -0.140402 -0.150450
v -0.148868 -0.140154 -0.150574
v -0.148644 -0.140234 -0.150638
v -0.149648 -0.139267 -0.149864
v -0.149585 -0.139267 -0.150182
v -0.149510 -0.139677 -0.150195
v -0.149648 -0.139267 -0.149864
v -0.149510 -0.139677 -0.150195
v -0.149585 -0.139665 -0.149864
v -0.149585 -0.139267 -0.150182
v -0.149401 -0.139267 -0.150479
v -0.149324 -0.139670 -0.150481
v -0.149585 -0.139267 -0.150182
v -0.149324 -0.139670 -0.150481
v -0.149510 -0.139677 -0.150195
v -0.149401 -0.139267 -0.150479
v -0.149108 -0.139267 -0.150733
v -0.149064 -0.139662 -0.150704
v -0.149401 -0.139267 -0.150479
v -0.149064 -0.139662 -0.150704
v -0.149324 -0.139670 -0.150481
v -0.149585 -0.139665 -0.149864
v -0.149510 -0.139677 -0.150195
v -0.149323 -0.140038 -0.150189
v -0.149585 -0.139665 -0.149864
v -0.149323 -0.140038 -0.150189
v -0.149401 -0.140035 -0.149864
v -0.149510 -0.139677 -0.150195
v -0.149324 -0.139670 -0.150481
v -0.149166 -0.139999 -0.150450
v -0.149510 -0.139677 -0.150195
v -0.149166 -0.139999 -0.150450
v -0.149323 -0.140038 -0.150189
v -0.149324 -0.139670 -0.150481
v -0.149064 -0.139662 -0.150704
v -0.148965 -0.139967 -0.150638
v -0.149324 -0.139670 -0.150481
v -0.148965 -0.139967 -0.150638
v -0.149166 -0.139999 -0.150450
v -0.149401 -0.140035 -0.149864
v -0.149323 -0.140038 -0.150189
v -0.149063 -0.140317 -0.150180
v -0.149401 -0.140035 -0.149864
v -0.149063 -0.140317 -0.150180
v -0.149108 -0.140353 -0.149864
v -0.149323 -0.140038 -0.150189
v -0.149166 -0.139999 -0.150450
v -0.148965 -0.140234 -0.150424
v -0.149323 -0.140038 -0.150189
v -0.148965 -0.140234 -0.150424
v -0.149063 -0.140317 -0.150180
v -0.149166 -0.139999 -0.150450
v -0.148965 -0.139967 -0.150638
v -0.148868 -0.140154 -0.150574
v -0.149166 -0.139999 -0.150450
v -0.148868 -0.140154 -0.150574
v -0.148965 -0.140234 -0.150424
v -0.147804 -0.139267 -0.151093
v -0.147804 -0.139665 -0.151051
v -0.148296 -0.139680 -0.151001
v -0.147804 -0.139267 -0.151093
v -0.148296 -0.139680 -0.151001
v -0.148281 -0.139267 -0.151051
v -0.147804 -0.139665 -0.151051
v -0.147804 -0.140035 -0.150928
v -0.148288 -0.140038 -0.150877
v -0.147804 -0.139665 -0.151051
v -0.148288 -0.140038 -0.150877
v -0.148296 -0.139680 -0.151001
v -0.147804 -0.140035 -0.150928
v -0.147804 -0.140353 -0.150733
v -0.148278 -0.140316 -0.150704
v -0.147804 -0.140035 -0.150928
v -0.148278 -0.140316 -0.150704
v -0.148288 -0.140038 -0.150877
v -0.148281 -0.139267 -0.151051
v -0.148296 -0.139680 -0.151001
v -0.148729 -0.139673 -0.150876
v -0.148281 -0.139267 -0.151051
v -0.148729 -0.139673 -0.150876
v -0.148726 -0.139267 -0.150928
v -0.148296 -0.139680 -0.151001
v -0.148288 -0.140038 -0.150877
v -0.148682 -0.139999 -0.150772
v -0.148296 -0.139680 -0.151001
v -0.148682 -0.139999 -0.150772
v -0.148729 -0.139673 -0.150876
v -0.148288 -0.140038 -0.150877
v -0.148278 -0.140316 -0.150704
v -0.148644 -0.140234 -0.150638
v -0.148288 -0.140038 -0.150877
v -0.148644 -0.140234 -0.150638
v -0.148682 -0.139999 -0.150772
v -0.148726 -0.139267 -0.150928
v -0.148729 -0.139673 -0.150876
v -0.149064 -0.139662 -0.150704
v -0.148726 -0.139267 -0.150928
v -0.149064 -0.139662 -0.150704
v -0.149108 -0.139267 -0.150733
v -0.148729 -0.139673 -0.150876
v -0.148682 -0.139999 -0.150772
v -0.148965 -0.139967 -0.150638
v -0.148729 -0.139673 -0.150876
v -0.148965 -0.139967 -0.150638
v -0.149064 -0.139662 -0.150704
v -0.148682 -0.139999 -0.150772
v -0.148644 -0.140234 -0.150638
v -0.148868 -0.140154 -0.150574
v -0.148682 -0.139999 -0.150772
v -0.148868 -0.140154 -0.150574
v -0.148965 -0.139967 -0.150638
v -0.150519 0.108587 -0.149743
v -0.150152 0.108594 -0.150026
v -0.149985 0.108550 -0.150084
v -0.150519 0.108587 -0.149743
v -0.149985 0.108550 -0.150084
v -0.150294 0.108565 -0.149761
v -0.150152 0.108594 -0.150026
v -0.149725 0.108600 -0.150356
v -0.149640 0.108551 -0.150411
v -0.150152 0.108594 -0.150026
v -0.149640 0.108551 -0.150411
v -0.149985 0.108550 -0.150084
v -0.149725 0.108600 -0.150356
v -0.149267 0.108603 -0.150709
v -0.149257 0.108553 -0.150732
v -0.149725 0.108600 -0.150356
v -0.149257 0.108553 -0.150732
v -0.149640 0.108551 -0.150411
v -0.150294 0.108565 -0.149761
v -0.149985 0.108550 -0.150084
v -0.149841 0.108486 -0.150124
v -0.150294 0.108565 -0.149761
v -0.149841 0.108486 -0.150124
v -0.150085 0.108498 -0.149782
v -0.149985 0.108550 -0.150084
v -0.149640 0.108551 -0.150411
v -0.149565 0.108485 -0.150454
v -0.149985 0.108550 -0.150084
v -0.149565 0.108485 -0.150454
v -0.149841 0.108486 -0.150124
v -0.149640 0.108551 -0.150411
v -0.149257 0.108553 -0.150732
v -0.149242 0.108488 -0.150751
v -0.149640 0.108551 -0.150411
v -0.149242 0.108488 -0.150751
v -0.149565 0.108485 -0.150454
v -0.150085 0.108498 -0.149782
v -0.149841 0.108486 -0.150124
v -0.149719 0.108390 -0.150153
v -0.150085 0.108498 -0.149782
v -0.149719 0.108390 -0.150153
v -0.149903 0.108390 -0.149804
v -0.149841 0.108486 -0.150124
v -0.149565 0.108485 -0.150454
v -0.149501 0.108391 -0.150478
v -0.149841 0.108486 -0.150124
v -0.149501 0.108391 -0.150478
v -0.149719 0.108390 -0.150153
v -0.149565 0.108485 -0.150454
v -0.149242 0.108488 -0.150751
v -0.149217 0.108393 -0.150760
v -0.149565 0.108485 -0.150454
v -0.149217 0.108393 -0.150760
v -0.149501 0.108391 -0.150478
v -0.148014 0.108595 -0.151674
v -0.147983 0.108571 -0.151525
v -0.148407 0.108557 -0.151284
v -0.148014 0.108595 -0.151674
v -0.148407 0.108557 -0.151284
v -0.148381 0.108600 -0.151392
v -0.147983 0.108571 -0.151525
v -0.147948 0.108502 -0.151385
v -0.148403 0.108493 -0.151199
v -0.147983 0.108571 -0.151525
v -0.148403 0.108493 -0.151199
v -0.148407 0.108557 -0.151284
v -0.147948 0.108502 -0.151385
v -0.147909 0.108393 -0.151263
v -0.148383 0.108392 -0.151130
v -0.147948 0.108502 -0.151385
v -0.148383 0.108392 -0.151130
v -0.148403 0.108493 -0.151199
v -0.148381 0.108600 -0.151392
v -0.148407 0.108557 -0.151284
v -0.148837 0.108553 -0.151022
v -0.148381 0.108600 -0.151392
v -0.148837 0.108553 -0.151022
v -0.148808 0.108603 -0.151062
v -0.148407 0.108557 -0.151284
v -0.148403 0.108493 -0.151199
v -0.148843 0.108487 -0.150993
v -0.148407 0.108557 -0.151284
v -0.148843 0.108487 -0.150993
v -0.148837 0.108553 -0.151022
v -0.148403 0.108493 -0.151199
v -0.148383 0.108392 -0.151130
v -0.148830 0.108392 -0.150969
v -0.148403 0.108493 -0.151199
v -0.148830 0.108392 -0.150969
v -0.148843 0.108487 -0.150993
v -0.148808 0.108603 -0.151062
v -0.148837 0.108553 -0.151022
v -0.149257 0.108553 -0.150732
v -0.148808 0.108603 -0.151062
v -0.149257 0.108553 -0.150732
v -0.149267 0.108603 -0.150709
v -0.148837 0.108553 -0.151022
v -0.148843 0.108487 -0.150993
v -0.149242 0.108488 -0.150751
v -0.148837 0.108553 -0.151022
v -0.149242 0.108488 -0.150751
v -0.149257 0.108553 -0.150732
v -0.148843 0.108487 -0.150993
v -0.148830 0.108392 -0.150969
v -0.149217 0.108393 -0.150760
v -0.148843 0.108487 -0.150993
v -0.149217 0.108393 -0.150760
v -0.149242 0.108488 -0.150751
v -0.147804 0.107883 -0.151093
v -0.148279 0.107883 -0.151046
v -0.148319 0.108070 -0.151049
v -0.147804 0.107883 -0.151093
v -0.148319 0.108070 -0.151049
v -0.147835 0.108070 -0.151115
v -0.148279 0.107883 -0.151046
v -0.148722 0.107883 -0.150924
v -0.148764 0.108073 -0.150928
v -0.148279 0.107883 -0.151046
v -0.148764 0.108073 -0.150928
v -0.148319 0.108070 -0.151049
v -0.148722 0.107883 -0.150924
v -0.149108 0.107883 -0.150733
v -0.149142 0.108074 -0.150744
v -0.148722 0.107883 -0.150924
v -0.149142 0.108074 -0.150744
v -0.148764 0.108073 -0.150928
v -0.147835 0.108070 -0.151115
v -0.148319 0.108070 -0.151049
v -0.148354 0.108244 -0.151076
v -0.147835 0.108070 -0.151115
v -0.148354 0.108244 -0.151076
v -0.147871 0.108243 -0.151173
v -0.148319 0.108070 -0.151049
v -0.148764 0.108073 -0.150928
v -0.148801 0.108247 -0.150942
v -0.148319 0.108070 -0.151049
v -0.148801 0.108247 -0.150942
v -0.148354 0.108244 -0.151076
v -0.148764 0.108073 -0.150928
v -0.149142 0.108074 -0.150744
v -0.149179 0.108248 -0.150753
v -0.148764 0.108073 -0.150928
v -0.149179 0.108248 -0.150753
v -0.148801 0.108247 -0.150942
v -0.147871 0.108243 -0.151173
v -0.148354 0.108244 -0.151076
v -0.148383 0.108392 -0.151130
v -0.147871 0.108243 -0.151173
v -0.148383 0.108392 -0.151130
v -0.147909 0.108393 -0.151263
v -0.148354 0.108244 -0.151076
v -0.148801 0.108247 -0.150942
v -0.148830 0.108392 -0.150969
v -0.148354 0.108244 -0.151076
v -0.148830 0.108392 -0.150969
v -0.148383 0.108392 -0.151130
v -0.148801 0.108247 -0.150942
v -0.149179 0.108248 -0.150753
v -0.149217 0.108393 -0.150760
v -0.148801 0.108247 -0.150942
v -0.149217 0.108393 -0.150760
v -0.148830 0.108392 -0.150969
v -0.149648 0.107883 -0.149864
v -0.149681 0.108070 -0.149846
v -0.149571 0.108072 -0.150174
v -0.149648 0.107883 -0.149864
v -0.149571 0.108072 -0.150174
v -0.149577 0.107883 -0.150181
v -0.149681 0.108070 -0.149846
v -0.149768 0.108242 -0.149826
v -0.149627 0.108245 -0.150167
v -0.149681 0.108070 -0.149846
v -0.149627 0.108245 -0.150167
v -0.149571 0.108072 -0.150174
v -0.149768 0.108242 -0.149826
v -0.149903 0.108390 -0.149804
v -0.149719 0.108390 -0.150153
v -0.149768 0.108242 -0.149826
v -0.149719 0.108390 -0.150153
v -0.149627 0.108245 -0.150167
v -0.149577 0.107883 -0.150181
v -0.149571 0.108072 -0.150174
v -0.149401 0.108073 -0.150480
v -0.149577 0.107883 -0.150181
v -0.149401 0.108073 -0.150480
v -0.149394 0.107883 -0.150476
v -0.149571 0.108072 -0.150174
v -0.149627 0.108245 -0.150167
v -0.149443 0.108246 -0.150484
v -0.149571 0.108072 -0.150174
v -0.149443 0.108246 -0.150484
v -0.149401 0.108073 -0.150480
v -0.149627 0.108245 -0.150167
v -0.149719 0.108390 -0.150153
v -0.149501 0.108391 -0.150478
v -0.149627 0.108245 -0.150167
v -0.149501 0.108391 -0.150478
v -0.149443 0.108246 -0.150484
v -0.149394 0.107883 -0.150476
v -0.149401 0.108073 -0.150480
v -0.149142 0.108074 -0.150744
v -0.149394 0.107883 -0.150476
v -0.149142 0.108074 -0.150744
v -0.149108 0.107883 -0.150733
v -0.149401 0.108073 -0.150480
v -0.149443 0.108246 -0.150484
v -0.149179 0.108248 -0.150753
v -0.149401 0.108073 -0.150480
v -0.149179 0.108248 -0.150753
v -0.149142 0.108074 -0.150744
v -0.149443 0.108246 -0.150484
v -0.149501 0.108391 -0.150478
v -0.149217 0.108393 -0.150760
v -0.149443 0.108246 -0.150484
v -0.149217 0.108393 -0.150760
v -0.149179 0.108248 -0.150753
v 0.147805 -0.140803 0.149865
v 0.148282 -0.140751 0.149865
v 0.148301 -0.140689 0.150193
v 0.147805 -0.140803 0.149865
v 0.148301 -0.140689 0.150193
v 0.147805 -0.140751 0.150183
v 0.148282 -0.140751 0.149865
v 0.148727 -0.140597 0.149865
v 0.148729 -0.140533 0.150187
v 0.148282 -0.140751 0.149865
v 0.148729 -0.140533 0.150187
v 0.148301 -0.140689 0.150193
v 0.148727 -0.140597 0.149865
v 0.149108 -0.140353 0.149865
v 0.149064 -0.140317 0.150181
v 0.148727 -0.140597 0.149865
v 0.149064 -0.140317 0.150181
v 0.148729 -0.140533 0.150187
v 0.147805 -0.140751 0.150183
v 0.148301 -0.140689 0.150193
v 0.148291 -0.140532 0.150482
v 0.147805 -0.140751 0.150183
v 0.148291 -0.140532 0.150482
v 0.147805 -0.140597 0.150479
v 0.148301 -0.140689 0.150193
v 0.148729 -0.140533 0.150187
v 0.148683 -0.140402 0.150450
v 0.148301 -0.140689 0.150193
v 0.148683 -0.140402 0.150450
v 0.148291 -0.140532 0.150482
v 0.148729 -0.140533 0.150187
v 0.149064 -0.140317 0.150181
v 0.148965 -0.140234 0.150424
v 0.148729 -0.140533 0.150187
v 0.148965 -0.140234 0.150424
v 0.148683 -0.140402 0.150450
v 0.147805 -0.140597 0.150479
v 0.148291 -0.140532 0.150482
v 0.148279 -0.140316 0.150705
v 0.147805 -0.140597 0.150479
v 0.148279 -0.140316 0.150705
v 0.147805 -0.140353 0.150734
v 0.148291 -0.140532 0.150482
v 0.148683 -0.140402 0.150450
v 0.148644 -0.140234 0.150638
v 0.148291 -0.140532 0.150482
v 0.148644 -0.140234 0.150638
v 0.148279 -0.140316 0.150705
v 0.148683 -0.140402 0.150450
v 0.148965 -0.140234 0.150424
v 0.148869 -0.140154 0.150574
v 0.148683 -0.140402 0.150450
v 0.148869 -0.140154 0.150574
v 0.148644 -0.140234 0.150638
v 0.149648 -0.139267 0.149865
v 0.149585 -0.139267 0.150183
v 0.149511 -0.139677 0.150195
v 0.149648 -0.139267 0.149865
v 0.149511 -0.139677 0.150195
v 0.149585 -0.139665 0.149865
v 0.149585 -0.139267 0.150183
v 0.149401 -0.139267 0.150479
v 0.149324 -0.139670 0.150481
v 0.149585 -0.139267 0.150183
v 0.149324 -0.139670 0.150481
v 0.149511 -0.139677 0.150195
v 0.149401 -0.139267 0.150479
v 0.149108 -0.139267 0.150734
v 0.149065 -0.139662 0.150704
v 0.149401 -0.139267 0.150479
v 0.149065 -0.139662 0.150704
v 0.149324 -0.139670 0.150481
v 0.149585 -0.139665 0.149865
v 0.149511 -0.139677 0.150195
v 0.149323 -0.140038 0.150189
v 0.149585 -0.139665 0.149865
v 0.149323 -0.140038 0.150189
v 0.149401 -0.140035 0.149865
v 0.149511 -0.139677 0.150195
v 0.149324 -0.139670 0.150481
v 0.149167 -0.139999 0.150450
v 0.149511 -0.139677 0.150195
v 0.149167 -0.139999 0.150450
v 0.149323 -0.140038 0.150189
v 0.149324 -0.139670 0.150481
v 0.149065 -0.139662 0.150704
v 0.148965 -0.139967 0.150638
v 0.149324 -0.139670 0.150481
v 0.148965 -0.139967 0.150638
v 0.149167 -0.139999 0.150450
v 0.149401 -0.140035 0.149865
v 0.149323 -0.140038 0.150189
v 0.149064 -0.140317 0.150181
v 0.149401 -0.140035 0.149865
v 0.149064 -0.140317 0.150181
v 0.149108 -0.140353 0.149865
v 0.149323 -0.140038 0.150189
v 0.149167 -0.139999 0.150450
v 0.148965 -0.140234 0.150424
v 0.149323 -0.140038 0.150189
v 0.148965 -0.140234 0.150424
v 0.149064 -0.140317 0.150181
v 0.149167 -0.139999 0.150450
v 0.148965 -0.139967 0.150638
v 0.148869 -0.140154 0.150574
v 0.149167 -0.139999 0.150450
v 0.148869 -0.140154 0.150574
v 0.148965 -0.140234 0.150424
v 0.147805 -0.139267 0.151094
v 0.147805 -0.139665 0.151052
v 0.148297 -0.139680 0.151002
v 0.147805 -0.139267 0.151094
v 0.148297 -0.139680 0.151002
v 0.148282 -0.139267 0.151052
v 0.147805 -0.139665 0.151052
v 0.147805 -0.140035 0.150929
v 0.148289 -0.140038 0.150878
v 0.147805 -0.139665 0.151052
v 0.148289 -0.140038 0.150878
v 0.148297 -0.139680 0.151002
v 0.147805 -0.140035 0.150929
v 0.147805 -0.140353 0.150734
v 0.148279 -0.140316 0.150705
v 0.147805 -0.140035 0.150929
v 0.148279 -0.140316 0.150705
v 0.148289 -0.140038 0.150878
v 0.148282 -0.139267 0.151052
v 0.148297 -0.139680 0.151002
v 0.148730 -0.139673 0.150877
v 0.148282 -0.139267 0.151052
v 0.148730 -0.139673 0.150877
v 0.148727 -0.139267 0.150929
v 0.148297 -0.139680 0.151002
v 0.148289 -0.140038 0.150878
v 0.148683 -0.139999 0.150773
v 0.148297 -0.139680 0.151002
v 0.148683 -0.139999 0.150773
v 0.148730 -0.139673 0.150877
v 0.148289 -0.140038 0.150878
v 0.148279 -0.140316 0.150705
v 0.148644 -0.140234 0.150638
v 0.148289 -0.140038 0.150878
v 0.148644 -0.140234 0.150638
v 0.148683 -0.139999 0.150773
v 0.148727 -0.139267 0.150929
v 0.148730 -0.139673 0.150877
v 0.149065 -0.139662 0.150704
v 0.148727 -0.139267 0.150929
v 0.149065 -0.139662 0.150704
v 0.149108 -0.139267 0.150734
v 0.148730 -0.139673 0.150877
v 0.148683 -0.139999 0.150773
v 0.148965 -0.139967 0.150638
v 0.148730 -0.139673 0.150877
v 0.148965 -0.139967 0.150638
v 0.149065 -0.139662 0.150704
v 0.148683 -0.139999 0.150773
v 0.148644 -0.140234 0.150638
v 0.148869 -0.140154 0.150574
v 0.148683 -0.139999 0.150773
v 0.148869 -0.140154 0.150574
v 0.148965 -0.139967 0.150638
v 0.150520 0.108587 0.149744
v 0.150153 0.108594 0.150027
v 0.149985 0.108550 0.150084
v 0.150520 0.108587 0.149744
v 0.149985 0.108550 0.150084
v 0.150295 0.108565 0.149762
v 0.150153 0.108594 0.150027
v 0.149726 0.108600 0.150356
v 0.149640 0.108551 0.150412
v 0.150153 0.108594 0.150027
v 0.149640 0.108551 0.150412
v 0.149985 0.108550 0.150084
v 0.149726 0.108600 0.150356
v 0.149267 0.108603 0.150709
v 0.149258 0.108553 0.150733
v 0.149726 0.108600 0.150356
v 0.149258 0.108553 0.150733
v 0.149640 0.108551 0.150412
v 0.150295 0.108565 0.149762
v 0.149985 0.108550 0.150084
v 0.149841 0.108486 0.150125
v 0.150295 0.108565 0.149762
v 0.149841 0.108486 0.150125
v 0.150086 0.108498 0.149782
v 0.149985 0.108550 0.150084
v 0.149640 0.108551 0.150412
v 0.149565 0.108485 0.150454
v 0.149985 0.108550 0.150084
v 0.149565 0.108485 0.150454
v 0.149841 0.108486 0.150125
v 0.149640 0.108551 0.150412
v 0.149258 0.108553 0.150733
v 0.149242 0.108488 0.150752
v 0.149640 0.108551 0.150412
v 0.149242 0.108488 0.150752
v 0.149565 0.108485 0.150454
v 0.150086 0.108498 0.149782
v 0.149841 0.108486 0.150125
v 0.149720 0.108390 0.150153
v 0.150086 0.108498 0.149782
v 0.149720 0.108390 0.150153
v 0.149903 0.108390 0.149804
v 0.149841 0.108486 0.150125
v 0.149565 0.108485 0.150454
v 0.149501 0.108391 0.150479
v 0.149841 0.108486 0.150125
v 0.149501 0.108391 0.150479
v 0.149720 0.108390 0.150153
v 0.149565 0.108485 0.150454
v 0.149242 0.108488 0.150752
v 0.149218 0.108393 0.150761
v 0.149565 0.108485 0.150454
v 0.149218 0.108393 0.150761
v 0.149501 0.108391 0.150479
v 0.148015 0.108595 0.151675
v 0.147984 0.108571 0.151525
v 0.148408 0.108557 0.151284
v 0.148015 0.108595 0.151675
v 0.148408 0.108557 0.151284
v 0.148382 0.108600 0.151392
v 0.147984 0.108571 0.151525
v 0.147948 0.108502 0.151385
v 0.148404 0.108493 0.151200
v 0.147984 0.108571 0.151525
v 0.148404 0.108493 0.151200
v 0.148408 0.108557 0.151284
v 0.147948 0.108502 0.151385
v 0.147910 0.108393 0.151264
v 0.148383 0.108392 0.151130
v 0.147948 0.108502 0.151385
v 0.148383 0.108392 0.151130
v 0.148404 0.108493 0.151200
v 0.148382 0.108600 0.151392
v 0.148408 0.108557 0.151284
v 0.148838 0.108553 0.151022
v 0.148382 0.108600 0.151392
v 0.148838 0.108553 0.151022
v 0.148809 0.108603 0.151063
v 0.148408 0.108557 0.151284
v 0.148404 0.108493 0.151200
v 0.148844 0.108487 0.150994
v 0.148408 0.108557 0.151284
v 0.148844 0.108487 0.150994
v 0.148838 0.108553 0.151022
v 0.148404 0.108493 0.151200
v 0.148383 0.108392 0.151130
v 0.148830 0.108392 0.150969
v 0.148404 0.108493 0.151200
v 0.148830 0.108392 0.150969
v 0.148844 0.108487 0.150994
v 0.148809 0.108603 0.151063
v 0.148838 0.108553 0.151022
v 0.149258 0.108553 0.150733
v 0.148809 0.108603 0.151063
v 0.149258 0.108553 0.150733
v 0.149267 0.108603 0.150709
v 0.148838 0.108553 0.151022
v 0.148844 0.108487 0.150994
v 0.149242 0.108488 0.150752
v 0.148838 0.108553 0.151022
v 0.149242 0.108488 0.150752
v 0.149258 0.108553 0.150733
v 0.148844 0.108487 0.150994
v 0.148830 0.108392 0.150969
v 0.149218 0.108393 0.150761
v 0.148844 0.108487 0.150994
v 0.149218 0.108393 0.150761
v 0.149242 0.108488 0.150752
v 0.147805 0.107883 0.151094
v 0.148280 0.107883 0.151047
v 0.148319 0.108070 0.151049
v 0.147805 0.107883 0.151094
v 0.148319 0.108070 0.151049
v 0.147836 0.108070 0.151116
v 0.148280 0.107883 0.151047
v 0.148723 0.107883 0.150924
v 0.148765 0.108073 0.150929
v 0.148280 0.107883 0.151047
v 0.148765 0.108073 0.150929
v 0.148319 0.108070 0.151049
v 0.148723 0.107883 0.150924
v 0.149108 0.107883 0.150734
v 0.149143 0.108074 0.150745
v 0.148723 0.107883 0.150924
v 0.149143 0.108074 0.150745
v 0.148765 0.108073 0.150929
v 0.147836 0.108070 0.151116
v 0.148319 0.108070 0.151049
v 0.148355 0.108244 0.151077
v 0.147836 0.108070 0.151116
v 0.148355 0.108244 0.151077
v 0.147871 0.108243 0.151174
v 0.148319 0.108070 0.151049
v 0.148765 0.108073 0.150929
v 0.148801 0.108247 0.150942
v 0.148319 0.108070 0.151049
v 0.148801 0.108247 0.150942
v 0.148355 0.108244 0.151077
v 0.148765 0.108073 0.150929
v 0.149143 0.108074 0.150745
v 0.149180 0.108248 0.150754
v 0.148765 0.108073 0.150929
v 0.149180 0.108248 0.150754
v 0.148801 0.108247 0.150942
v 0.147871 0.108243 0.151174
v 0.148355 0.108244 0.151077
v 0.148383 0.108392 0.151130
v 0.147871 0.108243 0.151174
v 0.148383 0.108392 0.151130
v 0.147910 0.108393 0.151264
v 0.148355 0.108244 0.151077
v 0.148801 0.108247 0.150942
v 0.148830 0.108392 0.150969
v 0.148355 0.108244 0.151077
v 0.148830 0.108392 0.150969
v 0.148383 0.108392 0.151130
v 0.148801 0.108247 0.150942
v 0.149180 0.108248 0.150754
v 0.149218 0.108393 0.150761
v 0.148801 0.108247 0.150942
v 0.149218 0.108393 0.150761
v 0.148830 0.108392 0.150969
v 0.149648 0.107883 0.149865
v 0.149681 0.108070 0.149847
v 0.149572 0.108072 0.150174
v 0.149648 0.107883 0.149865
v 0.149572 0.108072 0.150174
v 0.149578 0.107883 0.150181
v 0.149681 0.108070 0.149847
v 0.149768 0.108242 0.149826
v 0.149628 0.108245 0.150168
v 0.149681 0.108070 0.149847
v 0.149628 0.108245 0.150168
v 0.149572 0.108072 0.150174
v 0.149768 0.108242 0.149826
v 0.149903 0.108390 0.149804
v 0.149720 0.108390 0.150153
v 0.149768 0.108242 0.149826
v 0.149720 0.108390 0.150153
v 0.149628 0.108245 0.150168
v 0.149578 0.107883 0.150181
v 0.149572 0.108072 0.150174
v 0.149402 0.108073 0.150481
v 0.149578 0.107883 0.150181
v 0.149402 0.108073 0.150481
v 0.149394 0.107883 0.150477
v 0.149572 0.108072 0.150174
v 0.149628 0.108245 0.150168
v 0.149443 0.108246 0.150484
v 0.149572 0.108072 0.150174
v 0.149443 0.108246 0.150484
v 0.149402 0.108073 0.150481
v 0.149628 0.108245 0.150168
v 0.149720 0.108390 0.150153
v 0.149501 0.108391 0.150479
v 0.149628 0.108245 0.150168
v 0.149501 0.108391 0.150479
v 0.149443 0.108246 0.150484
v 0.149394 0.107883 0.150477
v 0.149402 0.108073 0.150481
v 0.149143 0.108074 0.150745
v 0.149394 0.107883 0.150477
v 0.149143 0.108074 0.150745
v 0.149108 0.107883 0.150734
v 0.149402 0.108073 0.150481
v 0.149443 0.108246 0.150484
v 0.149180 0.108248 0.150754
v 0.149402 0.108073 0.150481
v 0.149180 0.108248 0.150754
v 0.149143 0.108074 0.150745
v 0.149443 0.108246 0.150484
v 0.149501 0.108391 0.150479
v 0.149218 0.108393 0.150761
v 0.149443 0.108246 0.150484
v 0.149218 0.108393 0.150761
v 0.149180 0.108248 0.150754
v 0.147805 -0.140803 -0.149864
v 0.147805 -0.140751 -0.150182
v 0.148297 -0.140689 -0.150195
v 0.147805 -0.140803 -0.149864
v 0.148297 -0.140689 -0.150195
v 0.148282 -0.140751 -0.149864
v 0.147805 -0.140751 -0.150182
v 0.147805 -0.140597 -0.150479
v 0.148289 -0.140533 -0.150481
v 0.147805 -0.140751 -0.150182
v 0.148289 -0.140533 -0.150481
v 0.148297 -0.140689 -0.150195
v 0.147805 -0.140597 -0.150479
v 0.147805 -0.140353 -0.150733
v 0.148279 -0.140317 -0.150704
v 0.147805 -0.140597 -0.150479
v 0.148279 -0.140317 -0.150704
v 0.148289 -0.140533 -0.150481
v 0.148282 -0.140751 -0.149864
v 0.148297 -0.140689 -0.150195
v 0.148730 -0.140532 -0.150189
v 0.148282 -0.140751 -0.149864
v 0.148730 -0.140532 -0.150189
v 0.148727 -0.140597 -0.149864
v 0.148297 -0.140689 -0.150195
v 0.148289 -0.140533 -0.150481
v 0.148683 -0.140402 -0.150450
v 0.148297 -0.140689 -0.150195
v 0.148683 -0.140402 -0.150450
v 0.148730 -0.140532 -0.150189
v 0.148289 -0.140533 -0.150481
v 0.148279 -0.140317 -0.150704
v 0.148644 -0.140234 -0.150638
v 0.148289 -0.140533 -0.150481
v 0.148644 -0.140234 -0.150638
v 0.148683 -0.140402 -0.150450
v 0.148727 -0.140597 -0.149864
v 0.148730 -0.140532 -0.150189
v 0.149065 -0.140316 -0.150180
v 0.148727 -0.140597 -0.149864
v 0.149065 -0.140316 -0.150180
v 0.149108 -0.140353 -0.149864
v 0.148730 -0.140532 -0.150189
v 0.148683 -0.140402 -0.150450
v 0.148965 -0.140234 -0.150424
v 0.148730 -0.140532 -0.150189
v 0.148965 -0.140234 -0.150424
v 0.149065 -0.140316 -0.150180
v 0.148683 -0.140402 -0.150450
v 0.148644 -0.140234 -0.150638
v 0.148869 -0.140154 -0.150574
v 0.148683 -0.140402 -0.150450
v 0.148869 -0.140154 -0.150574
v 0.148965 -0.140234 -0.150424
v 0.147805 -0.139267 -0.151093
v 0.148282 -0.139267 -0.151051
v 0.148301 -0.139677 -0.151001
v 0.147805 -0.139267 -0.151093
v 0.148301 -0.139677 -0.151001
v 0.147805 -0.139665 -0.151051
v 0.148282 -0.139267 -0.151051
v 0.148727 -0.139267 -0.150928
v 0.148729 -0.139670 -0.150877
v 0.148282 -0.139267 -0.151051
v 0.148729 -0.139670 -0.150877
v 0.148301 -0.139677 -0.151001
v 0.148727 -0.139267 -0.150928
v 0.149108 -0.139267 -0.150733
v 0.149064 -0.139662 -0.150704
v 0.148727 -0.139267 -0.150928
v 0.149064 -0.139662 -0.150704
v 0.148729 -0.139670 -0.150877
v 0.147805 -0.139665 -0.151051
v 0.148301 -0.139677 -0.151001
v 0.148291 -0.140038 -0.150876
v 0.147805 -0.139665 -0.151051
v 0.148291 -0.140038 -0.150876
v 0.147805 -0.140035 -0.150928
v 0.148301 -0.139677 -0.151001
v 0.148729 -0.139670 -0.150877
v 0.148683 -0.139999 -0.150772
v 0.148301 -0.139677 -0.151001
v 0.148683 -0.139999 -0.150772
v 0.148291 -0.140038 -0.150876
v 0.148729 -0.139670 -0.150877
v 0.149064 -0.139662 -0.150704
v 0.148965 -0.139967 -0.150638
v 0.148729 -0.139670 -0.150877
v 0.148965 -0.139967 -0.150638
v 0.148683 -0.139999 -0.150772
v 0.147805 -0.140035 -0.150928
v 0.148291 -0.140038 -0.150876
v 0.148279 -0.140317 -0.150704
v 0.147805 -0.140035 -0.150928
v 0.148279 -0.140317 -0.150704
v 0.147805 -0.140353 -0.150733
v 0.148291 -0.140038 -0.150876
v 0.148683 -0.139999 -0.150772
v 0.148644 -0.140234 -0.150638
v 0.148291 -0.140038 -0.150876
v 0.148644 -0.140234 -0.150638
v 0.148279 -0.140317 -0.150704
v 0.148683 -0.139999 -0.150772
v 0.148965 -0.139967 -0.150638
v 0.148869 -0.140154 -0.150574
v 0.148683 -0.139999 -0.150772
v 0.148869 -0.140154 -0.150574
v 0.148644 -0.140234 -0.150638
v 0.149648 -0.139267 -0.149864
v 0.149585 -0.139665 -0.149864
v 0.149511 -0.139680 -0.150192
v 0.149648 -0.139267 -0.149864
v 0.149511 -0.139680 -0.150192
v 0.149585 -0.139267 -0.150182
v 0.149585 -0.139665 -0.149864
v 0.149401 -0.140035 -0.149864
v 0.149324 -0.140038 -0.150187
v 0.149585 -0.139665 -0.149864
v 0.149324 -0.140038 -0.150187
v 0.149511 -0.139680 -0.150192
v 0.149401 -0.140035 -0.149864
v 0.149108 -0.140353 -0.149864
v 0.149065 -0.140316 -0.150180
v 0.149401 -0.140035 -0.149864
v 0.149065 -0.140316 -0.150180
v 0.149324 -0.140038 -0.150187
v 0.149585 -0.139267 -0.150182
v 0.149511 -0.139680 -0.150192
v 0.149323 -0.139673 -0.150481
v 0.149585 -0.139267 -0.150182
v 0.149323 -0.139673 -0.150481
v 0.149401 -0.139267 -0.150479
v 0.149511 -0.139680 -0.150192
v 0.149324 -0.140038 -0.150187
v 0.149167 -0.139999 -0.150450
v 0.149511 -0.139680 -0.150192
v 0.149167 -0.139999 -0.150450
v 0.149323 -0.139673 -0.150481
v 0.149324 -0.140038 -0.150187
v 0.149065 -0.140316 -0.150180
v 0.148965 -0.140234 -0.150424
v 0.149324 -0.140038 -0.150187
v 0.148965 -0.140234 -0.150424
v 0.149167 -0.139999 -0.150450
v 0.149401 -0.139267 -0.150479
v 0.149323 -0.139673 -0.150481
v 0.149064 -0.139662 -0.150704
v 0.149401 -0.139267 -0.150479
v 0.149064 -0.139662 -0.150704
v 0.149108 -0.139267 -0.150733
v 0.149323 -0.139673 -0.150481
v 0.149167 -0.139999 -0.150450
v 0.148965 -0.139967 -0.150638
v 0.149323 -0.139673 -0.150481
v 0.148965 -0.139967 -0.150638
v 0.149064 -0.139662 -0.150704
v 0.149167 -0.139999 -0.150450
v 0.148965 -0.140234 -0.150424
v 0.148869 -0.140154 -0.150574
v 0.149167 -0.139999 -0.150450
v 0.148869 -0.140154 -0.150574
v 0.148965 -0.139967 -0.150638
v 0.148015 0.108595 -0.151674
v 0.148382 0.108600 -0.151392
v 0.148404 0.108554 -0.151288
v 0.148015 0.108595 -0.151674
v 0.148404 0.108554 -0.151288
v 0.147984 0.108571 -0.151525
v 0.148382 0.108600 -0.151392
v 0.148809 0.108603 -0.151062
v 0.148834 0.108553 -0.151025
v 0.148382 0.108600 -0.151392
v 0.148834 0.108553 -0.151025
v 0.148404 0.108554 -0.151288
v 0.148809 0.108603 -0.151062
v 0.149267 0.108603 -0.150709
v 0.149256 0.108553 -0.150733
v 0.148809 0.108603 -0.151062
v 0.149256 0.108553 -0.150733
v 0.148834 0.108553 -0.151025
v 0.147984 0.108571 -0.151525
v 0.148404 0.108554 -0.151288
v 0.148403 0.108489 -0.151201
v 0.147984 0.108571 -0.151525
v 0.148403 0.108489 -0.151201
v 0.147948 0.108502 -0.151385
v 0.148404 0.108554 -0.151288
v 0.148834 0.108553 -0.151025
v 0.148843 0.108487 -0.150994
v 0.148404 0.108554 -0.151288
v 0.148843 0.108487 -0.150994
v 0.148403 0.108489 -0.151201
v 0.148834 0.108553 -0.151025
v 0.149256 0.108553 -0.150733
v 0.149242 0.108488 -0.150752
v 0.148834 0.108553 -0.151025
v 0.149242 0.108488 -0.150752
v 0.148843 0.108487 -0.150994
v 0.147948 0.108502 -0.151385
v 0.148403 0.108489 -0.151201
v 0.148387 0.108391 -0.151128
v 0.147948 0.108502 -0.151385
v 0.148387 0.108391 -0.151128
v 0.147910 0.108393 -0.151263
v 0.148403 0.108489 -0.151201
v 0.148843 0.108487 -0.150994
v 0.148832 0.108392 -0.150968
v 0.148403 0.108489 -0.151201
v 0.148832 0.108392 -0.150968
v 0.148387 0.108391 -0.151128
v 0.148843 0.108487 -0.150994
v 0.149242 0.108488 -0.150752
v 0.149218 0.108393 -0.150760
v 0.148843 0.108487 -0.150994
v 0.149218 0.108393 -0.150760
v 0.148832 0.108392 -0.150968
v 0.150520 0.108587 -0.149743
v 0.150295 0.108565 -0.149761
v 0.149979 0.108553 -0.150086
v 0.150520 0.108587 -0.149743
v 0.149979 0.108553 -0.150086
v 0.150153 0.108594 -0.150026
v 0.150295 0.108565 -0.149761
v 0.150086 0.108498 -0.149782
v 0.149839 0.108490 -0.150124
v 0.150295 0.108565 -0.149761
v 0.149839 0.108490 -0.150124
v 0.149979 0.108553 -0.150086
v 0.150086 0.108498 -0.149782
v 0.149903 0.108390 -0.149804
v 0.149722 0.108390 -0.150150
v 0.150086 0.108498 -0.149782
v 0.149722 0.108390 -0.150150
v 0.149839 0.108490 -0.150124
v 0.150153 0.108594 -0.150026
v 0.149979 0.108553 -0.150086
v 0.149636 0.108551 -0.150414
v 0.150153 0.108594 -0.150026
v 0.149636 0.108551 -0.150414
v 0.149726 0.108600 -0.150356
v 0.149979 0.108553 -0.150086
v 0.149839 0.108490 -0.150124
v 0.149565 0.108486 -0.150454
v 0.149979 0.108553 -0.150086
v 0.149565 0.108486 -0.150454
v 0.149636 0.108551 -0.150414
v 0.149839 0.108490 -0.150124
v 0.149722 0.108390 -0.150150
v 0.149502 0.108391 -0.150477
v 0.149839 0.108490 -0.150124
v 0.149502 0.108391 -0.150477
v 0.149565 0.108486 -0.150454
v 0.149726 0.108600 -0.150356
v 0.149636 0.108551 -0.150414
v 0.149256 0.108553 -0.150733
v 0.149726 0.108600 -0.150356
v 0.149256 0.108553 -0.150733
v 0.149267 0.108603 -0.150709
v 0.149636 0.108551 -0.150414
v 0.149565 0.108486 -0.150454
v 0.149242 0.108488 -0.150752
v 0.149636 0.108551 -0.150414
v 0.149242 0.108488 -0.150752
v 0.149256 0.108553 -0.150733
v 0.149565 0.108486 -0.150454
v 0.149502 0.108391 -0.150477
v 0.149218 0.108393 -0.150760
v 0.149565 0.108486 -0.150454
v 0.149218 0.108393 -0.150760
v 0.149242 0.108488 -0.150752
v 0.149648 0.107883 -0.149864
v 0.149578 0.107883 -0.150181
v 0.149586 0.108070 -0.150176
v 0.149648 0.107883 -0.149864
v 0.149586 0.108070 -0.150176
v 0.149681 0.108070 -0.149846
v 0.149578 0.107883 -0.150181
v 0.149394 0.107883 -0.150476
v 0.149411 0.108073 -0.150483
v 0.149578 0.107883 -0.150181
v 0.149411 0.108073 -0.150483
v 0.149586 0.108070 -0.150176
v 0.149394 0.107883 -0.150476
v 0.149108 0.107883 -0.150733
v 0.149144 0.108074 -0.150743
v 0.149394 0.107883 -0.150476
v 0.149144 0.108074 -0.150743
v 0.149411 0.108073 -0.150483
v 0.149681 0.108070 -0.149846
v 0.149586 0.108070 -0.150176
v 0.149633 0.108243 -0.150167
v 0.149681 0.108070 -0.149846
v 0.149633 0.108243 -0.150167
v 0.149768 0.108242 -0.149826
v 0.149586 0.108070 -0.150176
v 0.149411 0.108073 -0.150483
v 0.149445 0.108246 -0.150484
v 0.149586 0.108070 -0.150176
v 0.149445 0.108246 -0.150484
v 0.149633 0.108243 -0.150167
v 0.149411 0.108073 -0.150483
v 0.149144 0.108074 -0.150743
v 0.149180 0.108248 -0.150753
v 0.149411 0.108073 -0.150483
v 0.149180 0.108248 -0.150753
v 0.149445 0.108246 -0.150484
v 0.149768 0.108242 -0.149826
v 0.149633 0.108243 -0.150167
v 0.149722 0.108390 -0.150150
v 0.149768 0.108242 -0.149826
v 0.149722 0.108390 -0.150150
v 0.149903 0.108390 -0.149804
v 0.149633 0.108243 -0.150167
v 0.149445 0.108246 -0.150484
v 0.149502 0.108391 -0.150477
v 0.149633 0.108243 -0.150167
v 0.149502 0.108391 -0.150477
v 0.149722 0.108390 -0.150150
v 0.149445 0.108246 -0.150484
v 0.149180 0.108248 -0.150753
v 0.149218 0.108393 -0.150760
v 0.149445 0.108246 -0.150484
v 0.149218 0.108393 -0.150760
v 0.149502 0.108391 -0.150477
v 0.147805 0.107883 -0.151093
v 0.147836 0.108070 -0.151115
v 0.148315 0.108072 -0.151039
v 0.147805 0.107883 -0.151093
v 0.148315 0.108072 -0.151039
v 0.148280 0.107883 -0.151046
v 0.147836 0.108070 -0.151115
v 0.147871 0.108243 -0.151173
v 0.148354 0.108245 -0.151073
v 0.147836 0.108070 -0.151115
v 0.148354 0.108245 -0.151073
v 0.148315 0.108072 -0.151039
v 0.147871 0.108243 -0.151173
v 0.147910 0.108393 -0.151263
v 0.148387 0.108391 -0.151128
v 0.147871 0.108243 -0.151173
v 0.148387 0.108391 -0.151128
v 0.148354 0.108245 -0.151073
v 0.148280 0.107883 -0.151046
v 0.148315 0.108072 -0.151039
v 0.148761 0.108073 -0.150922
v 0.148280 0.107883 -0.151046
v 0.148761 0.108073 -0.150922
v 0.148723 0.107883 -0.150924
v 0.148315 0.108072 -0.151039
v 0.148354 0.108245 -0.151073
v 0.148801 0.108247 -0.150941
v 0.148315 0.108072 -0.151039
v 0.148801 0.108247 -0.150941
v 0.148761 0.108073 -0.150922
v 0.148354 0.108245 -0.151073
v 0.148387 0.108391 -0.151128
v 0.148832 0.108392 -0.150968
v 0.148354 0.108245 -0.151073
v 0.148832 0.108392 -0.150968
v 0.148801 0.108247 -0.150941
v 0.148723 0.107883 -0.150924
v 0.148761 0.108073 -0.150922
v 0.149144 0.108074 -0.150743
v 0.148723 0.107883 -0.150924
v 0.149144 0.108074 -0.150743
v 0.149108 0.107883 -0.150733
v 0.148761 0.108073 -0.150922
v 0.148801 0.108247 -0.150941
v 0.149180 0.108248 -0.150753
v 0.148761 0.108073 -0.150922
v 0.149180 0.108248 -0.150753
v 0.149144 0.108074 -0.150743
v 0.148801 0.108247 -0.150941
v 0.148832 0.108392 -0.150968
v 0.149218 0.108393 -0.150760
v 0.148801 0.108247 -0.150941
v 0.149218 0.108393 -0.150760
v 0.149180 0.108248 -0.150753
v -0.150937 0.108517 0.154626
v -0.151170 0.108567 0.154942
v -0.151661 0.108604 0.154780
v -0.150937 0.108517 0.154626
v -0.151661 0.108604 0.154780
v -0.151335 0.108521 0.154521
v -0.151170 0.108567 0.154942
v -0.151439 0.108712 0.155237
v -0.151988 0.108737 0.155082
v -0.151170 0.108567 0.154942
v -0.151988 0.108737 0.155082
v -0.151661 0.108604 0.154780
v -0.151439 0.108712 0.155237
v -0.151728 0.108944 0.155494
v -0.152296 0.108947 0.155352
v -0.151439 0.108712 0.155237
v -0.152296 0.108947 0.155352
v -0.151988 0.108737 0.155082
v -0.151335 0.108521 0.154521
v -0.151661 0.108604 0.154780
v -0.152116 0.108620 0.154539
v -0.151335 0.108521 0.154521
v -0.152116 0.108620 0.154539
v -0.151717 0.108525 0.154240
v -0.151661 0.108604 0.154780
v -0.151988 0.108737 0.155082
v -0.152495 0.108752 0.154862
v -0.151661 0.108604 0.154780
v -0.152495 0.108752 0.154862
v -0.152116 0.108620 0.154539
v -0.151988 0.108737 0.155082
v -0.152296 0.108947 0.155352
v -0.152826 0.108949 0.155156
v -0.151988 0.108737 0.155082
v -0.152826 0.108949 0.155156
v -0.152495 0.108752 0.154862
v -0.151717 0.108525 0.154240
v -0.152116 0.108620 0.154539
v -0.152498 0.108623 0.154165
v -0.151717 0.108525 0.154240
v -0.152498 0.108623 0.154165
v -0.152055 0.108529 0.153789
v -0.152116 0.108620 0.154539
v -0.152495 0.108752 0.154862
v -0.152911 0.108753 0.154529
v -0.152116 0.108620 0.154539
v -0.152911 0.108753 0.154529
v -0.152498 0.108623 0.154165
v -0.152495 0.108752 0.154862
v -0.152826 0.108949 0.155156
v -0.153265 0.108947 0.154858
v -0.152495 0.108752 0.154862
v -0.153265 0.108947 0.154858
v -0.152911 0.108753 0.154529
v -0.152519 0.110021 0.155854
v -0.152994 0.110021 0.155807
v -0.152793 0.109626 0.155681
v -0.152519 0.110021 0.155854
v -0.152793 0.109626 0.155681
v -0.152286 0.109627 0.155807
v -0.152994 0.110021 0.155807
v -0.153437 0.110021 0.155685
v -0.153273 0.109621 0.155533
v -0.152994 0.110021 0.155807
v -0.153273 0.109621 0.155533
v -0.152793 0.109626 0.155681
v -0.153437 0.110021 0.155685
v -0.153823 0.110021 0.155494
v -0.153677 0.109619 0.155312
v -0.153437 0.110021 0.155685
v -0.153677 0.109619 0.155312
v -0.153273 0.109621 0.155533
v -0.152286 0.109627 0.155807
v -0.152793 0.109626 0.155681
v -0.152568 0.109259 0.155537
v -0.152286 0.109627 0.155807
v -0.152568 0.109259 0.155537
v -0.152017 0.109261 0.155685
v -0.152793 0.109626 0.155681
v -0.153273 0.109621 0.155533
v -0.153079 0.109254 0.155362
v -0.152793 0.109626 0.155681
v -0.153079 0.109254 0.155362
v -0.152568 0.109259 0.155537
v -0.153273 0.109621 0.155533
v -0.153677 0.109619 0.155312
v -0.153501 0.109251 0.155106
v -0.153273 0.109621 0.155533
v -0.153501 0.109251 0.155106
v -0.153079 0.109254 0.155362
v -0.152017 0.109261 0.155685
v -0.152568 0.109259 0.155537
v -0.152296 0.108947 0.155352
v -0.152017 0.109261 0.155685
v -0.152296 0.108947 0.155352
v -0.151728 0.108944 0.155494
v -0.152568 0.109259 0.155537
v -0.153079 0.109254 0.155362
v -0.152826 0.108949 0.155156
v -0.152568 0.109259 0.155537
v -0.152826 0.108949 0.155156
v -0.152296 0.108947 0.155352
v -0.153079 0.109254 0.155362
v -0.153501 0.109251 0.155106
v -0.153265 0.108947 0.154858
v -0.153079 0.109254 0.155362
v -0.153265 0.108947 0.154858
v -0.152826 0.108949 0.155156
v -0.154363 0.110021 0.154625
v -0.154293 0.109629 0.154205
v -0.154133 0.109625 0.154599
v -0.154363 0.110021 0.154625
v -0.154133 0.109625 0.154599
v -0.154292 0.110021 0.154942
v -0.154293 0.109629 0.154205
v -0.154110 0.109264 0.153718
v -0.153957 0.109258 0.154229
v -0.154293 0.109629 0.154205
v -0.153957 0.109258 0.154229
v -0.154133 0.109625 0.154599
v -0.154110 0.109264 0.153718
v -0.153823 0.108949 0.153195
v -0.153699 0.108952 0.153822
v -0.154110 0.109264 0.153718
v -0.153699 0.108952 0.153822
v -0.153957 0.109258 0.154229
v -0.154292 0.110021 0.154942
v -0.154133 0.109625 0.154599
v -0.153943 0.109623 0.154981
v -0.154292 0.110021 0.154942
v -0.153943 0.109623 0.154981
v -0.154109 0.110021 0.155237
v -0.154133 0.109625 0.154599
v -0.153957 0.109258 0.154229
v -0.153766 0.109255 0.154705
v -0.154133 0.109625 0.154599
v -0.153766 0.109255 0.154705
v -0.153943 0.109623 0.154981
v -0.153957 0.109258 0.154229
v -0.153699 0.108952 0.153822
v -0.153526 0.108951 0.154391
v -0.153957 0.109258 0.154229
v -0.153526 0.108951 0.154391
v -0.153766 0.109255 0.154705
v -0.154109 0.110021 0.155237
v -0.153943 0.109623 0.154981
v -0.153677 0.109619 0.155312
v -0.154109 0.110021 0.155237
v -0.153677 0.109619 0.155312
v -0.153823 0.110021 0.155494
v -0.153943 0.109623 0.154981
v -0.153766 0.109255 0.154705
v -0.153501 0.109251 0.155106
v -0.153943 0.109623 0.154981
v -0.153501 0.109251 0.155106
v -0.153677 0.109619 0.155312
v -0.153766 0.109255 0.154705
v -0.153526 0.108951 0.154391
v -0.153265 0.108947 0.154858
v -0.153766 0.109255 0.154705
v -0.153265 0.108947 0.154858
v -0.153501 0.109251 0.155106
v -0.152520 0.108533 0.151764
v -0.152459 0.108533 0.152505
v -0.152894 0.108620 0.152943
v -0.152520 0.108533 0.151764
v -0.152894 0.108620 0.152943
v -0.152992 0.108579 0.152185
v -0.152459 0.108533 0.152505
v -0.152300 0.108531 0.153195
v -0.152742 0.108625 0.153616
v -0.152459 0.108533 0.152505
v -0.152742 0.108625 0.153616
v -0.152894 0.108620 0.152943
v -0.152300 0.108531 0.153195
v -0.152055 0.108529 0.153789
v -0.152498 0.108623 0.154165
v -0.152300 0.108531 0.153195
v -0.152498 0.108623 0.154165
v -0.152742 0.108625 0.153616
v -0.152992 0.108579 0.152185
v -0.152894 0.108620 0.152943
v -0.153321 0.108751 0.153386
v -0.152992 0.108579 0.152185
v -0.153321 0.108751 0.153386
v -0.153436 0.108720 0.152672
v -0.152894 0.108620 0.152943
v -0.152742 0.108625 0.153616
v -0.153161 0.108756 0.154020
v -0.152894 0.108620 0.152943
v -0.153161 0.108756 0.154020
v -0.153321 0.108751 0.153386
v -0.152742 0.108625 0.153616
v -0.152498 0.108623 0.154165
v -0.152911 0.108753 0.154529
v -0.152742 0.108625 0.153616
v -0.152911 0.108753 0.154529
v -0.153161 0.108756 0.154020
v -0.153436 0.108720 0.152672
v -0.153321 0.108751 0.153386
v -0.153699 0.108952 0.153822
v -0.153436 0.108720 0.152672
v -0.153699 0.108952 0.153822
v -0.153823 0.108949 0.153195
v -0.153321 0.108751 0.153386
v -0.153161 0.108756 0.154020
v -0.153526 0.108951 0.154391
v -0.153321 0.108751 0.153386
v -0.153526 0.108951 0.154391
v -0.153699 0.108952 0.153822
v -0.153161 0.108756 0.154020
v -0.152911 0.108753 0.154529
v -0.153265 0.108947 0.154858
v -0.153161 0.108756 0.154020
v -0.153265 0.108947 0.154858
v -0.153526 0.108951 0.154391
v -0.150937 0.108517 -0.154625
v -0.151335 0.108517 -0.154521
v -0.151667 0.108610 -0.154791
v -0.150937 0.108517 -0.154625
v -0.151667 0.108610 -0.154791
v -0.151170 0.108567 -0.154941
v -0.151335 0.108517 -0.154521
v -0.151717 0.108519 -0.154239
v -0.152120 0.108617 -0.154553
v -0.151335 0.108517 -0.154521
v -0.152120 0.108617 -0.154553
v -0.151667 0.108610 -0.154791
v -0.151717 0.108519 -0.154239
v -0.152055 0.108522 -0.153789
v -0.152498 0.108619 -0.154168
v -0.151717 0.108519 -0.154239
v -0.152498 0.108619 -0.154168
v -0.152120 0.108617 -0.154553
v -0.151170 0.108567 -0.154941
v -0.151667 0.108610 -0.154791
v -0.151991 0.108744 -0.155080
v -0.151170 0.108567 -0.154941
v -0.151991 0.108744 -0.155080
v -0.151439 0.108712 -0.155236
v -0.151667 0.108610 -0.154791
v -0.152120 0.108617 -0.154553
v -0.152496 0.108751 -0.154863
v -0.151667 0.108610 -0.154791
v -0.152496 0.108751 -0.154863
v -0.151991 0.108744 -0.155080
v -0.152120 0.108617 -0.154553
v -0.152498 0.108619 -0.154168
v -0.152912 0.108750 -0.154530
v -0.152120 0.108617 -0.154553
v -0.152912 0.108750 -0.154530
v -0.152496 0.108751 -0.154863
v -0.151439 0.108712 -0.155236
v -0.151991 0.108744 -0.155080
v -0.152310 0.108948 -0.155348
v -0.151439 0.108712 -0.155236
v -0.152310 0.108948 -0.155348
v -0.151728 0.108944 -0.155494
v -0.151991 0.108744 -0.155080
v -0.152496 0.108751 -0.154863
v -0.152837 0.108949 -0.155151
v -0.151991 0.108744 -0.155080
v -0.152837 0.108949 -0.155151
v -0.152310 0.108948 -0.155348
v -0.152496 0.108751 -0.154863
v -0.152912 0.108750 -0.154530
v -0.153265 0.108946 -0.154857
v -0.152496 0.108751 -0.154863
v -0.153265 0.108946 -0.154857
v -0.152837 0.108949 -0.155151
v -0.152520 0.108533 -0.151764
v -0.152992 0.108579 -0.152184
v -0.152890 0.108610 -0.152932
v -0.152520 0.108533 -0.151764
v -0.152890 0.108610 -0.152932
v -0.152459 0.108529 -0.152505
v -0.152992 0.108579 -0.152184
v -0.153436 0.108720 -0.152671
v -0.153324 0.108741 -0.153380
v -0.152992 0.108579 -0.152184
v -0.153324 0.108741 -0.153380
v -0.152890 0.108610 -0.152932
v -0.153436 0.108720 -0.152671
v -0.153823 0.108949 -0.153194
v -0.153697 0.108950 -0.153822
v -0.153436 0.108720 -0.152671
v -0.153697 0.108950 -0.153822
v -0.153324 0.108741 -0.153380
v -0.152459 0.108529 -0.152505
v -0.152890 0.108610 -0.152932
v -0.152735 0.108621 -0.153608
v -0.152459 0.108529 -0.152505
v -0.152735 0.108621 -0.153608
v -0.152300 0.108525 -0.153195
v -0.152890 0.108610 -0.152932
v -0.153324 0.108741 -0.153380
v -0.153161 0.108753 -0.154018
v -0.152890 0.108610 -0.152932
v -0.153161 0.108753 -0.154018
v -0.152735 0.108621 -0.153608
v -0.153324 0.108741 -0.153380
v -0.153697 0.108950 -0.153822
v -0.153524 0.108950 -0.154395
v -0.153324 0.108741 -0.153380
v -0.153524 0.108950 -0.154395
v -0.153161 0.108753 -0.154018
v -0.152300 0.108525 -0.153195
v -0.152735 0.108621 -0.153608
v -0.152498 0.108619 -0.154168
v -0.152300 0.108525 -0.153195
v -0.152498 0.108619 -0.154168
v -0.152055 0.108522 -0.153789
v -0.152735 0.108621 -0.153608
v -0.153161 0.108753 -0.154018
v -0.152912 0.108750 -0.154530
v -0.152735 0.108621 -0.153608
v -0.152912 0.108750 -0.154530
v -0.152498 0.108619 -0.154168
v -0.153161 0.108753 -0.154018
v -0.153524 0.108950 -0.154395
v -0.153265 0.108946 -0.154857
v -0.153161 0.108753 -0.154018
v -0.153265 0.108946 -0.154857
v -0.152912 0.108750 -0.154530
v -0.154363 0.110021 -0.154625
v -0.154292 0.110021 -0.154941
v -0.154133 0.109629 -0.154597
v -0.154363 0.110021 -0.154625
v -0.154133 0.109629 -0.154597
v -0.154293 0.109629 -0.154204
v -0.154292 0.110021 -0.154941
v -0.154109 0.110021 -0.155237
v -0.153952 0.109623 -0.154983
v -0.154292 0.110021 -0.154941
v -0.153952 0.109623 -0.154983
v -0.154133 0.109629 -0.154597
v -0.154109 0.110021 -0.155237
v -0.153823 0.110021 -0.155494
v -0.153679 0.109620 -0.155312
v -0.154109 0.110021 -0.155237
v -0.153679 0.109620 -0.155312
v -0.153952 0.109623 -0.154983
v -0.154293 0.109629 -0.154204
v -0.154133 0.109629 -0.154597
v -0.153948 0.109262 -0.154225
v -0.154293 0.109629 -0.154204
v -0.153948 0.109262 -0.154225
v -0.154110 0.109264 -0.153717
v -0.154133 0.109629 -0.154597
v -0.153952 0.109623 -0.154983
v -0.153766 0.109255 -0.154705
v -0.154133 0.109629 -0.154597
v -0.153766 0.109255 -0.154705
v -0.153948 0.109262 -0.154225
v -0.153952 0.109623 -0.154983
v -0.153679 0.109620 -0.155312
v -0.153502 0.109251 -0.155106
v -0.153952 0.109623 -0.154983
v -0.153502 0.109251 -0.155106
v -0.153766 0.109255 -0.154705
v -0.154110 0.109264 -0.153717
v -0.153948 0.109262 -0.154225
v -0.153697 0.108950 -0.153822
v -0.154110 0.109264 -0.153717
v -0.153697 0.108950 -0.153822
v -0.153823 0.108949 -0.153194
v -0.153948 0.109262 -0.154225
v -0.153766 0.109255 -0.154705
v -0.153524 0.108950 -0.154395
v -0.153948 0.109262 -0.154225
v -0.153524 0.108950 -0.154395
v -0.153697 0.108950 -0.153822
v -0.153766 0.109255 -0.154705
v -0.153502 0.109251 -0.155106
v -0.153265 0.108946 -0.154857
v -0.153766 0.109255 -0.154705
v -0.153265 0.108946 -0.154857
v -0.153524 0.108950 -0.154395
v -0.152519 0.110021 -0.155854
v -0.152286 0.109627 -0.155807
v -0.152791 0.109623 -0.155680
v -0.152519 0.110021 -0.155854
v -0.152791 0.109623 -0.155680
v -0.152994 0.110021 -0.155807
v -0.152286 0.109627 -0.155807
v -0.152017 0.109260 -0.155685
v -0.152570 0.109256 -0.155542
v -0.152286 0.109627 -0.155807
v -0.152570 0.109256 -0.155542
v -0.152791 0.109623 -0.155680
v -0.152017 0.109260 -0.155685
v -0.151728 0.108944 -0.155494
v -0.152310 0.108948 -0.155348
v -0.152017 0.109260 -0.155685
v -0.152310 0.108948 -0.155348
v -0.152570 0.109256 -0.155542
v -0.152994 0.110021 -0.155807
v -0.152791 0.109623 -0.155680
v -0.153270 0.109620 -0.155527
v -0.152994 0.110021 -0.155807
v -0.153270 0.109620 -0.155527
v -0.153437 0.110021 -0.155684
v -0.152791 0.109623 -0.155680
v -0.152570 0.109256 -0.155542
v -0.153079 0.109253 -0.155361
v -0.152791 0.109623 -0.155680
v -0.153079 0.109253 -0.155361
v -0.153270 0.109620 -0.155527
v -0.152570 0.109256 -0.155542
v -0.152310 0.108948 -0.155348
v -0.152837 0.108949 -0.155151
v -0.152570 0.109256 -0.155542
v -0.152837 0.108949 -0.155151
v -0.153079 0.109253 -0.155361
v -0.153437 0.110021 -0.155684
v -0.153270 0.109620 -0.155527
v -0.153679 0.109620 -0.155312
v -0.153437 0.110021 -0.155684
v -0.153679 0.109620 -0.155312
v -0.153823 0.110021 -0.155494
v -0.153270 0.109620 -0.155527
v -0.153079 0.109253 -0.155361
v -0.153502 0.109251 -0.155106
v -0.153270 0.109620 -0.155527
v -0.153502 0.109251 -0.155106
v -0.153679 0.109620 -0.155312
v -0.153079 0.109253 -0.155361
v -0.152837 0.108949 -0.155151
v -0.153265 0.108946 -0.154857
v -0.153079 0.109253 -0.155361
v -0.153265 0.108946 -0.154857
v -0.153502 0.109251 -0.155106
v 0.152521 0.108533 -0.151764
v 0.152460 0.108533 -0.152505
v 0.152894 0.108620 -0.152943
v 0.152521 0.108533 -0.151764
v 0.152894 0.108620 -0.152943
v 0.152992 0.108579 -0.152184
v 0.152460 0.108533 -0.152505
v 0.152301 0.108531 -0.153195
v 0.152743 0.108625 -0.153615
v 0.152460 0.108533 -0.152505
v 0.152743 0.108625 -0.153615
v 0.152894 0.108620 -0.152943
v 0.152301 0.108531 -0.153195
v 0.152056 0.108529 -0.153789
v 0.152498 0.108623 -0.154164
v 0.152301 0.108531 -0.153195
v 0.152498 0.108623 -0.154164
v 0.152743 0.108625 -0.153615
v 0.152992 0.108579 -0.152184
v 0.152894 0.108620 -0.152943
v 0.153322 0.108751 -0.153385
v 0.152992 0.108579 -0.152184
v 0.153322 0.108751 -0.153385
v 0.153437 0.108720 -0.152671
v 0.152894 0.108620 -0.152943
v 0.152743 0.108625 -0.153615
v 0.153162 0.108756 -0.154019
v 0.152894 0.108620 -0.152943
v 0.153162 0.108756 -0.154019
v 0.153322 0.108751 -0.153385
v 0.152743 0.108625 -0.153615
v 0.152498 0.108623 -0.154164
v 0.152911 0.108752 -0.154528
v 0.152743 0.108625 -0.153615
v 0.152911 0.108752 -0.154528
v 0.153162 0.108756 -0.154019
v 0.153437 0.108720 -0.152671
v 0.153322 0.108751 -0.153385
v 0.153699 0.108952 -0.153821
v 0.153437 0.108720 -0.152671
v 0.153699 0.108952 -0.153821
v 0.153823 0.108949 -0.153194
v 0.153322 0.108751 -0.153385
v 0.153162 0.108756 -0.154019
v 0.153527 0.108951 -0.154390
v 0.153322 0.108751 -0.153385
v 0.153527 0.108951 -0.154390
v 0.153699 0.108952 -0.153821
v 0.153162 0.108756 -0.154019
v 0.152911 0.108752 -0.154528
v 0.153266 0.108947 -0.154857
v 0.153162 0.108756 -0.154019
v 0.153266 0.108947 -0.154857
v 0.153527 0.108951 -0.154390
v 0.150937 0.108517 -0.154625
v 0.151171 0.108567 -0.154941
v 0.151661 0.108603 -0.154779
v 0.150937 0.108517 -0.154625
v 0.151661 0.108603 -0.154779
v 0.151336 0.108521 -0.154521
v 0.151171 0.108567 -0.154941
v 0.151440 0.108712 -0.155236
v 0.151988 0.108737 -0.155081
v 0.151171 0.108567 -0.154941
v 0.151988 0.108737 -0.155081
v 0.151661 0.108603 -0.154779
v 0.151440 0.108712 -0.155236
v 0.151729 0.108944 -0.155494
v 0.152296 0.108947 -0.155351
v 0.151440 0.108712 -0.155236
v 0.152296 0.108947 -0.155351
v 0.151988 0.108737 -0.155081
v 0.151336 0.108521 -0.154521
v 0.151661 0.108603 -0.154779
v 0.152116 0.108620 -0.154538
v 0.151336 0.108521 -0.154521
v 0.152116 0.108620 -0.154538
v 0.151717 0.108525 -0.154239
v 0.151661 0.108603 -0.154779
v 0.151988 0.108737 -0.155081
v 0.152496 0.108752 -0.154862
v 0.151661 0.108603 -0.154779
v 0.152496 0.108752 -0.154862
v 0.152116 0.108620 -0.154538
v 0.151988 0.108737 -0.155081
v 0.152296 0.108947 -0.155351
v 0.152826 0.108949 -0.155156
v 0.151988 0.108737 -0.155081
v 0.152826 0.108949 -0.155156
v 0.152496 0.108752 -0.154862
v 0.151717 0.108525 -0.154239
v 0.152116 0.108620 -0.154538
v 0.152498 0.108623 -0.154164
v 0.151717 0.108525 -0.154239
v 0.152498 0.108623 -0.154164
v 0.152056 0.108529 -0.153789
v 0.152116 0.108620 -0.154538
v 0.152496 0.108752 -0.154862
v 0.152911 0.108752 -0.154528
v 0.152116 0.108620 -0.154538
v 0.152911 0.108752 -0.154528
v 0.152498 0.108623 -0.154164
v 0.152496 0.108752 -0.154862
v 0.152826 0.108949 -0.155156
v 0.153266 0.108947 -0.154857
v 0.152496 0.108752 -0.154862
v 0.153266 0.108947 -0.154857
v 0.152911 0.108752 -0.154528
v 0.152520 0.110021 -0.155854
v 0.152995 0.110021 -0.155807
v 0.152793 0.109626 -0.155680
v 0.152520 0.110021 -0.155854
v 0.152793 0.109626 -0.155680
v 0.152286 0.109627 -0.155807
v 0.152995 0.110021 -0.155807
v 0.153438 0.110021 -0.155684
v 0.153274 0.109621 -0.155533
v 0.152995 0.110021 -0.155807
v 0.153274 0.109621 -0.155533
v 0.152793 0.109626 -0.155680
v 0.153438 0.110021 -0.155684
v 0.153823 0.110021 -0.155494
v 0.153678 0.109619 -0.155311
v 0.153438 0.110021 -0.155684
v 0.153678 0.109619 -0.155311
v 0.153274 0.109621 -0.155533
v 0.152286 0.109627 -0.155807
v 0.152793 0.109626 -0.155680
v 0.152569 0.109259 -0.155536
v 0.152286 0.109627 -0.155807
v 0.152569 0.109259 -0.155536
v 0.152017 0.109260 -0.155685
v 0.152793 0.109626 -0.155680
v 0.153274 0.109621 -0.155533
v 0.153080 0.109254 -0.155361
v 0.152793 0.109626 -0.155680
v 0.153080 0.109254 -0.155361
v 0.152569 0.109259 -0.155536
v 0.153274 0.109621 -0.155533
v 0.153678 0.109619 -0.155311
v 0.153502 0.109251 -0.155106
v 0.153274 0.109621 -0.155533
v 0.153502 0.109251 -0.155106
v 0.153080 0.109254 -0.155361
v 0.152017 0.109260 -0.155685
v 0.152569 0.109259 -0.155536
v 0.152296 0.108947 -0.155351
v 0.152017 0.109260 -0.155685
v 0.152296 0.108947 -0.155351
v 0.151729 0.108944 -0.155494
v 0.152569 0.109259 -0.155536
v 0.153080 0.109254 -0.155361
v 0.152826 0.108949 -0.155156
v 0.152569 0.109259 -0.155536
v 0.152826 0.108949 -0.155156
v 0.152296 0.108947 -0.155351
v 0.153080 0.109254 -0.155361
v 0.153502 0.109251 -0.155106
v 0.153266 0.108947 -0.154857
v 0.153080 0.109254 -0.155361
v 0.153266 0.108947 -0.154857
v 0.152826 0.108949 -0.155156
v 0.154363 0.110021 -0.154625
v 0.154294 0.109629 -0.154204
v 0.154134 0.109625 -0.154598
v 0.154363 0.110021 -0.154625
v 0.154134 0.109625 -0.154598
v 0.154293 0.110021 -0.154941
v 0.154294 0.109629 -0.154204
v 0.154110 0.109264 -0.153717
v 0.153957 0.109258 -0.154229
v 0.154294 0.109629 -0.154204
v 0.153957 0.109258 -0.154229
v 0.154134 0.109625 -0.154598
v 0.154110 0.109264 -0.153717
v 0.153823 0.108949 -0.153194
v 0.153699 0.108952 -0.153821
v 0.154110 0.109264 -0.153717
v 0.153699 0.108952 -0.153821
v 0.153957 0.109258 -0.154229
v 0.154293 0.110021 -0.154941
v 0.154134 0.109625 -0.154598
v 0.153944 0.109623 -0.154980
v 0.154293 0.110021 -0.154941
v 0.153944 0.109623 -0.154980
v 0.154109 0.110021 -0.155237
v 0.154134 0.109625 -0.154598
v 0.153957 0.109258 -0.154229
v 0.153767 0.109255 -0.154705
v 0.154134 0.109625 -0.154598
v 0.153767 0.109255 -0.154705
v 0.153944 0.109623 -0.154980
v 0.153957 0.109258 -0.154229
v 0.153699 0.108952 -0.153821
v 0.153527 0.108951 -0.154390
v 0.153957 0.109258 -0.154229
v 0.153527 0.108951 -0.154390
v 0.153767 0.109255 -0.154705
v 0.154109 0.110021 -0.155237
v 0.153944 0.109623 -0.154980
v 0.153678 0.109619 -0.155311
v 0.154109 0.110021 -0.155237
v 0.153678 0.109619 -0.155311
v 0.153823 0.110021 -0.155494
v 0.153944 0.109623 -0.154980
v 0.153767 0.109255 -0.154705
v 0.153502 0.109251 -0.155106
v 0.153944 0.109623 -0.154980
v 0.153502 0.109251 -0.155106
v 0.153678 0.109619 -0.155311
v 0.153767 0.109255 -0.154705
v 0.153527 0.108951 -0.154390
v 0.153266 0.108947 -0.154857
v 0.153767 0.109255 -0.154705
v 0.153266 0.108947 -0.154857
v 0.153502 0.109251 -0.155106
v 0.150937 0.108517 0.154626
v 0.151336 0.108517 0.154521
v 0.151667 0.108610 0.154792
v 0.150937 0.108517 0.154626
v 0.151667 0.108610 0.154792
v 0.151171 0.108567 0.154942
v 0.151336 0.108517 0.154521
v 0.151717 0.108519 0.154240
v 0.152120 0.108618 0.154553
v 0.151336 0.108517 0.154521
v 0.152120 0.108618 0.154553
v 0.151667 0.108610 0.154792
v 0.151717 0.108519 0.154240
v 0.152056 0.108522 0.153789
v 0.152499 0.108619 0.154168
v 0.151717 0.108519 0.154240
v 0.152499 0.108619 0.154168
v 0.152120 0.108618 0.154553
v 0.151171 0.108567 0.154942
v 0.151667 0.108610 0.154792
v 0.151991 0.108744 0.155081
v 0.151171 0.108567 0.154942
v 0.151991 0.108744 0.155081
v 0.151440 0.108712 0.155237
v 0.151667 0.108610 0.154792
v 0.152120 0.108618 0.154553
v 0.152497 0.108751 0.154864
v 0.151667 0.108610 0.154792
v 0.152497 0.108751 0.154864
v 0.151991 0.108744 0.155081
v 0.152120 0.108618 0.154553
v 0.152499 0.108619 0.154168
v 0.152912 0.108750 0.154530
v 0.152120 0.108618 0.154553
v 0.152912 0.108750 0.154530
v 0.152497 0.108751 0.154864
v 0.151440 0.108712 0.155237
v 0.151991 0.108744 0.155081
v 0.152310 0.108948 0.155349
v 0.151440 0.108712 0.155237
v 0.152310 0.108948 0.155349
v 0.151729 0.108944 0.155494
v 0.151991 0.108744 0.155081
v 0.152497 0.108751 0.154864
v 0.152838 0.108949 0.155151
v 0.151991 0.108744 0.155081
v 0.152838 0.108949 0.155151
v 0.152310 0.108948 0.155349
v 0.152497 0.108751 0.154864
v 0.152912 0.108750 0.154530
v 0.153266 0.108946 0.154858
v 0.152497 0.108751 0.154864
v 0.153266 0.108946 0.154858
v 0.152838 0.108949 0.155151
v 0.152521 0.108533 0.151764
v 0.152992 0.108579 0.152185
v 0.152890 0.108610 0.152933
v 0.152521 0.108533 0.151764
v 0.152890 0.108610 0.152933
v 0.152460 0.108529 0.152505
v 0.152992 0.108579 0.152185
v 0.153437 0.108720 0.152672
v 0.153325 0.108742 0.153381
v 0.152992 0.108579 0.152185
v 0.153325 0.108742 0.153381
v 0.152890 0.108610 0.152933
v 0.153437 0.108720 0.152672
v 0.153823 0.108949 0.153195
v 0.153697 0.108950 0.153823
v 0.153437 0.108720 0.152672
v 0.153697 0.108950 0.153823
v 0.153325 0.108742 0.153381
v 0.152460 0.108529 0.152505
v 0.152890 0.108610 0.152933
v 0.152735 0.108621 0.153609
v 0.152460 0.108529 0.152505
v 0.152735 0.108621 0.153609
v 0.152301 0.108525 0.153195
v 0.152890 0.108610 0.152933
v 0.153325 0.108742 0.153381
v 0.153161 0.108753 0.154019
v 0.152890 0.108610 0.152933
v 0.153161 0.108753 0.154019
v 0.152735 0.108621 0.153609
v 0.153325 0.108742 0.153381
v 0.153697 0.108950 0.153823
v 0.153525 0.108950 0.154396
v 0.153325 0.108742 0.153381
v 0.153525 0.108950 0.154396
v 0.153161 0.108753 0.154019
v 0.152301 0.108525 0.153195
v 0.152735 0.108621 0.153609
v 0.152499 0.108619 0.154168
v 0.152301 0.108525 0.153195
v 0.152499 0.108619 0.154168
v 0.152056 0.108522 0.153789
v 0.152735 0.108621 0.153609
v 0.153161 0.108753 0.154019
v 0.152912 0.108750 0.154530
v 0.152735 0.108621 0.153609
v 0.152912 0.108750 0.154530
v 0.152499 0.108619 0.154168
v 0.153161 0.108753 0.154019
v 0.153525 0.108950 0.154396
v 0.153266 0.108946 0.154858
v 0.153161 0.108753 0.154019
v 0.153266 0.108946 0.154858
v 0.152912 0.108750 0.154530
v 0.154363 0.110021 0.154625
v 0.154293 0.110021 0.154942
v 0.154134 0.109629 0.154597
v 0.154363 0.110021 0.154625
v 0.154134 0.109629 0.154597
v 0.154294 0.109629 0.154205
v 0.154293 0.110021 0.154942
v 0.154109 0.110021 0.155237
v 0.153952 0.109623 0.154983
v 0.154293 0.110021 0.154942
v 0.153952 0.109623 0.154983
v 0.154134 0.109629 0.154597
v 0.154109 0.110021 0.155237
v 0.153823 0.110021 0.155494
v 0.153680 0.109620 0.155312
v 0.154109 0.110021 0.155237
v 0.153680 0.109620 0.155312
v 0.153952 0.109623 0.154983
v 0.154294 0.109629 0.154205
v 0.154134 0.109629 0.154597
v 0.153949 0.109262 0.154225
v 0.154294 0.109629 0.154205
v 0.153949 0.109262 0.154225
v 0.154110 0.109264 0.153718
v 0.154134 0.109629 0.154597
v 0.153952 0.109623 0.154983
v 0.153767 0.109255 0.154705
v 0.154134 0.109629 0.154597
v 0.153767 0.109255 0.154705
v 0.153949 0.109262 0.154225
v 0.153952 0.109623 0.154983
v 0.153680 0.109620 0.155312
v 0.153502 0.109251 0.155107
v 0.153952 0.109623 0.154983
v 0.153502 0.109251 0.155107
v 0.153767 0.109255 0.154705
v 0.154110 0.109264 0.153718
v 0.153949 0.109262 0.154225
v 0.153697 0.108950 0.153823
v 0.154110 0.109264 0.153718
v 0.153697 0.108950 0.153823
v 0.153823 0.108949 0.153195
v 0.153949 0.109262 0.154225
v 0.153767 0.109255 0.154705
v 0.153525 0.108950 0.154396
v 0.153949 0.109262 0.154225
v 0.153525 0.108950 0.154396
v 0.153697 0.108950 0.153823
v 0.153767 0.109255 0.154705
v 0.153502 0.109251 0.155107
v 0.153266 0.108946 0.154858
v 0.153767 0.109255 0.154705
v 0.153266 0.108946 0.154858
v 0.153525 0.108950 0.154396
v 0.152520 0.110021 0.155854
v 0.152286 0.109627 0.155807
v 0.152792 0.109623 0.155681
v 0.152520 0.110021 0.155854
v 0.152792 0.109623 0.155681
v 0.152995 0.110021 0.155807
v 0.152286 0.109627 0.155807
v 0.152017 0.109260 0.155685
v 0.152570 0.109256 0.155543
v 0.152286 0.109627 0.155807
v 0.152570 0.109256 0.155543
v 0.152792 0.109623 0.155681
v 0.152017 0.109260 0.155685
v 0.151729 0.108944 0.155494
v 0.152310 0.108948 0.155349
v 0.152017 0.109260 0.155685
v 0.152310 0.108948 0.155349
v 0.152570 0.109256 0.155543
v 0.152995 0.110021 0.155807
v 0.152792 0.109623 0.155681
v 0.153270 0.109620 0.155528
v 0.152995 0.110021 0.155807
v 0.153270 0.109620 0.155528
v 0.153438 0.110021 0.155685
v 0.152792 0.109623 0.155681
v 0.152570 0.109256 0.155543
v 0.153080 0.109253 0.155362
v 0.152792 0.109623 0.155681
v 0.153080 0.109253 0.155362
v 0.153270 0.109620 0.155528
v 0.152570 0.109256 0.155543
v 0.152310 0.108948 0.155349
v 0.152838 0.108949 0.155151
v 0.152570 0.109256 0.155543
v 0.152838 0.108949 0.155151
v 0.153080 0.109253 0.155362
v 0.153438 0.110021 0.155685
v 0.153270 0.109620 0.155528
v 0.153680 0.109620 0.155312
v 0.153438 0.110021 0.155685
v 0.153680 0.109620 0.155312
v 0.153823 0.110021 0.155494
v 0.153270 0.109620 0.155528
v 0.153080 0.109253 0.155362
v 0.153502 0.109251 0.155107
v 0.153270 0.109620 0.155528
v 0.153502 0.109251 0.155107
v 0.153680 0.109620 0.155312
v 0.153080 0.109253 0.155362
v 0.152838 0.108949 0.155151
v 0.153266 0.108946 0.154858
v 0.153080 0.109253 0.155362
v 0.153266 0.108946 0.154858
v 0.153502 0.109251 0.155107
v -0.154363 0.133741 0.154625
v -0.154300 0.133741 0.154943
v -0.154225 0.134151 0.154956
v -0.154363 0.133741 0.154625
v -0.154225 0.134151 0.154956
v -0.154300 0.134138 0.154625
v -0.154300 0.133741 0.154943
v -0.154116 0.133741 0.155240
v -0.154039 0.134144 0.155242
v -0.154300 0.133741 0.154943
v -0.154039 0.134144 0.155242
v -0.154225 0.134151 0.154956
v -0.154116 0.133741 0.155240
v -0.153823 0.133741 0.155494
v -0.153779 0.134136 0.155465
v -0.154116 0.133741 0.155240
v -0.153779 0.134136 0.155465
v -0.154039 0.134144 0.155242
v -0.154300 0.134138 0.154625
v -0.154225 0.134151 0.154956
v -0.154038 0.134512 0.154950
v -0.154300 0.134138 0.154625
v -0.154038 0.134512 0.154950
v -0.154116 0.134509 0.154625
v -0.154225 0.134151 0.154956
v -0.154039 0.134144 0.155242
v -0.153881 0.134472 0.155211
v -0.154225 0.134151 0.154956
v -0.153881 0.134472 0.155211
v -0.154038 0.134512 0.154950
v -0.154039 0.134144 0.155242
v -0.153779 0.134136 0.155465
v -0.153680 0.134440 0.155399
v -0.154039 0.134144 0.155242
v -0.153680 0.134440 0.155399
v -0.153881 0.134472 0.155211
v -0.154116 0.134509 0.154625
v -0.154038 0.134512 0.154950
v -0.153778 0.134791 0.154941
v -0.154116 0.134509 0.154625
v -0.153778 0.134791 0.154941
v -0.153823 0.134827 0.154625
v -0.154038 0.134512 0.154950
v -0.153881 0.134472 0.155211
v -0.153680 0.134708 0.155185
v -0.154038 0.134512 0.154950
v -0.153680 0.134708 0.155185
v -0.153778 0.134791 0.154941
v -0.153881 0.134472 0.155211
v -0.153680 0.134440 0.155399
v -0.153583 0.134627 0.155335
v -0.153881 0.134472 0.155211
v -0.153583 0.134627 0.155335
v -0.153680 0.134708 0.155185
v -0.152519 0.133741 0.155854
v -0.152519 0.134138 0.155812
v -0.153011 0.134154 0.155763
v -0.152519 0.133741 0.155854
v -0.153011 0.134154 0.155763
v -0.152996 0.133741 0.155812
v -0.152519 0.134138 0.155812
v -0.152519 0.134509 0.155689
v -0.153003 0.134511 0.155638
v -0.152519 0.134138 0.155812
v -0.153003 0.134511 0.155638
v -0.153011 0.134154 0.155763
v -0.152519 0.134509 0.155689
v -0.152519 0.134827 0.155494
v -0.152993 0.134790 0.155465
v -0.152519 0.134509 0.155689
v -0.152993 0.134790 0.155465
v -0.153003 0.134511 0.155638
v -0.152996 0.133741 0.155812
v -0.153011 0.134154 0.155763
v -0.153444 0.134146 0.155637
v -0.152996 0.133741 0.155812
v -0.153444 0.134146 0.155637
v -0.153441 0.133741 0.155689
v -0.153011 0.134154 0.155763
v -0.153003 0.134511 0.155638
v -0.153397 0.134473 0.155533
v -0.153011 0.134154 0.155763
v -0.153397 0.134473 0.155533
v -0.153444 0.134146 0.155637
v -0.153003 0.134511 0.155638
v -0.152993 0.134790 0.155465
v -0.153359 0.134708 0.155399
v -0.153003 0.134511 0.155638
v -0.153359 0.134708 0.155399
v -0.153397 0.134473 0.155533
v -0.153441 0.133741 0.155689
v -0.153444 0.134146 0.155637
v -0.153779 0.134136 0.155465
v -0.153441 0.133741 0.155689
v -0.153779 0.134136 0.155465
v -0.153823 0.133741 0.155494
v -0.153444 0.134146 0.155637
v -0.153397 0.134473 0.155533
v -0.153680 0.134440 0.155399
v -0.153444 0.134146 0.155637
v -0.153680 0.134440 0.155399
v -0.153779 0.134136 0.155465
v -0.153397 0.134473 0.155533
v -0.153359 0.134708 0.155399
v -0.153583 0.134627 0.155335
v -0.153397 0.134473 0.155533
v -0.153583 0.134627 0.155335
v -0.153680 0.134440 0.155399
v -0.152519 0.135277 0.154625
v -0.152996 0.135224 0.154625
v -0.153015 0.135162 0.154953
v -0.152519 0.135277 0.154625
v -0.153015 0.135162 0.154953
v -0.152519 0.135224 0.154943
v -0.152996 0.135224 0.154625
v -0.153441 0.135071 0.154625
v -0.153444 0.135007 0.154948
v -0.152996 0.135224 0.154625
v -0.153444 0.135007 0.154948
v -0.153015 0.135162 0.154953
v -0.153441 0.135071 0.154625
v -0.153823 0.134827 0.154625
v -0.153778 0.134791 0.154941
v -0.153441 0.135071 0.154625
v -0.153778 0.134791 0.154941
v -0.153444 0.135007 0.154948
v -0.152519 0.135224 0.154943
v -0.153015 0.135162 0.154953
v -0.153006 0.135006 0.155242
v -0.152519 0.135224 0.154943
v -0.153006 0.135006 0.155242
v -0.152519 0.135071 0.155240
v -0.153015 0.135162 0.154953
v -0.153444 0.135007 0.154948
v -0.153398 0.134876 0.155211
v -0.153015 0.135162 0.154953
v -0.153398 0.134876 0.155211
v -0.153006 0.135006 0.155242
v -0.153444 0.135007 0.154948
v -0.153778 0.134791 0.154941
v -0.153680 0.134708 0.155185
v -0.153444 0.135007 0.154948
v -0.153680 0.134708 0.155185
v -0.153398 0.134876 0.155211
v -0.152519 0.135071 0.155240
v -0.153006 0.135006 0.155242
v -0.152993 0.134790 0.155465
v -0.152519 0.135071 0.155240
v -0.152993 0.134790 0.155465
v -0.152519 0.134827 0.155494
v -0.153006 0.135006 0.155242
v -0.153398 0.134876 0.155211
v -0.153359 0.134708 0.155399
v -0.153006 0.135006 0.155242
v -0.153359 0.134708 0.155399
v -0.152993 0.134790 0.155465
v -0.153398 0.134876 0.155211
v -0.153680 0.134708 0.155185
v -0.153583 0.134627 0.155335
v -0.153398 0.134876 0.155211
v -0.153583 0.134627 0.155335
v -0.153359 0.134708 0.155399
v -0.154363 0.133741 -0.154625
v -0.154300 0.134138 -0.154625
v -0.154225 0.134154 -0.154953
v -0.154363 0.133741 -0.154625
v -0.154225 0.134154 -0.154953
v -0.154300 0.133741 -0.154943
v -0.154300 0.134138 -0.154625
v -0.154116 0.134509 -0.154625
v -0.154039 0.134511 -0.154947
v -0.154300 0.134138 -0.154625
v -0.154039 0.134511 -0.154947
v -0.154225 0.134154 -0.154953
v -0.154116 0.134509 -0.154625
v -0.153823 0.134827 -0.154625
v -0.153779 0.134790 -0.154941
v -0.154116 0.134509 -0.154625
v -0.153779 0.134790 -0.154941
v -0.154039 0.134511 -0.154947
v -0.154300 0.133741 -0.154943
v -0.154225 0.134154 -0.154953
v -0.154038 0.134146 -0.155241
v -0.154300 0.133741 -0.154943
v -0.154038 0.134146 -0.155241
v -0.154116 0.133741 -0.155239
v -0.154225 0.134154 -0.154953
v -0.154039 0.134511 -0.154947
v -0.153881 0.134473 -0.155210
v -0.154225 0.134154 -0.154953
v -0.153881 0.134473 -0.155210
v -0.154038 0.134146 -0.155241
v -0.154039 0.134511 -0.154947
v -0.153779 0.134790 -0.154941
v -0.153680 0.134708 -0.155184
v -0.154039 0.134511 -0.154947
v -0.153680 0.134708 -0.155184
v -0.153881 0.134473 -0.155210
v -0.154116 0.133741 -0.155239
v -0.154038 0.134146 -0.155241
v -0.153778 0.134136 -0.155465
v -0.154116 0.133741 -0.155239
v -0.153778 0.134136 -0.155465
v -0.153823 0.133741 -0.155494
v -0.154038 0.134146 -0.155241
v -0.153881 0.134473 -0.155210
v -0.153680 0.134440 -0.155398
v -0.154038 0.134146 -0.155241
v -0.153680 0.134440 -0.155398
v -0.153778 0.134136 -0.155465
v -0.153881 0.134473 -0.155210
v -0.153680 0.134708 -0.155184
v -0.153583 0.134627 -0.155334
v -0.153881 0.134473 -0.155210
v -0.153583 0.134627 -0.155334
v -0.153680 0.134440 -0.155398
v -0.152519 0.135277 -0.154625
v -0.152519 0.135224 -0.154943
v -0.153011 0.135162 -0.154955
v -0.152519 0.135277 -0.154625
v -0.153011 0.135162 -0.154955
v -0.152996 0.135224 -0.154625
v -0.152519 0.135224 -0.154943
v -0.152519 0.135071 -0.155239
v -0.153003 0.135007 -0.155241
v -0.152519 0.135224 -0.154943
v -0.153003 0.135007 -0.155241
v -0.153011 0.135162 -0.154955
v -0.152519 0.135071 -0.155239
v -0.152519 0.134827 -0.155494
v -0.152993 0.134791 -0.155464
v -0.152519 0.135071 -0.155239
v -0.152993 0.134791 -0.155464
v -0.153003 0.135007 -0.155241
v -0.152996 0.135224 -0.154625
v -0.153011 0.135162 -0.154955
v -0.153444 0.135006 -0.154949
v -0.152996 0.135224 -0.154625
v -0.153444 0.135006 -0.154949
v -0.153441 0.135071 -0.154625
v -0.153011 0.135162 -0.154955
v -0.153003 0.135007 -0.155241
v -0.153397 0.134876 -0.155210
v -0.153011 0.135162 -0.154955
v -0.153397 0.134876 -0.155210
v -0.153444 0.135006 -0.154949
v -0.153003 0.135007 -0.155241
v -0.152993 0.134791 -0.155464
v -0.153359 0.134708 -0.155398
v -0.153003 0.135007 -0.155241
v -0.153359 0.134708 -0.155398
v -0.153397 0.134876 -0.155210
v -0.153441 0.135071 -0.154625
v -0.153444 0.135006 -0.154949
v -0.153779 0.134790 -0.154941
v -0.153441 0.135071 -0.154625
v -0.153779 0.134790 -0.154941
v -0.153823 0.134827 -0.154625
v -0.153444 0.135006 -0.154949
v -0.153397 0.134876 -0.155210
v -0.153680 0.134708 -0.155184
v -0.153444 0.135006 -0.154949
v -0.153680 0.134708 -0.155184
v -0.153779 0.134790 -0.154941
v -0.153397 0.134876 -0.155210
v -0.153359 0.134708 -0.155398
v -0.153583 0.134627 -0.155334
v -0.153397 0.134876 -0.155210
v -0.153583 0.134627 -0.155334
v -0.153680 0.134708 -0.155184
v -0.152519 0.133741 -0.155854
v -0.152996 0.133741 -0.155812
v -0.153015 0.134150 -0.155762
v -0.152519 0.133741 -0.155854
v -0.153015 0.134150 -0.155762
v -0.152519 0.134138 -0.155812
v -0.152996 0.133741 -0.155812
v -0.153441 0.133741 -0.155689
v -0.153444 0.134144 -0.155638
v -0.152996 0.133741 -0.155812
v -0.153444 0.134144 -0.155638
v -0.153015 0.134150 -0.155762
v -0.153441 0.133741 -0.155689
v -0.153823 0.133741 -0.155494
v -0.153778 0.134136 -0.155465
v -0.153441 0.133741 -0.155689
v -0.153778 0.134136 -0.155465
v -0.153444 0.134144 -0.155638
v -0.152519 0.134138 -0.155812
v -0.153015 0.134150 -0.155762
v -0.153006 0.134512 -0.155637
v -0.152519 0.134138 -0.155812
v -0.153006 0.134512 -0.155637
v -0.152519 0.134509 -0.155689
v -0.153015 0.134150 -0.155762
v -0.153444 0.134144 -0.155638
v -0.153398 0.134472 -0.155533
v -0.153015 0.134150 -0.155762
v -0.153398 0.134472 -0.155533
v -0.153006 0.134512 -0.155637
v -0.153444 0.134144 -0.155638
v -0.153778 0.134136 -0.155465
v -0.153680 0.134440 -0.155398
v -0.153444 0.134144 -0.155638
v -0.153680 0.134440 -0.155398
v -0.153398 0.134472 -0.155533
v -0.152519 0.134509 -0.155689
v -0.153006 0.134512 -0.155637
v -0.152993 0.134791 -0.155464
v -0.152519 0.134509 -0.155689
v -0.152993 0.134791 -0.155464
v -0.152519 0.134827 -0.155494
v -0.153006 0.134512 -0.155637
v -0.153398 0.134472 -0.155533
v -0.153359 0.134708 -0.155398
v -0.153006 0.134512 -0.155637
v -0.153359 0.134708 -0.155398
v -0.152993 0.134791 -0.155464
v -0.153398 0.134472 -0.155533
v -0.153680 0.134440 -0.155398
v -0.153583 0.134627 -0.155334
v -0.153398 0.134472 -0.155533
v -0.153583 0.134627 -0.155334
v -0.153359 0.134708 -0.155398
v 0.152520 0.133741 -0.155854
v 0.152520 0.134138 -0.155812
v 0.153012 0.134154 -0.155762
v 0.152520 0.133741 -0.155854
v 0.153012 0.134154 -0.155762
v 0.152997 0.133741 -0.155812
v 0.152520 0.134138 -0.155812
v 0.152520 0.134509 -0.155689
v 0.153004 0.134511 -0.155638
v 0.152520 0.134138 -0.155812
v 0.153004 0.134511 -0.155638
v 0.153012 0.134154 -0.155762
v 0.152520 0.134509 -0.155689
v 0.152520 0.134827 -0.155494
v 0.152994 0.134790 -0.155465
v 0.152520 0.134509 -0.155689
v 0.152994 0.134790 -0.155465
v 0.153004 0.134511 -0.155638
v 0.152997 0.133741 -0.155812
v 0.153012 0.134154 -0.155762
v 0.153445 0.134146 -0.155637
v 0.152997 0.133741 -0.155812
v 0.153445 0.134146 -0.155637
v 0.153442 0.133741 -0.155689
v 0.153012 0.134154 -0.155762
v 0.153004 0.134511 -0.155638
v 0.153398 0.134473 -0.155533
v 0.153012 0.134154 -0.155762
v 0.153398 0.134473 -0.155533
v 0.153445 0.134146 -0.155637
v 0.153004 0.134511 -0.155638
v 0.152994 0.134790 -0.155465
v 0.153359 0.134708 -0.155398
v 0.153004 0.134511 -0.155638
v 0.153359 0.134708 -0.155398
v 0.153398 0.134473 -0.155533
v 0.153442 0.133741 -0.155689
v 0.153445 0.134146 -0.155637
v 0.153780 0.134136 -0.155464
v 0.153442 0.133741 -0.155689
v 0.153780 0.134136 -0.155464
v 0.153823 0.133741 -0.155494
v 0.153445 0.134146 -0.155637
v 0.153398 0.134473 -0.155533
v 0.153680 0.134440 -0.155398
v 0.153445 0.134146 -0.155637
v 0.153680 0.134440 -0.155398
v 0.153780 0.134136 -0.155464
v 0.153398 0.134473 -0.155533
v 0.153359 0.134708 -0.155398
v 0.153584 0.134627 -0.155334
v 0.153398 0.134473 -0.155533
v 0.153584 0.134627 -0.155334
v 0.153680 0.134440 -0.155398
v 0.152520 0.135277 -0.154625
v 0.152997 0.135224 -0.154625
v 0.153016 0.135162 -0.154953
v 0.152520 0.135277 -0.154625
v 0.153016 0.135162 -0.154953
v 0.152520 0.135224 -0.154943
v 0.152997 0.135224 -0.154625
v 0.153442 0.135071 -0.154625
v 0.153444 0.135007 -0.154947
v 0.152997 0.135224 -0.154625
v 0.153444 0.135007 -0.154947
v 0.153016 0.135162 -0.154953
v 0.153442 0.135071 -0.154625
v 0.153823 0.134827 -0.154625
v 0.153779 0.134791 -0.154941
v 0.153442 0.135071 -0.154625
v 0.153779 0.134791 -0.154941
v 0.153444 0.135007 -0.154947
v 0.152520 0.135224 -0.154943
v 0.153016 0.135162 -0.154953
v 0.153006 0.135006 -0.155241
v 0.152520 0.135224 -0.154943
v 0.153006 0.135006 -0.155241
v 0.152520 0.135071 -0.155239
v 0.153016 0.135162 -0.154953
v 0.153444 0.135007 -0.154947
v 0.153398 0.134876 -0.155210
v 0.153016 0.135162 -0.154953
v 0.153398 0.134876 -0.155210
v 0.153006 0.135006 -0.155241
v 0.153444 0.135007 -0.154947
v 0.153779 0.134791 -0.154941
v 0.153680 0.134708 -0.155184
v 0.153444 0.135007 -0.154947
v 0.153680 0.134708 -0.155184
v 0.153398 0.134876 -0.155210
v 0.152520 0.135071 -0.155239
v 0.153006 0.135006 -0.155241
v 0.152994 0.134790 -0.155465
v 0.152520 0.135071 -0.155239
v 0.152994 0.134790 -0.155465
v 0.152520 0.134827 -0.155494
v 0.153006 0.135006 -0.155241
v 0.153398 0.134876 -0.155210
v 0.153359 0.134708 -0.155398
v 0.153006 0.135006 -0.155241
v 0.153359 0.134708 -0.155398
v 0.152994 0.134790 -0.155465
v 0.153398 0.134876 -0.155210
v 0.153680 0.134708 -0.155184
v 0.153584 0.134627 -0.155334
v 0.153398 0.134876 -0.155210
v 0.153584 0.134627 -0.155334
v 0.153359 0.134708 -0.155398
v 0.154363 0.133741 -0.154625
v 0.154300 0.133741 -0.154943
v 0.154226 0.134150 -0.154955
v 0.154363 0.133741 -0.154625
v 0.154226 0.134150 -0.154955
v 0.154300 0.134138 -0.154625
v 0.154300 0.133741 -0.154943
v 0.154116 0.133741 -0.155239
v 0.154039 0.134144 -0.155241
v 0.154300 0.133741 -0.154943
v 0.154039 0.134144 -0.155241
v 0.154226 0.134150 -0.154955
v 0.154116 0.133741 -0.155239
v 0.153823 0.133741 -0.155494
v 0.153780 0.134136 -0.155464
v 0.154116 0.133741 -0.155239
v 0.153780 0.134136 -0.155464
v 0.154039 0.134144 -0.155241
v 0.154300 0.134138 -0.154625
v 0.154226 0.134150 -0.154955
v 0.154038 0.134512 -0.154949
v 0.154300 0.134138 -0.154625
v 0.154038 0.134512 -0.154949
v 0.154116 0.134509 -0.154625
v 0.154226 0.134150 -0.154955
v 0.154039 0.134144 -0.155241
v 0.153882 0.134472 -0.155210
v 0.154226 0.134150 -0.154955
v 0.153882 0.134472 -0.155210
v 0.154038 0.134512 -0.154949
v 0.154039 0.134144 -0.155241
v 0.153780 0.134136 -0.155464
v 0.153680 0.134440 -0.155398
v 0.154039 0.134144 -0.155241
v 0.153680 0.134440 -0.155398
v 0.153882 0.134472 -0.155210
v 0.154116 0.134509 -0.154625
v 0.154038 0.134512 -0.154949
v 0.153779 0.134791 -0.154941
v 0.154116 0.134509 -0.154625
v 0.153779 0.134791 -0.154941
v 0.153823 0.134827 -0.154625
v 0.154038 0.134512 -0.154949
v 0.153882 0.134472 -0.155210
v 0.153680 0.134708 -0.155184
v 0.154038 0.134512 -0.154949
v 0.153680 0.134708 -0.155184
v 0.153779 0.134791 -0.154941
v 0.153882 0.134472 -0.155210
v 0.153680 0.134440 -0.155398
v 0.153584 0.134627 -0.155334
v 0.153882 0.134472 -0.155210
v 0.153584 0.134627 -0.155334
v 0.153680 0.134708 -0.155184
v 0.154363 0.133741 0.154625
v 0.154300 0.134138 0.154625
v 0.154226 0.134154 0.154953
v 0.154363 0.133741 0.154625
v 0.154226 0.134154 0.154953
v 0.154300 0.133741 0.154943
v 0.154300 0.134138 0.154625
v 0.154116 0.134509 0.154625
v 0.154039 0.134511 0.154948
v 0.154300 0.134138 0.154625
v 0.154039 0.134511 0.154948
v 0.154226 0.134154 0.154953
v 0.154116 0.134509 0.154625
v 0.153823 0.134827 0.154625
v 0.153780 0.134790 0.154941
v 0.154116 0.134509 0.154625
v 0.153780 0.134790 0.154941
v 0.154039 0.134511 0.154948
v 0.154300 0.133741 0.154943
v 0.154226 0.134154 0.154953
v 0.154038 0.134146 0.155242
v 0.154300 0.133741 0.154943
v 0.154038 0.134146 0.155242
v 0.154116 0.133741 0.155240
v 0.154226 0.134154 0.154953
v 0.154039 0.134511 0.154948
v 0.153882 0.134473 0.155211
v 0.154226 0.134154 0.154953
v 0.153882 0.134473 0.155211
v 0.154038 0.134146 0.155242
v 0.154039 0.134511 0.154948
v 0.153780 0.134790 0.154941
v 0.153680 0.134708 0.155185
v 0.154039 0.134511 0.154948
v 0.153680 0.134708 0.155185
v 0.153882 0.134473 0.155211
v 0.154116 0.133741 0.155240
v 0.154038 0.134146 0.155242
v 0.153779 0.134136 0.155465
v 0.154116 0.133741 0.155240
v 0.153779 0.134136 0.155465
v 0.153823 0.133741 0.155494
v 0.154038 0.134146 0.155242
v 0.153882 0.134473 0.155211
v 0.153680 0.134440 0.155399
v 0.154038 0.134146 0.155242
v 0.153680 0.134440 0.155399
v 0.153779 0.134136 0.155465
v 0.153882 0.134473 0.155211
v 0.153680 0.134708 0.155185
v 0.153584 0.134627 0.155335
v 0.153882 0.134473 0.155211
v 0.153584 0.134627 0.155335
v 0.153680 0.134440 0.155399
v 0.152520 0.135277 0.154625
v 0.152520 0.135224 0.154943
v 0.153012 0.135162 0.154956
v 0.152520 0.135277 0.154625
v 0.153012 0.135162 0.154956
v 0.152997 0.135224 0.154625
v 0.152520 0.135224 0.154943
v 0.152520 0.135071 0.155240
v 0.153004 0.135007 0.155242
v 0.152520 0.135224 0.154943
v 0.153004 0.135007 0.155242
v 0.153012 0.135162 0.154956
v 0.152520 0.135071 0.155240
v 0.152520 0.134827 0.155494
v 0.152994 0.134791 0.155465
v 0.152520 0.135071 0.155240
v 0.152994 0.134791 0.155465
v 0.153004 0.135007 0.155242
v 0.152997 0.135224 0.154625
v 0.153012 0.135162 0.154956
v 0.153445 0.135006 0.154950
v 0.152997 0.135224 0.154625
v 0.153445 0.135006 0.154950
v 0.153442 0.135071 0.154625
v 0.153012 0.135162 0.154956
v 0.153004 0.135007 0.155242
v 0.153398 0.134876 0.155211
v 0.153012 0.135162 0.154956
v 0.153398 0.134876 0.155211
v 0.153445 0.135006 0.154950
v 0.153004 0.135007 0.155242
v 0.152994 0.134791 0.155465
v 0.153359 0.134708 0.155399
v 0.153004 0.135007 0.155242
v 0.153359 0.134708 0.155399
v 0.153398 0.134876 0.155211
v 0.153442 0.135071 0.154625
v 0.153445 0.135006 0.154950
v 0.153780 0.134790 0.154941
v 0.153442 0.135071 0.154625
v 0.153780 0.134790 0.154941
v 0.153823 0.134827 0.154625
v 0.153445 0.135006 0.154950
v 0.153398 0.134876 0.155211
v 0.153680 0.134708 0.155185
v 0.153445 0.135006 0.154950
v 0.153680 0.134708 0.155185
v 0.153780 0.134790 0.154941
v 0.153398 0.134876 0.155211
v 0.153359 0.134708 0.155399
v 0.153584 0.134627 0.155335
v 0.153398 0.134876 0.155211
v 0.153584 0.134627 0.155335
v 0.153680 0.134708 0.155185
v 0.152520 0.133741 0.155854
v 0.152997 0.133741 0.155812
v 0.153016 0.134151 0.155763
v 0.152520 0.133741 0.155854
v 0.153016 0.134151 0.155763
v 0.152520 0.134138 0.155812
v 0.152997 0.133741 0.155812
v 0.153442 0.133741 0.155690
v 0.153444 0.134144 0.155638
v 0.152997 0.133741 0.155812
v 0.153444 0.134144 0.155638
v 0.153016 0.134151 0.155763
v 0.153442 0.133741 0.155690
v 0.153823 0.133741 0.155494
v 0.153779 0.134136 0.155465
v 0.153442 0.133741 0.155690
v 0.153779 0.134136 0.155465
v 0.153444 0.134144 0.155638
v 0.152520 0.134138 0.155812
v 0.153016 0.134151 0.155763
v 0.153006 0.134512 0.155638
v 0.152520 0.134138 0.155812
v 0.153006 0.134512 0.155638
v 0.152520 0.134509 0.155690
v 0.153016 0.134151 0.155763
v 0.153444 0.134144 0.155638
v 0.153398 0.134472 0.155533
v 0.153016 0.134151 0.155763
v 0.153398 0.134472 0.155533
v 0.153006 0.134512 0.155638
v 0.153444 0.134144 0.155638
v 0.153779 0.134136 0.155465
v 0.153680 0.134440 0.155399
v 0.153444 0.134144 0.155638
v 0.153680 0.134440 0.155399
v 0.153398 0.134472 0.155533
v 0.152520 0.134509 0.155690
v 0.153006 0.134512 0.155638
v 0.152994 0.134791 0.155465
v 0.152520 0.134509 0.155690
v 0.152994 0.134791 0.155465
v 0.152520 0.134827 0.155494
v 0.153006 0.134512 0.155638
v 0.153398 0.134472 0.155533
v 0.153359 0.134708 0.155399
v 0.153006 0.134512 0.155638
v 0.153359 0.134708 0.155399
v 0.152994 0.134791 0.155465
v 0.153398 0.134472 0.155533
v 0.153680 0.134440 0.155399
v 0.153584 0.134627 0.155335
v 0.153398 0.134472 0.155533
v 0.153584 0.134627 0.155335
v 0.153359 0.134708 0.155399
v -0.147804 -0.140803 -0.149864
v -0.147804 -0.140803 0.149865
v -0.148281 -0.140751 0.149865
v -0.147804 -0.140803 -0.149864
v -0.148281 -0.140751 0.149865
v -0.148281 -0.140751 -0.149864
v -0.148281 -0.140751 -0.149864
v -0.148281 -0.140751 0.149865
v -0.148726 -0.140597 0.149865
v -0.148281 -0.140751 -0.149864
v -0.148726 -0.140597 0.149865
v -0.148726 -0.140597 -0.149864
v -0.148726 -0.140597 -0.149864
v -0.148726 -0.140597 0.149865
v -0.149108 -0.140353 0.149865
v -0.148726 -0.140597 -0.149864
v -0.149108 -0.140353 0.149865
v -0.149108 -0.140353 -0.149864
v -0.149108 -0.140353 -0.149864
v -0.149108 -0.140353 0.149865
v -0.149401 -0.140035 0.149865
v -0.149108 -0.140353 -0.149864
v -0.149401 -0.140035 0.149865
v -0.149401 -0.140035 -0.149864
v -0.149401 -0.140035 -0.149864
v -0.149401 -0.140035 0.149865
v -0.149585 -0.139665 0.149865
v -0.149401 -0.140035 -0.149864
v -0.149585 -0.139665 0.149865
v -0.149585 -0.139665 -0.149864
v -0.149585 -0.139665 -0.149864
v -0.149585 -0.139665 0.149865
v -0.149648 -0.139267 0.149865
v -0.149585 -0.139665 -0.149864
v -0.149648 -0.139267 0.149865
v -0.149648 -0.139267 -0.149864
v -0.147804 -0.139267 0.151094
v -0.147804 0.107883 0.151094
v -0.148279 0.107883 0.151047
v -0.147804 -0.139267 0.151094
v -0.148279 0.107883 0.151047
v -0.148281 -0.139267 0.151052
v -0.148281 -0.139267 0.151052
v -0.148279 0.107883 0.151047
v -0.148722 0.107883 0.150924
v -0.148281 -0.139267 0.151052
v -0.148722 0.107883 0.150924
v -0.148726 -0.139267 0.150929
v -0.148726 -0.139267 0.150929
v -0.148722 0.107883 0.150924
v -0.149108 0.107883 0.150734
v -0.148726 -0.139267 0.150929
v -0.149108 0.107883 0.150734
v -0.149108 -0.139267 0.150734
v -0.149108 -0.139267 0.150734
v -0.149108 0.107883 0.150734
v -0.149394 0.107883 0.150477
v -0.149108 -0.139267 0.150734
v -0.149394 0.107883 0.150477
v -0.149401 -0.139267 0.150479
v -0.149401 -0.139267 0.150479
v -0.149394 0.107883 0.150477
v -0.149577 0.107883 0.150181
v -0.149401 -0.139267 0.150479
v -0.149577 0.107883 0.150181
v -0.149585 -0.139267 0.150183
v -0.149585 -0.139267 0.150183
v -0.149577 0.107883 0.150181
v -0.149648 0.107883 0.149865
v -0.149585 -0.139267 0.150183
v -0.149648 0.107883 0.149865
v -0.149648 -0.139267 0.149865
v -0.150519 0.108587 0.149744
v -0.150519 0.108587 -0.149743
v -0.150294 0.108565 -0.149761
v -0.150519 0.108587 0.149744
v -0.150294 0.108565 -0.149761
v -0.150294 0.108565 0.149762
v -0.150294 0.108565 0.149762
v -0.150294 0.108565 -0.149761
v -0.150085 0.108498 -0.149782
v -0.150294 0.108565 0.149762
v -0.150085 0.108498 -0.149782
v -0.150085 0.108498 0.149782
v -0.150085 0.108498 0.149782
v -0.150085 0.108498 -0.149782
v -0.149903 0.108390 -0.149804
v -0.150085 0.108498 0.149782
v -0.149903 0.108390 -0.149804
v -0.149903 0.108390 0.149804
v -0.149903 0.108390 0.149804
v -0.149903 0.108390 -0.149804
v -0.149768 0.108242 -0.149826
v -0.149903 0.108390 0.149804
v -0.149768 0.108242 -0.149826
v -0.149768 0.108242 0.149826
v -0.149768 0.108242 0.149826
v -0.149768 0.108242 -0.149826
v -0.149681 0.108070 -0.149846
v -0.149768 0.108242 0.149826
v -0.149681 0.108070 -0.149846
v -0.149681 0.108070 0.149847
v -0.149681 0.108070 0.149847
v -0.149681 0.108070 -0.149846
v -0.149648 0.107883 -0.149864
v -0.149681 0.108070 0.149847
v -0.149648 0.107883 -0.149864
v -0.149648 0.107883 0.149865
v -0.147804 0.107883 -0.151093
v -0.147804 -0.139267 -0.151093
v -0.148281 -0.139267 -0.151051
v -0.147804 0.107883 -0.151093
v -0.148281 -0.139267 -0.151051
v -0.148279 0.107883 -0.151046
v -0.148279 0.107883 -0.151046
v -0.148281 -0.139267 -0.151051
v -0.148726 -0.139267 -0.150928
v -0.148279 0.107883 -0.151046
v -0.148726 -0.139267 -0.150928
v -0.148722 0.107883 -0.150924
v -0.148722 0.107883 -0.150924
v -0.148726 -0.139267 -0.150928
v -0.149108 -0.139267 -0.150733
v -0.148722 0.107883 -0.150924
v -0.149108 -0.139267 -0.150733
v -0.149108 0.107883 -0.150733
v -0.149108 0.107883 -0.150733
v -0.149108 -0.139267 -0.150733
v -0.149401 -0.139267 -0.150479
v -0.149108 0.107883 -0.150733
v -0.149401 -0.139267 -0.150479
v -0.149394 0.107883 -0.150476
v -0.149394 0.107883 -0.150476
v -0.149401 -0.139267 -0.150479
v -0.149585 -0.139267 -0.150182
v -0.149394 0.107883 -0.150476
v -0.149585 -0.139267 -0.150182
v -0.149577 0.107883 -0.150181
v -0.149577 0.107883 -0.150181
v -0.149585 -0.139267 -0.150182
v -0.149648 -0.139267 -0.149864
v -0.149577 0.107883 -0.150181
v -0.149648 -0.139267 -0.149864
v -0.149648 0.107883 -0.149864
v 0.147805 -0.140803 -0.149864
v -0.147804 -0.140803 -0.149864
v -0.147804 -0.140751 -0.150182
v 0.147805 -0.140803 -0.149864
v -0.147804 -0.140751 -0.150182
v 0.147805 -0.140751 -0.150182
v 0.147805 -0.140751 -0.150182
v -0.147804 -0.140751 -0.150182
v -0.147804 -0.140597 -0.150479
v 0.147805 -0.140751 -0.150182
v -0.147804 -0.140597 -0.150479
v 0.147805 -0.140597 -0.150479
v 0.147805 -0.140597 -0.150479
v -0.147804 -0.140597 -0.150479
v -0.147804 -0.140353 -0.150733
v 0.147805 -0.140597 -0.150479
v -0.147804 -0.140353 -0.150733
v 0.147805 -0.140353 -0.150733
v 0.147805 -0.140353 -0.150733
v -0.147804 -0.140353 -0.150733
v -0.147804 -0.140035 -0.150928
v 0.147805 -0.140353 -0.150733
v -0.147804 -0.140035 -0.150928
v 0.147805 -0.140035 -0.150928
v 0.147805 -0.140035 -0.150928
v -0.147804 -0.140035 -0.150928
v -0.147804 -0.139665 -0.151051
v 0.147805 -0.140035 -0.150928
v -0.147804 -0.139665 -0.151051
v 0.147805 -0.139665 -0.151051
v 0.147805 -0.139665 -0.151051
v -0.147804 -0.139665 -0.151051
v -0.147804 -0.139267 -0.151093
v 0.147805 -0.139665 -0.151051
v -0.147804 -0.139267 -0.151093
v 0.147805 -0.139267 -0.151093
v -0.148014 0.108595 -0.151674
v 0.148015 0.108595 -0.151674
v 0.147984 0.108571 -0.151525
v -0.148014 0.108595 -0.151674
v 0.147984 0.108571 -0.151525
v -0.147983 0.108571 -0.151525
v -0.147983 0.108571 -0.151525
v 0.147984 0.108571 -0.151525
v 0.147948 0.108502 -0.151385
v -0.147983 0.108571 -0.151525
v 0.147948 0.108502 -0.151385
v -0.147948 0.108502 -0.151385
v -0.147948 0.108502 -0.151385
v 0.147948 0.108502 -0.151385
v 0.147910 0.108393 -0.151263
v -0.147948 0.108502 -0.151385
v 0.147910 0.108393 -0.151263
v -0.147909 0.108393 -0.151263
v -0.147909 0.108393 -0.151263
v 0.147910 0.108393 -0.151263
v 0.147871 0.108243 -0.151173
v -0.147909 0.108393 -0.151263
v 0.147871 0.108243 -0.151173
v -0.147871 0.108243 -0.151173
v -0.147871 0.108243 -0.151173
v 0.147871 0.108243 -0.151173
v 0.147836 0.108070 -0.151115
v -0.147871 0.108243 -0.151173
v 0.147836 0.108070 -0.151115
v -0.147835 0.108070 -0.151115
v -0.147835 0.108070 -0.151115
v 0.147836 0.108070 -0.151115
v 0.147805 0.107883 -0.151093
v -0.147835 0.108070 -0.151115
v 0.147805 0.107883 -0.151093
v -0.147804 0.107883 -0.151093
v 0.149648 0.107883 -0.149864
v 0.149648 -0.139267 -0.149864
v 0.149585 -0.139267 -0.150182
v 0.149648 0.107883 -0.149864
v 0.149585 -0.139267 -0.150182
v 0.149578 0.107883 -0.150181
v 0.149578 0.107883 -0.150181
v 0.149585 -0.139267 -0.150182
v 0.149401 -0.139267 -0.150479
v 0.149578 0.107883 -0.150181
v 0.149401 -0.139267 -0.150479
v 0.149394 0.107883 -0.150476
v 0.149394 0.107883 -0.150476
v 0.149401 -0.139267 -0.150479
v 0.149108 -0.139267 -0.150733
v 0.149394 0.107883 -0.150476
v 0.149108 -0.139267 -0.150733
v 0.149108 0.107883 -0.150733
v 0.149108 0.107883 -0.150733
v 0.149108 -0.139267 -0.150733
v 0.148727 -0.139267 -0.150928
v 0.149108 0.107883 -0.150733
v 0.148727 -0.139267 -0.150928
v 0.148723 0.107883 -0.150924
v 0.148723 0.107883 -0.150924
v 0.148727 -0.139267 -0.150928
v 0.148282 -0.139267 -0.151051
v 0.148723 0.107883 -0.150924
v 0.148282 -0.139267 -0.151051
v 0.148280 0.107883 -0.151046
v 0.148280 0.107883 -0.151046
v 0.148282 -0.139267 -0.151051
v 0.147805 -0.139267 -0.151093
v 0.148280 0.107883 -0.151046
v 0.147805 -0.139267 -0.151093
v 0.147805 0.107883 -0.151093
v 0.147805 -0.140803 0.149865
v 0.147805 -0.140803 -0.149864
v 0.148282 -0.140751 -0.149864
v 0.147805 -0.140803 0.149865
v 0.148282 -0.140751 -0.149864
v 0.148282 -0.140751 0.149865
v 0.148282 -0.140751 0.149865
v 0.148282 -0.140751 -0.149864
v 0.148727 -0.140597 -0.149864
v 0.148282 -0.140751 0.149865
v 0.148727 -0.140597 -0.149864
v 0.148727 -0.140597 0.149865
v 0.148727 -0.140597 0.149865
v 0.148727 -0.140597 -0.149864
v 0.149108 -0.140353 -0.149864
v 0.148727 -0.140597 0.149865
v 0.149108 -0.140353 -0.149864
v 0.149108 -0.140353 0.149865
v 0.149108 -0.140353 0.149865
v 0.149108 -0.140353 -0.149864
v 0.149401 -0.140035 -0.149864
v 0.149108 -0.140353 0.149865
v 0.149401 -0.140035 -0.149864
v 0.149401 -0.140035 0.149865
v 0.149401 -0.140035 0.149865
v 0.149401 -0.140035 -0.149864
v 0.149585 -0.139665 -0.149864
v 0.149401 -0.140035 0.149865
v 0.149585 -0.139665 -0.149864
v 0.149585 -0.139665 0.149865
v 0.149585 -0.139665 0.149865
v 0.149585 -0.139665 -0.149864
v 0.149648 -0.139267 -0.149864
v 0.149585 -0.139665 0.149865
v 0.149648 -0.139267 -0.149864
v 0.149648 -0.139267 0.149865
v 0.150520 0.108587 -0.149743
v 0.150520 0.108587 0.149744
v 0.150295 0.108565 0.149762
v 0.150520 0.108587 -0.149743
v 0.150295 0.108565 0.149762
v 0.150295 0.108565 -0.149761
v 0.150295 0.108565 -0.149761
v 0.150295 0.108565 0.149762
v 0.150086 0.108498 0.149782
v 0.150295 0.108565 -0.149761
v 0.150086 0.108498 0.149782
v 0.150086 0.108498 -0.149782
v 0.150086 0.108498 -0.149782
v 0.150086 0.108498 0.149782
v 0.149903 0.108390 0.149804
v 0.150086 0.108498 -0.149782
v 0.149903 0.108390 0.149804
v 0.149903 0.108390 -0.149804
v 0.149903 0.108390 -0.149804
v 0.149903 0.108390 0.149804
v 0.149768 0.108242 0.149826
v 0.149903 0.108390 -0.149804
v 0.149768 0.108242 0.149826
v 0.149768 0.108242 -0.149826
v 0.149768 0.108242 -0.149826
v 0.149768 0.108242 0.149826
v 0.149681 0.108070 0.149847
v 0.149768 0.108242 -0.149826
v 0.149681 0.108070 0.149847
v 0.149681 0.108070 -0.149846
v 0.149681 0.108070 -0.149846
v 0.149681 0.108070 0.149847
v 0.149648 0.107883 0.149865
v 0.149681 0.108070 -0.149846
v 0.149648 0.107883 0.149865
v 0.149648 0.107883 -0.149864
v 0.147805 0.107883 0.151094
v 0.147805 -0.139267 0.151094
v 0.148282 -0.139267 0.151052
v 0.147805 0.107883 0.151094
v 0.148282 -0.139267 0.151052
v 0.148280 0.107883 0.151047
v 0.148280 0.107883 0.151047
v 0.148282 -0.139267 0.151052
v 0.148727 -0.139267 0.150929
v 0.148280 0.107883 0.151047
v 0.148727 -0.139267 0.150929
v 0.148723 0.107883 0.150924
v 0.148723 0.107883 0.150924
v 0.148727 -0.139267 0.150929
v 0.149108 -0.139267 0.150734
v 0.148723 0.107883 0.150924
v 0.149108 -0.139267 0.150734
v 0.149108 0.107883 0.150734
v 0.149108 0.107883 0.150734
v 0.149108 -0.139267 0.150734
v 0.149401 -0.139267 0.150479
v 0.149108 0.107883 0.150734
v 0.149401 -0.139267 0.150479
v 0.149394 0.107883 0.150477
v 0.149394 0.107883 0.150477
v 0.149401 -0.139267 0.150479
v 0.149585 -0.139267 0.150183
v 0.149394 0.107883 0.150477
v 0.149585 -0.139267 0.150183
v 0.149578 0.107883 0.150181
v 0.149578 0.107883 0.150181
v 0.149585 -0.139267 0.150183
v 0.149648 -0.139267 0.149865
v 0.149578 0.107883 0.150181
v 0.149648 -0.139267 0.149865
v 0.149648 0.107883 0.149865
v -0.147804 -0.140803 0.149865
v 0.147805 -0.140803 0.149865
v 0.147805 -0.140751 0.150183
v -0.147804 -0.140803 0.149865
v 0.147805 -0.140751 0.150183
v -0.147804 -0.140751 0.150183
v -0.147804 -0.140751 0.150183
v 0.147805 -0.140751 0.150183
v 0.147805 -0.140597 0.150479
v -0.147804 -0.140751 0.150183
v 0.147805 -0.140597 0.150479
v -0.147804 -0.140597 0.150479
v -0.147804 -0.140597 0.150479
v 0.147805 -0.140597 0.150479
v 0.147805 -0.140353 0.150734
v -0.147804 -0.140597 0.150479
v 0.147805 -0.140353 0.150734
v -0.147804 -0.140353 0.150734
v -0.147804 -0.140353 0.150734
v 0.147805 -0.140353 0.150734
v 0.147805 -0.140035 0.150929
v -0.147804 -0.140353 0.150734
v 0.147805 -0.140035 0.150929
v -0.147804 -0.140035 0.150929
v -0.147804 -0.140035 0.150929
v 0.147805 -0.140035 0.150929
v 0.147805 -0.139665 0.151052
v -0.147804 -0.140035 0.150929
v 0.147805 -0.139665 0.151052
v -0.147804 -0.139665 0.151052
v -0.147804 -0.139665 0.151052
v 0.147805 -0.139665 0.151052
v 0.147805 -0.139267 0.151094
v -0.147804 -0.139665 0.151052
v 0.147805 -0.139267 0.151094
v -0.147804 -0.139267 0.151094
v 0.148015 0.108595 0.151675
v -0.148014 0.108595 0.151675
v -0.147983 0.108571 0.151525
v 0.148015 0.108595 0.151675
v -0.147983 0.108571 0.151525
v 0.147984 0.108571 0.151525
v 0.147984 0.108571 0.151525
v -0.147983 0.108571 0.151525
v -0.147948 0.108502 0.151385
v 0.147984 0.108571 0.151525
v -0.147948 0.108502 0.151385
v 0.147948 0.108502 0.151385
v 0.147948 0.108502 0.151385
v -0.147948 0.108502 0.151385
v -0.147909 0.108393 0.151264
v 0.147948 0.108502 0.151385
v -0.147909 0.108393 0.151264
v 0.147910 0.108393 0.151264
v 0.147910 0.108393 0.151264
v -0.147909 0.108393 0.151264
v -0.147871 0.108243 0.151174
v 0.147910 0.108393 0.151264
v -0.147871 0.108243 0.151174
v 0.147871 0.108243 0.151174
v 0.147871 0.108243 0.151174
v -0.147871 0.108243 0.151174
v -0.147835 0.108070 0.151116
v 0.147871 0.108243 0.151174
v -0.147835 0.108070 0.151116
v 0.147836 0.108070 0.151116
v 0.147836 0.108070 0.151116
v -0.147835 0.108070 0.151116
v -0.147804 0.107883 0.151094
v 0.147836 0.108070 0.151116
v -0.147804 0.107883 0.151094
v 0.147805 0.107883 0.151094
v -0.150937 0.108517 -0.154625
v -0.148014 0.108595 -0.151674
v -0.148381 0.108600 -0.151392
v -0.150937 0.108517 -0.154625
v -0.148381 0.108600 -0.151392
v -0.151335 0.108517 -0.154521
v -0.151335 0.108517 -0.154521
v -0.148381 0.108600 -0.151392
v -0.148808 0.108603 -0.151062
v -0.151335 0.108517 -0.154521
v -0.148808 0.108603 -0.151062
v -0.151717 0.108519 -0.154239
v -0.151717 0.108519 -0.154239
v -0.148808 0.108603 -0.151062
v -0.149267 0.108603 -0.150709
v -0.151717 0.108519 -0.154239
v -0.149267 0.108603 -0.150709
v -0.152055 0.108522 -0.153789
v -0.152055 0.108522 -0.153789
v -0.149267 0.108603 -0.150709
v -0.149725 0.108600 -0.150356
v -0.152055 0.108522 -0.153789
v -0.149725 0.108600 -0.150356
v -0.152300 0.108525 -0.153195
v -0.152300 0.108525 -0.153195
v -0.149725 0.108600 -0.150356
v -0.150152 0.108594 -0.150026
v -0.152300 0.108525 -0.153195
v -0.150152 0.108594 -0.150026
v -0.152459 0.108529 -0.152505
v -0.152459 0.108529 -0.152505
v -0.150152 0.108594 -0.150026
v -0.150519 0.108587 -0.149743
v -0.152459 0.108529 -0.152505
v -0.150519 0.108587 -0.149743
v -0.152520 0.108533 -0.151764
v -0.148014 0.108595 0.151675
v -0.150937 0.108517 0.154626
v -0.151335 0.108521 0.154521
v -0.148014 0.108595 0.151675
v -0.151335 0.108521 0.154521
v -0.148381 0.108600 0.151392
v -0.148381 0.108600 0.151392
v -0.151335 0.108521 0.154521
v -0.151717 0.108525 0.154240
v -0.148381 0.108600 0.151392
v -0.151717 0.108525 0.154240
v -0.148808 0.108603 0.151063
v -0.148808 0.108603 0.151063
v -0.151717 0.108525 0.154240
v -0.152055 0.108529 0.153789
v -0.148808 0.108603 0.151063
v -0.152055 0.108529 0.153789
v -0.149267 0.108603 0.150709
v -0.149267 0.108603 0.150709
v -0.152055 0.108529 0.153789
v -0.152300 0.108531 0.153195
v -0.149267 0.108603 0.150709
v -0.152300 0.108531 0.153195
v -0.149725 0.108600 0.150356
v -0.149725 0.108600 0.150356
v -0.152300 0.108531 0.153195
v -0.152459 0.108533 0.152505
v -0.149725 0.108600 0.150356
v -0.152459 0.108533 0.152505
v -0.150152 0.108594 0.150027
v -0.150152 0.108594 0.150027
v -0.152459 0.108533 0.152505
v -0.152520 0.108533 0.151764
v -0.150152 0.108594 0.150027
v -0.152520 0.108533 0.151764
v -0.150519 0.108587 0.149744
v 0.150937 0.108517 0.154626
v 0.148015 0.108595 0.151675
v 0.148382 0.108600 0.151392
v 0.150937 0.108517 0.154626
v 0.148382 0.108600 0.151392
v 0.151336 0.108517 0.154521
v 0.151336 0.108517 0.154521
v 0.148382 0.108600 0.151392
v 0.148809 0.108603 0.151063
v 0.151336 0.108517 0.154521
v 0.148809 0.108603 0.151063
v 0.151717 0.108519 0.154240
v 0.151717 0.108519 0.154240
v 0.148809 0.108603 0.151063
v 0.149267 0.108603 0.150709
v 0.151717 0.108519 0.154240
v 0.149267 0.108603 0.150709
v 0.152056 0.108522 0.153789
v 0.152056 0.108522 0.153789
v 0.149267 0.108603 0.150709
v 0.149726 0.108600 0.150356
v 0.152056 0.108522 0.153789
v 0.149726 0.108600 0.150356
v 0.152301 0.108525 0.153195
v 0.152301 0.108525 0.153195
v 0.149726 0.108600 0.150356
v 0.150153 0.108594 0.150027
v 0.152301 0.108525 0.153195
v 0.150153 0.108594 0.150027
v 0.152460 0.108529 0.152505
v 0.152460 0.108529 0.152505
v 0.150153 0.108594 0.150027
v 0.150520 0.108587 0.149744
v 0.152460 0.108529 0.152505
v 0.150520 0.108587 0.149744
v 0.152521 0.108533 0.151764
v 0.148015 0.108595 -0.151674
v 0.150937 0.108517 -0.154625
v 0.151336 0.108521 -0.154521
v 0.148015 0.108595 -0.151674
v 0.151336 0.108521 -0.154521
v 0.148382 0.108600 -0.151392
v 0.148382 0.108600 -0.151392
v 0.151336 0.108521 -0.154521
v 0.151717 0.108525 -0.154239
v 0.148382 0.108600 -0.151392
v 0.151717 0.108525 -0.154239
v 0.148809 0.108603 -0.151062
v 0.148809 0.108603 -0.151062
v 0.151717 0.108525 -0.154239
v 0.152056 0.108529 -0.153789
v 0.148809 0.108603 -0.151062
v 0.152056 0.108529 -0.153789
v 0.149267 0.108603 -0.150709
v 0.149267 0.108603 -0.150709
v 0.152056 0.108529 -0.153789
v 0.152301 0.108531 -0.153195
v 0.149267 0.108603 -0.150709
v 0.152301 0.108531 -0.153195
v 0.149726 0.108600 -0.150356
v 0.149726 0.108600 -0.150356
v 0.152301 0.108531 -0.153195
v 0.152460 0.108533 -0.152505
v 0.149726 0.108600 -0.150356
v 0.152460 0.108533 -0.152505
v 0.150153 0.108594 -0.150026
v 0.150153 0.108594 -0.150026
v 0.152460 0.108533 -0.152505
v 0.152521 0.108533 -0.151764
v 0.150153 0.108594 -0.150026
v 0.152521 0.108533 -0.151764
v 0.150520 0.108587 -0.149743
v -0.154363 0.110021 0.154625
v -0.154363 0.110021 -0.154625
v -0.154293 0.109629 -0.154204
v -0.154363 0.110021 0.154625
v -0.154293 0.109629 -0.154204
v -0.154293 0.109629 0.154205
v -0.154293 0.109629 0.154205
v -0.154293 0.109629 -0.154204
v -0.154110 0.109264 -0.153717
v -0.154293 0.109629 0.154205
v -0.154110 0.109264 -0.153717
v -0.154110 0.109264 0.153718
v -0.154110 0.109264 0.153718
v -0.154110 0.109264 -0.153717
v -0.153823 0.108949 -0.153194
v -0.154110 0.109264 0.153718
v -0.153823 0.108949 -0.153194
v -0.153823 0.108949 0.153195
v -0.153823 0.108949 0.153195
v -0.153823 0.108949 -0.153194
v -0.153436 0.108720 -0.152671
v -0.153823 0.108949 0.153195
v -0.153436 0.108720 -0.152671
v -0.153436 0.108720 0.152672
v -0.153436 0.108720 0.152672
v -0.153436 0.108720 -0.152671
v -0.152992 0.108579 -0.152184
v -0.153436 0.108720 0.152672
v -0.152992 0.108579 -0.152184
v -0.152992 0.108579 0.152185
v -0.152992 0.108579 0.152185
v -0.152992 0.108579 -0.152184
v -0.152520 0.108533 -0.151764
v -0.152992 0.108579 0.152185
v -0.152520 0.108533 -0.151764
v -0.152520 0.108533 0.151764
v -0.152519 0.110021 -0.155854
v 0.152520 0.110021 -0.155854
v 0.152286 0.109627 -0.155807
v -0.152519 0.110021 -0.155854
v 0.152286 0.109627 -0.155807
v -0.152286 0.109627 -0.155807
v -0.152286 0.109627 -0.155807
v 0.152286 0.109627 -0.155807
v 0.152017 0.109260 -0.155685
v -0.152286 0.109627 -0.155807
v 0.152017 0.109260 -0.155685
v -0.152017 0.109260 -0.155685
v -0.152017 0.109260 -0.155685
v 0.152017 0.109260 -0.155685
v 0.151729 0.108944 -0.155494
v -0.152017 0.109260 -0.155685
v 0.151729 0.108944 -0.155494
v -0.151728 0.108944 -0.155494
v -0.151728 0.108944 -0.155494
v 0.151729 0.108944 -0.155494
v 0.151440 0.108712 -0.155236
v -0.151728 0.108944 -0.155494
v 0.151440 0.108712 -0.155236
v -0.151439 0.108712 -0.155236
v -0.151439 0.108712 -0.155236
v 0.151440 0.108712 -0.155236
v 0.151171 0.108567 -0.154941
v -0.151439 0.108712 -0.155236
v 0.151171 0.108567 -0.154941
v -0.151170 0.108567 -0.154941
v -0.151170 0.108567 -0.154941
v 0.151171 0.108567 -0.154941
v 0.150937 0.108517 -0.154625
v -0.151170 0.108567 -0.154941
v 0.150937 0.108517 -0.154625
v -0.150937 0.108517 -0.154625
v 0.154363 0.110021 -0.154625
v 0.154363 0.110021 0.154625
v 0.154294 0.109629 0.154205
v 0.154363 0.110021 -0.154625
v 0.154294 0.109629 0.154205
v 0.154294 0.109629 -0.154204
v 0.154294 0.109629 -0.154204
v 0.154294 0.109629 0.154205
v 0.154110 0.109264 0.153718
v 0.154294 0.109629 -0.154204
v 0.154110 0.109264 0.153718
v 0.154110 0.109264 -0.153717
v 0.154110 0.109264 -0.153717
v 0.154110 0.109264 0.153718
v 0.153823 0.108949 0.153195
v 0.154110 0.109264 -0.153717
v 0.153823 0.108949 0.153195
v 0.153823 0.108949 -0.153194
v 0.153823 0.108949 -0.153194
v 0.153823 0.108949 0.153195
v 0.153437 0.108720 0.152672
v 0.153823 0.108949 -0.153194
v 0.153437 0.108720 0.152672
v 0.153437 0.108720 -0.152671
v 0.153437 0.108720 -0.152671
v 0.153437 0.108720 0.152672
v 0.152992 0.108579 0.152185
v 0.153437 0.108720 -0.152671
v 0.152992 0.108579 0.152185
v 0.152992 0.108579 -0.152184
v 0.152992 0.108579 -0.152184
v 0.152992 0.108579 0.152185
v 0.152521 0.108533 0.151764
v 0.152992 0.108579 -0.152184
v 0.152521 0.108533 0.151764
v 0.152521 0.108533 -0.151764
v 0.152520 0.110021 0.155854
v -0.152519 0.110021 0.155854
v -0.152286 0.109627 0.155807
v 0.152520 0.110021 0.155854
v -0.152286 0.109627 0.155807
v 0.152286 0.109627 0.155807
v 0.152286 0.109627 0.155807
v -0.152286 0.109627 0.155807
v -0.152017 0.109261 0.155685
v 0.152286 0.109627 0.155807
v -0.152017 0.109261 0.155685
v 0.152017 0.109260 0.155685
v 0.152017 0.109260 0.155685
v -0.152017 0.109261 0.155685
v -0.151728 0.108944 0.155494
v 0.152017 0.109260 0.155685
v -0.151728 0.108944 0.155494
v 0.151729 0.108944 0.155494
v 0.151729 0.108944 0.155494
v -0.151728 0.108944 0.155494
v -0.151439 0.108712 0.155237
v 0.151729 0.108944 0.155494
v -0.151439 0.108712 0.155237
v 0.151440 0.108712 0.155237
v 0.151440 0.108712 0.155237
v -0.151439 0.108712 0.155237
v -0.151170 0.108567 0.154942
v 0.151440 0.108712 0.155237
v -0.151170 0.108567 0.154942
v 0.151171 0.108567 0.154942
v 0.151171 0.108567 0.154942
v -0.151170 0.108567 0.154942
v -0.150937 0.108517 0.154626
v 0.151171 0.108567 0.154942
v -0.150937 0.108517 0.154626
v 0.150937 0.108517 0.154626
v -0.152519 0.135277 0.154625
v -0.152519 0.135277 -0.154625
v -0.152996 0.135224 -0.154625
v -0.152519 0.135277 0.154625
v -0.152996 0.135224 -0.154625
v -0.152996 0.135224 0.154625
v -0.152996 0.135224 0.154625
v -0.152996 0.135224 -0.154625
v -0.153441 0.135071 -0.154625
v -0.152996 0.135224 0.154625
v -0.153441 0.135071 -0.154625
v -0.153441 0.135071 0.154625
v -0.153441 0.135071 0.154625
v -0.153441 0.135071 -0.154625
v -0.153823 0.134827 -0.154625
v -0.153441 0.135071 0.154625
v -0.153823 0.134827 -0.154625
v -0.153823 0.134827 0.154625
v -0.153823 0.134827 0.154625
v -0.153823 0.134827 -0.154625
v -0.154116 0.134509 -0.154625
v -0.153823 0.134827 0.154625
v -0.154116 0.134509 -0.154625
v -0.154116 0.134509 0.154625
v -0.154116 0.134509 0.154625
v -0.154116 0.134509 -0.154625
v -0.154300 0.134138 -0.154625
v -0.154116 0.134509 0.154625
v -0.154300 0.134138 -0.154625
v -0.154300 0.134138 0.154625
v -0.154300 0.134138 0.154625
v -0.154300 0.134138 -0.154625
v -0.154363 0.133741 -0.154625
v -0.154300 0.134138 0.154625
v -0.154363 0.133741 -0.154625
v -0.154363 0.133741 0.154625
v -0.152519 0.135277 -0.154625
v 0.152520 0.135277 -0.154625
v 0.152520 0.135224 -0.154943
v -0.152519 0.135277 -0.154625
v 0.152520 0.135224 -0.154943
v -0.152519 0.135224 -0.154943
v -0.152519 0.135224 -0.154943
v 0.152520 0.135224 -0.154943
v 0.152520 0.135071 -0.155239
v -0.152519 0.135224 -0.154943
v 0.152520 0.135071 -0.155239
v -0.152519 0.135071 -0.155239
v -0.152519 0.135071 -0.155239
v 0.152520 0.135071 -0.155239
v 0.152520 0.134827 -0.155494
v -0.152519 0.135071 -0.155239
v 0.152520 0.134827 -0.155494
v -0.152519 0.134827 -0.155494
v -0.152519 0.134827 -0.155494
v 0.152520 0.134827 -0.155494
v 0.152520 0.134509 -0.155689
v -0.152519 0.134827 -0.155494
v 0.152520 0.134509 -0.155689
v -0.152519 0.134509 -0.155689
v -0.152519 0.134509 -0.155689
v 0.152520 0.134509 -0.155689
v 0.152520 0.134138 -0.155812
v -0.152519 0.134509 -0.155689
v 0.152520 0.134138 -0.155812
v -0.152519 0.134138 -0.155812
v -0.152519 0.134138 -0.155812
v 0.152520 0.134138 -0.155812
v 0.152520 0.133741 -0.155854
v -0.152519 0.134138 -0.155812
v 0.152520 0.133741 -0.155854
v -0.152519 0.133741 -0.155854
v 0.152520 0.135277 -0.154625
v 0.152520 0.135277 0.154625
v 0.152997 0.135224 0.154625
v 0.152520 0.135277 -0.154625
v 0.152997 0.135224 0.154625
v 0.152997 0.135224 -0.154625
v 0.152997 0.135224 -0.154625
v 0.152997 0.135224 0.154625
v 0.153442 0.135071 0.154625
v 0.152997 0.135224 -0.154625
v 0.153442 0.135071 0.154625
v 0.153442 0.135071 -0.154625
v 0.153442 0.135071 -0.154625
v 0.153442 0.135071 0.154625
v 0.153823 0.134827 0.154625
v 0.153442 0.135071 -0.154625
v 0.153823 0.134827 0.154625
v 0.153823 0.134827 -0.154625
v 0.153823 0.134827 -0.154625
v 0.153823 0.134827 0.154625
v 0.154116 0.134509 0.154625
v 0.153823 0.134827 -0.154625
v 0.154116 0.134509 0.154625
v 0.154116 0.134509 -0.154625
v 0.154116 0.134509 -0.154625
v 0.154116 0.134509 0.154625
v 0.154300 0.134138 0.154625
v 0.154116 0.134509 -0.154625
v 0.154300 0.134138 0.154625
v 0.154300 0.134138 -0.154625
v 0.154300 0.134138 -0.154625
v 0.154300 0.134138 0.154625
v 0.154363 0.133741 0.154625
v 0.154300 0.134138 -0.154625
v 0.154363 0.133741 0.154625
v 0.154363 0.133741 -0.154625
v 0.152520 0.135277 0.154625
v -0.152519 0.135277 0.154625
v -0.152519 0.135224 0.154943
v 0.152520 0.135277 0.154625
v -0.152519 0.135224 0.154943
v 0.152520 0.135224 0.154943
v 0.152520 0.135224 0.154943
v -0.152519 0.135224 0.154943
v -0.152519 0.135071 0.155240
v 0.152520 0.135224 0.154943
v -0.152519 0.135071 0.155240
v 0.152520 0.135071 0.155240
v 0.152520 0.135071 0.155240
v -0.152519 0.135071 0.155240
v -0.152519 0.134827 0.155494
v 0.152520 0.135071 0.155240
v -0.152519 0.134827 0.155494
v 0.152520 0.134827 0.155494
v 0.152520 0.134827 0.155494
v -0.152519 0.134827 0.155494
v -0.152519 0.134509 0.155689
v 0.152520 0.134827 0.155494
v -0.152519 0.134509 0.155689
v 0.152520 0.134509 0.155690
v 0.152520 0.134509 0.155690
v -0.152519 0.134509 0.155689
v -0.152519 0.134138 0.155812
v 0.152520 0.134509 0.155690
v -0.152519 0.134138 0.155812
v 0.152520 0.134138 0.155812
v 0.152520 0.134138 0.155812
v -0.152519 0.134138 0.155812
v -0.152519 0.133741 0.155854
v 0.152520 0.134138 0.155812
v -0.152519 0.133741 0.155854
v 0.152520 0.133741 0.155854
v 0.152520 0.110021 -0.155854
v 0.152520 0.133741 -0.155854
v 0.152997 0.133741 -0.155812
v 0.152520 0.110021 -0.155854
v 0.152997 0.133741 -0.155812
v 0.152995 0.110021 -0.155807
v 0.152995 0.110021 -0.155807
v 0.152997 0.133741 -0.155812
v 0.153442 0.133741 -0.155689
v 0.152995 0.110021 -0.155807
v 0.153442 0.133741 -0.155689
v 0.153438 0.110021 -0.155684
v 0.153438 0.110021 -0.155684
v 0.153442 0.133741 -0.155689
v 0.153823 0.133741 -0.155494
v 0.153438 0.110021 -0.155684
v 0.153823 0.133741 -0.155494
v 0.153823 0.110021 -0.155494
v 0.153823 0.110021 -0.155494
v 0.153823 0.133741 -0.155494
v 0.154116 0.133741 -0.155239
v 0.153823 0.110021 -0.155494
v 0.154116 0.133741 -0.155239
v 0.154109 0.110021 -0.155237
v 0.154109 0.110021 -0.155237
v 0.154116 0.133741 -0.155239
v 0.154300 0.133741 -0.154943
v 0.154109 0.110021 -0.155237
v 0.154300 0.133741 -0.154943
v 0.154293 0.110021 -0.154941
v 0.154293 0.110021 -0.154941
v 0.154300 0.133741 -0.154943
v 0.154363 0.133741 -0.154625
v 0.154293 0.110021 -0.154941
v 0.154363 0.133741 -0.154625
v 0.154363 0.110021 -0.154625
v 0.152520 0.133741 0.155854
v 0.152520 0.110021 0.155854
v 0.152995 0.110021 0.155807
v 0.152520 0.133741 0.155854
v 0.152995 0.110021 0.155807
v 0.152997 0.133741 0.155812
v 0.152997 0.133741 0.155812
v 0.152995 0.110021 0.155807
v 0.153438 0.110021 0.155685
v 0.152997 0.133741 0.155812
v 0.153438 0.110021 0.155685
v 0.153442 0.133741 0.155690
v 0.153442 0.133741 0.155690
v 0.153438 0.110021 0.155685
v 0.153823 0.110021 0.155494
v 0.153442 0.133741 0.155690
v 0.153823 0.110021 0.155494
v 0.153823 0.133741 0.155494
v 0.153823 0.133741 0.155494
v 0.153823 0.110021 0.155494
v 0.154109 0.110021 0.155237
v 0.153823 0.133741 0.155494
v 0.154109 0.110021 0.155237
v 0.154116 0.133741 0.155240
v 0.154116 0.133741 0.155240
v 0.154109 0.110021 0.155237
v 0.154293 0.110021 0.154942
v 0.154116 0.133741 0.155240
v 0.154293 0.110021 0.154942
v 0.154300 0.133741 0.154943
v 0.154300 0.133741 0.154943
v 0.154293 0.110021 0.154942
v 0.154363 0.110021 0.154625
v 0.154300 0.133741 0.154943
v 0.154363 0.110021 0.154625
v 0.154363 0.133741 0.154625
v -0.152519 0.110021 0.155854
v -0.152519 0.133741 0.155854
v -0.152996 0.133741 0.155812
v -0.152519 0.110021 0.155854
v -0.152996 0.133741 0.155812
v -0.152994 0.110021 0.155807
v -0.152994 0.110021 0.155807
v -0.152996 0.133741 0.155812
v -0.153441 0.133741 0.155689
v -0.152994 0.110021 0.155807
v -0.153441 0.133741 0.155689
v -0.153437 0.110021 0.155685
v -0.153437 0.110021 0.155685
v -0.153441 0.133741 0.155689
v -0.153823 0.133741 0.155494
v -0.153437 0.110021 0.155685
v -0.153823 0.133741 0.155494
v -0.153823 0.110021 0.155494
v -0.153823 0.110021 0.155494
v -0.153823 0.133741 0.155494
v -0.154116 0.133741 0.155240
v -0.153823 0.110021 0.155494
v -0.154116 0.133741 0.155240
v -0.154109 0.110021 0.155237
v -0.154109 0.110021 0.155237
v -0.154116 0.133741 0.155240
v -0.154300 0.133741 0.154943
v -0.154109 0.110021 0.155237
v -0.154300 0.133741 0.154943
v -0.154292 0.110021 0.154942
v -0.154292 0.110021 0.154942
v -0.154300 0.133741 0.154943
v -0.154363 0.133741 0.154625
v -0.154292 0.110021 0.154942
v -0.154363 0.133741 0.154625
v -0.154363 0.110021 0.154625
v -0.152519 0.133741 -0.155854
v -0.152519 0.110021 -0.155854
v -0.152994 0.110021 -0.155807
v -0.152519 0.133741 -0.155854
v -0.152994 0.110021 -0.155807
v -0.152996 0.133741 -0.155812
v -0.152996 0.133741 -0.155812
v -0.152994 0.110021 -0.155807
v -0.153437 0.110021 -0.155684
v -0.152996 0.133741 -0.155812
v -0.153437 0.110021 -0.155684
v -0.153441 0.133741 -0.155689
v -0.153441 0.133741 -0.155689
v -0.153437 0.110021 -0.155684
v -0.153823 0.110021 -0.155494
v -0.153441 0.133741 -0.155689
v -0.153823 0.110021 -0.155494
v -0.153823 0.133741 -0.155494
v -0.153823 0.133741 -0.155494
v -0.153823 0.110021 -0.155494
v -0.154109 0.110021 -0.155237
v -0.153823 0.133741 -0.155494
v -0.154109 0.110021 -0.155237
v -0.154116 0.133741 -0.155239
v -0.154116 0.133741 -0.155239
v -0.154109 0.110021 -0.155237
v -0.154292 0.110021 -0.154941
v -0.154116 0.133741 -0.155239
v -0.154292 0.110021 -0.154941
v -0.154300 0.133741 -0.154943
v -0.154300 0.133741 -0.154943
v -0.154292 0.110021 -0.154941
v -0.154363 0.110021 -0.154625
v -0.154300 0.133741 -0.154943
v -0.154363 0.110021 -0.154625
v -0.154363 0.133741 -0.154625
v -0.147804 -0.140803 -0.149864
v 0.147805 -0.140803 -0.149864
v 0.147805 -0.140803 0.149865
v -0.147804 -0.140803 -0.149864
v 0.147805 -0.140803 0.149865
v -0.147804 -0.140803 0.149865
vn -0.0000 -0.0000 1.0000
vn -0.0000 -0.9997 0.0264
vn -0.0266 -0.9996 -0.0000
vn 0.0266 -0.9996 -0.0000
vn -1.0000 -0.0000 -0.0000
vn 1.0000 -0.0000 -0.0000
vn -0.0000 -0.0000 -1.0000
vn -0.0000 -0.9997 -0.0264
vn -0.0000 1.0000 -0.0000
vn -0.1126 -0.9792 0.1687
vn -0.1125 -0.9792 0.1686
vn -0.1127 -0.9792 0.1687
vn -0.1145 -0.9784 0.1719
vn -0.1143 -0.9785 0.1717
vn -0.1146 -0.9784 0.1720
vn -0.1053 -0.8786 0.4659
vn -0.1048 -0.8786 0.4659
vn -0.1048 -0.8784 0.4663
vn -0.1082 -0.8772 0.4678
vn -0.1079 -0.8770 0.4683
vn -0.1084 -0.8769 0.4682
vn -0.0941 -0.7159 0.6918
vn -0.0939 -0.7159 0.6918
vn -0.0937 -0.7158 0.6920
vn -0.0957 -0.7157 0.6918
vn -0.0954 -0.7155 0.6921
vn -0.0957 -0.7156 0.6919
vn -0.3281 -0.9293 0.1696
vn -0.3279 -0.9295 0.1690
vn -0.3284 -0.9293 0.1689
vn -0.3296 -0.9280 0.1736
vn -0.3300 -0.9280 0.1730
vn -0.3300 -0.9279 0.1734
vn -0.3090 -0.8303 0.4638
vn -0.3088 -0.8304 0.4637
vn -0.3088 -0.8303 0.4639
vn -0.3095 -0.8296 0.4648
vn -0.3095 -0.8295 0.4650
vn -0.3095 -0.8295 0.4649
vn -0.2788 -0.6850 0.6731
vn -0.2790 -0.6848 0.6732
vn -0.2789 -0.6850 0.6731
vn -0.2786 -0.6850 0.6732
vn -0.2787 -0.6850 0.6731
vn -0.2784 -0.6852 0.6731
vn -0.5344 -0.8291 0.1642
vn -0.5341 -0.8293 0.1643
vn -0.5341 -0.8292 0.1645
vn -0.5343 -0.8288 0.1661
vn -0.5342 -0.8288 0.1666
vn -0.5343 -0.8288 0.1664
vn -0.4885 -0.7443 0.4554
vn -0.4886 -0.7440 0.4558
vn -0.4883 -0.7443 0.4556
vn -0.4884 -0.7446 0.4549
vn -0.4882 -0.7447 0.4551
vn -0.4881 -0.7450 0.4547
vn -0.4272 -0.6389 0.6397
vn -0.4284 -0.6370 0.6408
vn -0.4274 -0.6386 0.6399
vn -0.4259 -0.6397 0.6398
vn -0.4256 -0.6401 0.6396
vn -0.4247 -0.6417 0.6386
vn -0.0943 -0.1086 0.9896
vn -0.0943 -0.1087 0.9896
vn -0.0942 -0.1086 0.9896
vn -0.0896 -0.1118 0.9897
vn -0.0896 -0.1119 0.9897
vn -0.0895 -0.1117 0.9897
vn -0.2737 -0.1095 0.9556
vn -0.2740 -0.1096 0.9555
vn -0.2742 -0.1094 0.9554
vn -0.2685 -0.1132 0.9566
vn -0.2689 -0.1130 0.9565
vn -0.2684 -0.1131 0.9566
vn -0.4559 -0.1119 0.8830
vn -0.4561 -0.1119 0.8829
vn -0.4563 -0.1118 0.8828
vn -0.4545 -0.1128 0.8836
vn -0.4549 -0.1126 0.8834
vn -0.4546 -0.1127 0.8835
vn -0.0954 -0.3190 0.9430
vn -0.0957 -0.3192 0.9429
vn -0.0954 -0.3193 0.9428
vn -0.0898 -0.3220 0.9425
vn -0.0898 -0.3224 0.9424
vn -0.0898 -0.3219 0.9425
vn -0.2714 -0.3235 0.9065
vn -0.2715 -0.3237 0.9064
vn -0.2717 -0.3237 0.9063
vn -0.2692 -0.3248 0.9066
vn -0.2695 -0.3249 0.9066
vn -0.2693 -0.3247 0.9067
vn -0.4383 -0.3274 0.8371
vn -0.4382 -0.3272 0.8372
vn -0.4380 -0.3275 0.8372
vn -0.4392 -0.3267 0.8369
vn -0.4389 -0.3268 0.8370
vn -0.0908 -0.5235 0.8472
vn -0.0911 -0.5235 0.8471
vn -0.0912 -0.5234 0.8472
vn -0.0890 -0.5242 0.8469
vn -0.0892 -0.5240 0.8470
vn -0.0890 -0.5241 0.8470
vn -0.2653 -0.5144 0.8155
vn -0.2651 -0.5141 0.8158
vn -0.2655 -0.5141 0.8156
vn -0.2665 -0.5134 0.8157
vn -0.2667 -0.5131 0.8158
vn -0.2668 -0.5135 0.8156
vn -0.4081 -0.4941 0.7677
vn -0.4068 -0.4930 0.7690
vn -0.4075 -0.4935 0.7684
vn -0.4125 -0.4902 0.7678
vn -0.4121 -0.4899 0.7682
vn -0.4128 -0.4908 0.7673
vn -0.9656 -0.1600 0.2051
vn -0.9656 -0.1597 0.2050
vn -0.9665 -0.1629 0.1985
vn -0.9665 -0.1628 0.1984
vn -0.9665 -0.1628 0.1982
vn -0.8740 -0.4447 0.1957
vn -0.8741 -0.4448 0.1953
vn -0.8742 -0.4448 0.1948
vn -0.8740 -0.4482 0.1875
vn -0.8742 -0.4482 0.1865
vn -0.8742 -0.4481 0.1868
vn -0.7220 -0.6697 0.1736
vn -0.7219 -0.6698 0.1735
vn -0.7219 -0.6699 0.1732
vn -0.7220 -0.6704 0.1709
vn -0.7220 -0.6706 0.1704
vn -0.7221 -0.6704 0.1706
vn -0.8328 -0.1463 0.5338
vn -0.8329 -0.1464 0.5338
vn -0.8330 -0.1462 0.5336
vn -0.8350 -0.1491 0.5296
vn -0.8353 -0.1490 0.5293
vn -0.8352 -0.1490 0.5294
vn -0.7581 -0.4069 0.5097
vn -0.7581 -0.4069 0.5096
vn -0.7583 -0.4068 0.5094
vn -0.7587 -0.4080 0.5078
vn -0.7590 -0.4079 0.5075
vn -0.7589 -0.4080 0.5076
vn -0.6420 -0.6059 0.4698
vn -0.6421 -0.6058 0.4697
vn -0.6419 -0.6058 0.4700
vn -0.6420 -0.6052 0.4707
vn -0.6419 -0.6052 0.4710
vn -0.6417 -0.6054 0.4708
vn -0.6478 -0.1242 0.7516
vn -0.6478 -0.1241 0.7517
vn -0.6477 -0.1237 0.7518
vn -0.6481 -0.1242 0.7514
vn -0.6481 -0.1238 0.7515
vn -0.6481 -0.1241 0.7513
vn -0.6044 -0.3549 0.7132
vn -0.6044 -0.3549 0.7133
vn -0.6042 -0.3549 0.7134
vn -0.6040 -0.3544 0.7138
vn -0.6038 -0.3544 0.7140
vn -0.6039 -0.3546 0.7138
vn -0.5459 -0.5250 0.6530
vn -0.5462 -0.5249 0.6529
vn -0.5453 -0.5253 0.6532
vn -0.5452 -0.5221 0.6558
vn -0.5442 -0.5226 0.6563
vn -0.5437 -0.5229 0.6565
vn -0.1190 -0.0434 0.9919
vn -0.1163 -0.0445 0.9922
vn -0.1157 -0.0448 0.9923
vn -0.1403 -0.0822 0.9867
vn -0.1384 -0.0831 0.9869
vn -0.1721 -0.2751 0.9459
vn -0.1684 -0.2763 0.9462
vn -0.1667 -0.2770 0.9463
vn -0.1823 -0.2973 0.9372
vn -0.1782 -0.2987 0.9375
vn -0.1812 -0.2977 0.9373
vn -0.2145 -0.4673 0.8577
vn -0.2073 -0.4693 0.8584
vn -0.2034 -0.4706 0.8586
vn -0.2184 -0.4798 0.8498
vn -0.2098 -0.4823 0.8505
vn -0.2156 -0.4807 0.8500
vn -0.2616 -0.0311 0.9647
vn -0.2621 -0.0309 0.9646
vn -0.2617 -0.0311 0.9646
vn -0.2590 -0.0246 0.9656
vn -0.2592 -0.0245 0.9655
vn -0.2588 -0.0247 0.9656
vn -0.2631 -0.1958 0.9447
vn -0.2610 -0.1965 0.9451
vn -0.2599 -0.1970 0.9453
vn -0.2682 -0.2093 0.9404
vn -0.2657 -0.2102 0.9409
vn -0.2674 -0.2095 0.9405
vn -0.2998 -0.3117 0.9016
vn -0.2933 -0.3136 0.9032
vn -0.2896 -0.3147 0.9039
vn -0.3019 -0.3314 0.8939
vn -0.2950 -0.3334 0.8954
vn -0.2996 -0.3321 0.8944
vn -0.4317 -0.1063 0.8958
vn -0.4319 -0.1061 0.8956
vn -0.4320 -0.1062 0.8956
vn -0.4294 -0.1000 0.8975
vn -0.4299 -0.0998 0.8974
vn -0.4298 -0.0998 0.8974
vn -0.4275 -0.1642 0.8890
vn -0.4262 -0.1646 0.8895
vn -0.4254 -0.1650 0.8898
vn -0.4289 -0.1702 0.8872
vn -0.4273 -0.1708 0.8878
vn -0.4283 -0.1704 0.8874
vn -0.4522 -0.2048 0.8681
vn -0.4494 -0.2057 0.8693
vn -0.4476 -0.2063 0.8701
vn -0.4517 -0.2136 0.8662
vn -0.4484 -0.2147 0.8677
vn -0.4504 -0.2141 0.8668
vn -0.1491 -0.9567 0.2500
vn -0.1332 -0.9544 0.2671
vn -0.1409 -0.9557 0.2584
vn -0.1670 -0.9535 0.2510
vn -0.1590 -0.9525 0.2597
vn -0.1759 -0.9548 0.2398
vn -0.4083 -0.6944 0.5925
vn -0.3930 -0.6924 0.6051
vn -0.4014 -0.6935 0.5983
vn -0.4290 -0.6769 0.5981
vn -0.4208 -0.6760 0.6050
vn -0.4390 -0.6784 0.5890
vn -0.5898 -0.0305 0.8070
vn -0.6067 -0.0315 0.7943
vn -0.5966 -0.0309 0.8020
vn -0.5964 -0.0079 0.8026
vn -0.5919 -0.0073 0.8060
vn -0.6024 -0.0088 0.7981
vn -0.1939 -0.8608 0.4706
vn -0.1785 -0.8567 0.4839
vn -0.1870 -0.8592 0.4762
vn -0.2059 -0.8576 0.4713
vn -0.2007 -0.8564 0.4756
vn -0.2134 -0.8598 0.4639
vn -0.3649 -0.6260 0.6892
vn -0.3447 -0.6219 0.7031
vn -0.3568 -0.6245 0.6947
vn -0.3920 -0.5993 0.6979
vn -0.3823 -0.5975 0.7049
vn -0.4063 -0.6027 0.6867
vn -0.5397 -0.1170 0.8337
vn -0.5450 -0.1176 0.8301
vn -0.5417 -0.1174 0.8323
vn -0.5506 -0.0883 0.8301
vn -0.5453 -0.0873 0.8337
vn -0.5585 -0.0902 0.8246
vn -0.2158 -0.7053 0.6753
vn -0.2003 -0.7001 0.6853
vn -0.2098 -0.7036 0.6789
vn -0.2309 -0.6951 0.6809
vn -0.2263 -0.6938 0.6837
vn -0.2393 -0.6982 0.6747
vn -0.3276 -0.4883 0.8088
vn -0.3103 -0.4832 0.8187
vn -0.3214 -0.4867 0.8123
vn -0.3546 -0.4522 0.8184
vn -0.3469 -0.4501 0.8228
vn -0.3679 -0.4566 0.8100
vn -0.4872 -0.1793 0.8547
vn -0.4825 -0.1778 0.8577
vn -0.4861 -0.1789 0.8554
vn -0.4982 -0.1563 0.8529
vn -0.4946 -0.1552 0.8552
vn -0.5042 -0.1582 0.8490
vn -0.1913 -0.9619 0.1952
vn -0.1975 -0.9616 0.1906
vn -0.1855 -0.9622 0.1992
vn -0.2023 -0.9531 0.2252
vn -0.1980 -0.9533 0.2282
vn -0.1945 -0.9535 0.2303
vn -0.3770 -0.8818 0.2835
vn -0.3818 -0.8811 0.2791
vn -0.3739 -0.8822 0.2861
vn -0.3819 -0.8746 0.2989
vn -0.3785 -0.8751 0.3016
vn -0.3743 -0.8757 0.3052
vn -0.5705 -0.7488 0.3374
vn -0.5752 -0.7476 0.3320
vn -0.5683 -0.7494 0.3397
vn -0.5760 -0.7369 0.3540
vn -0.5733 -0.7376 0.3567
vn -0.5687 -0.7387 0.3617
vn -0.4837 -0.6730 0.5595
vn -0.4885 -0.6727 0.5557
vn -0.4793 -0.6734 0.5628
vn -0.4830 -0.6650 0.5696
vn -0.4818 -0.6654 0.5703
vn -0.4806 -0.6654 0.5713
vn -0.5734 -0.6322 0.5211
vn -0.5795 -0.6314 0.5153
vn -0.5693 -0.6328 0.5248
vn -0.5775 -0.6129 0.5394
vn -0.5753 -0.6132 0.5413
vn -0.5722 -0.6137 0.5440
vn -0.6902 -0.5170 0.5064
vn -0.6950 -0.5158 0.5009
vn -0.6876 -0.5176 0.5092
vn -0.6935 -0.4942 0.5242
vn -0.6915 -0.4947 0.5265
vn -0.6877 -0.4956 0.5305
vn -0.6258 0.0230 0.7797
vn -0.6266 0.0231 0.7790
vn -0.6252 0.0231 0.7801
vn -0.6264 0.0115 0.7794
vn -0.6309 0.0121 0.7758
vn -0.6370 0.0132 0.7707
vn -0.6571 -0.1030 0.7467
vn -0.6588 -0.1027 0.7453
vn -0.6561 -0.1030 0.7477
vn -0.6560 -0.1033 0.7476
vn -0.6573 -0.1032 0.7465
vn -0.6589 -0.1028 0.7452
vn -0.6792 -0.1922 0.7084
vn -0.6809 -0.1917 0.7068
vn -0.6781 -0.1924 0.7094
vn -0.6780 -0.1884 0.7106
vn -0.6774 -0.1884 0.7111
vn -0.6762 -0.1887 0.7122
vn -0.9674 -0.0835 0.2389
vn -0.9676 -0.0838 0.2381
vn -0.9676 -0.0836 0.2383
vn -0.9614 -0.0990 0.2566
vn -0.9616 -0.0993 0.2559
vn -0.9614 -0.0990 0.2567
vn -0.8564 -0.0646 0.5123
vn -0.8560 -0.0642 0.5130
vn -0.8565 -0.0647 0.5121
vn -0.8597 -0.0568 0.5077
vn -0.8596 -0.0567 0.5078
vn -0.8603 -0.0574 0.5065
vn -0.6773 -0.1258 0.7249
vn -0.6779 -0.1263 0.7243
vn -0.6778 -0.1262 0.7244
vn -0.6772 -0.1265 0.7248
vn -0.6775 -0.1267 0.7246
vn -0.6774 -0.1266 0.7246
vn -0.9019 -0.3133 0.2973
vn -0.9021 -0.3136 0.2965
vn -0.9019 -0.3131 0.2977
vn -0.8901 -0.3283 0.3161
vn -0.8898 -0.3278 0.3174
vn -0.8898 -0.3276 0.3178
vn -0.8495 -0.1849 0.4941
vn -0.8493 -0.1847 0.4945
vn -0.8474 -0.1878 0.4966
vn -0.8472 -0.1876 0.4970
vn -0.8472 -0.1876 0.4971
vn -0.6955 -0.1610 0.7003
vn -0.6958 -0.1612 0.6999
vn -0.6958 -0.1612 0.7000
vn -0.6954 -0.1610 0.7003
vn -0.6956 -0.1612 0.7001
vn -0.6954 -0.1611 0.7003
vn -0.7729 -0.5321 0.3457
vn -0.7729 -0.5322 0.3455
vn -0.7725 -0.5313 0.3479
vn -0.7657 -0.5348 0.3574
vn -0.7649 -0.5331 0.3615
vn -0.7650 -0.5334 0.3609
vn -0.7921 -0.3513 0.4992
vn -0.7919 -0.3511 0.4996
vn -0.7912 -0.3504 0.5013
vn -0.7878 -0.3556 0.5029
vn -0.7867 -0.3545 0.5054
vn -0.7870 -0.3548 0.5048
vn -0.6902 -0.2274 0.6870
vn -0.6900 -0.2273 0.6872
vn -0.6897 -0.2270 0.6877
vn -0.6901 -0.2276 0.6870
vn -0.6896 -0.2272 0.6876
vn -0.6897 -0.2274 0.6874
vn -0.1146 -0.9784 -0.1719
vn -0.1147 -0.9784 -0.1720
vn -0.1144 -0.9785 -0.1718
vn -0.1126 -0.9792 -0.1688
vn -0.1124 -0.9793 -0.1685
vn -0.3302 -0.9282 -0.1717
vn -0.3306 -0.9280 -0.1717
vn -0.3305 -0.9281 -0.1712
vn -0.3286 -0.9295 -0.1674
vn -0.3288 -0.9296 -0.1667
vn -0.3285 -0.9297 -0.1668
vn -0.5343 -0.8289 -0.1658
vn -0.5344 -0.8288 -0.1658
vn -0.5343 -0.8288 -0.1659
vn -0.5343 -0.8293 -0.1638
vn -0.5342 -0.8293 -0.1637
vn -0.5343 -0.8293 -0.1636
vn -0.1096 -0.8774 -0.4671
vn -0.1096 -0.8771 -0.4676
vn -0.1093 -0.8771 -0.4677
vn -0.1067 -0.8787 -0.4653
vn -0.1062 -0.8786 -0.4657
vn -0.1062 -0.8788 -0.4653
vn -0.3100 -0.8297 -0.4642
vn -0.3101 -0.8296 -0.4643
vn -0.3093 -0.8304 -0.4634
vn -0.3092 -0.8306 -0.4632
vn -0.4880 -0.7451 -0.4547
vn -0.4878 -0.7453 -0.4544
vn -0.4879 -0.7451 -0.4547
vn -0.4881 -0.7449 -0.4548
vn -0.4880 -0.7449 -0.4549
vn -0.4882 -0.7447 -0.4550
vn -0.0959 -0.7157 -0.6918
vn -0.0959 -0.7155 -0.6920
vn -0.0956 -0.7154 -0.6921
vn -0.0945 -0.7160 -0.6917
vn -0.0942 -0.7158 -0.6919
vn -0.0944 -0.7160 -0.6917
vn -0.2788 -0.6845 -0.6737
vn -0.2785 -0.6847 -0.6735
vn -0.2788 -0.6844 -0.6737
vn -0.2792 -0.6844 -0.6736
vn -0.2792 -0.6842 -0.6737
vn -0.2795 -0.6841 -0.6738
vn -0.4261 -0.6398 -0.6396
vn -0.4248 -0.6419 -0.6384
vn -0.4258 -0.6402 -0.6394
vn -0.4271 -0.6390 -0.6397
vn -0.4273 -0.6387 -0.6399
vn -0.4283 -0.6372 -0.6408
vn -0.9665 -0.1630 -0.1984
vn -0.9665 -0.1629 -0.1983
vn -0.9656 -0.1600 -0.2051
vn -0.9657 -0.1598 -0.2048
vn -0.9656 -0.1599 -0.2051
vn -0.8351 -0.1477 -0.5300
vn -0.8351 -0.1472 -0.5300
vn -0.8351 -0.1469 -0.5301
vn -0.8326 -0.1449 -0.5346
vn -0.8326 -0.1441 -0.5348
vn -0.8325 -0.1445 -0.5348
vn -0.6481 -0.1238 -0.7514
vn -0.6481 -0.1236 -0.7514
vn -0.6480 -0.1233 -0.7516
vn -0.6478 -0.1236 -0.7517
vn -0.6477 -0.1231 -0.7519
vn -0.6478 -0.1234 -0.7517
vn -0.8739 -0.4475 -0.1897
vn -0.8742 -0.4472 -0.1894
vn -0.8742 -0.4470 -0.1894
vn -0.8739 -0.4443 -0.1974
vn -0.8741 -0.4439 -0.1972
vn -0.8739 -0.4442 -0.1974
vn -0.7586 -0.4075 -0.5084
vn -0.7588 -0.4073 -0.5082
vn -0.7590 -0.4071 -0.5081
vn -0.7580 -0.4064 -0.5102
vn -0.7582 -0.4061 -0.5101
vn -0.7581 -0.4062 -0.5102
vn -0.6047 -0.3543 -0.7134
vn -0.6046 -0.3543 -0.7134
vn -0.6046 -0.3545 -0.7133
vn -0.6049 -0.3545 -0.7130
vn -0.6049 -0.3547 -0.7130
vn -0.6049 -0.3546 -0.7130
vn -0.7220 -0.6703 -0.1717
vn -0.7221 -0.6702 -0.1714
vn -0.7220 -0.6704 -0.1711
vn -0.7220 -0.6696 -0.1742
vn -0.7219 -0.6698 -0.1738
vn -0.7219 -0.6697 -0.1743
vn -0.6414 -0.6056 -0.4711
vn -0.6410 -0.6057 -0.4713
vn -0.6413 -0.6055 -0.4714
vn -0.6415 -0.6064 -0.4699
vn -0.6415 -0.6062 -0.4701
vn -0.6417 -0.6063 -0.4697
vn -0.5452 -0.5223 -0.6558
vn -0.5437 -0.5230 -0.6564
vn -0.5442 -0.5228 -0.6562
vn -0.5459 -0.5250 -0.6529
vn -0.5454 -0.5253 -0.6532
vn -0.5462 -0.5248 -0.6528
vn -0.0895 -0.1117 -0.9897
vn -0.0896 -0.1117 -0.9897
vn -0.0942 -0.1088 -0.9896
vn -0.0942 -0.1087 -0.9896
vn -0.0942 -0.1089 -0.9896
vn -0.0888 -0.3224 -0.9424
vn -0.0886 -0.3226 -0.9424
vn -0.0886 -0.3230 -0.9422
vn -0.0946 -0.3189 -0.9430
vn -0.0945 -0.3196 -0.9428
vn -0.0947 -0.3194 -0.9429
vn -0.0888 -0.5243 -0.8469
vn -0.0887 -0.5244 -0.8469
vn -0.0886 -0.5247 -0.8467
vn -0.0908 -0.5234 -0.8472
vn -0.0907 -0.5239 -0.8469
vn -0.0909 -0.5236 -0.8471
vn -0.2684 -0.1145 -0.9565
vn -0.2684 -0.1147 -0.9564
vn -0.2732 -0.1110 -0.9555
vn -0.2733 -0.1113 -0.9555
vn -0.2734 -0.1112 -0.9555
vn -0.2690 -0.3251 -0.9066
vn -0.2691 -0.3251 -0.9066
vn -0.2691 -0.3253 -0.9065
vn -0.2710 -0.3239 -0.9064
vn -0.2712 -0.3242 -0.9063
vn -0.2711 -0.3241 -0.9064
vn -0.2660 -0.5130 -0.8161
vn -0.2661 -0.5131 -0.8160
vn -0.2661 -0.5129 -0.8162
vn -0.2653 -0.5136 -0.8160
vn -0.2654 -0.5135 -0.8160
vn -0.2651 -0.5135 -0.8161
vn -0.4545 -0.1132 -0.8835
vn -0.4546 -0.1131 -0.8835
vn -0.4549 -0.1130 -0.8833
vn -0.4557 -0.1124 -0.8830
vn -0.4561 -0.1122 -0.8828
vn -0.4558 -0.1125 -0.8829
vn -0.4398 -0.3269 -0.8365
vn -0.4398 -0.3270 -0.8365
vn -0.4395 -0.3270 -0.8366
vn -0.4388 -0.3278 -0.8367
vn -0.4385 -0.3279 -0.8368
vn -0.4387 -0.3277 -0.8368
vn -0.4125 -0.4902 -0.7678
vn -0.4130 -0.4907 -0.7673
vn -0.4121 -0.4899 -0.7682
vn -0.4079 -0.4941 -0.7678
vn -0.4072 -0.4935 -0.7685
vn -0.4067 -0.4929 -0.7692
vn -0.2129 -0.9492 -0.2316
vn -0.2040 -0.9497 -0.2376
vn -0.2080 -0.9496 -0.2347
vn -0.2017 -0.9591 -0.1986
vn -0.1952 -0.9595 -0.2030
vn -0.2087 -0.9586 -0.1934
vn -0.4970 -0.6360 -0.5903
vn -0.4946 -0.6363 -0.5921
vn -0.4958 -0.6363 -0.5910
vn -0.4984 -0.6426 -0.5819
vn -0.4943 -0.6428 -0.5852
vn -0.5032 -0.6422 -0.5782
vn -0.6262 0.0150 -0.7795
vn -0.6371 0.0166 -0.7706
vn -0.6308 0.0157 -0.7758
vn -0.6258 0.0250 -0.7796
vn -0.6252 0.0251 -0.7801
vn -0.6266 0.0250 -0.7789
vn -0.3803 -0.8800 -0.2845
vn -0.3733 -0.8811 -0.2904
vn -0.3772 -0.8805 -0.2871
vn -0.3752 -0.8871 -0.2689
vn -0.3722 -0.8876 -0.2714
vn -0.3798 -0.8864 -0.2646
vn -0.5742 -0.6107 -0.5453
vn -0.5695 -0.6113 -0.5495
vn -0.5724 -0.6109 -0.5469
vn -0.5703 -0.6288 -0.5286
vn -0.5665 -0.6293 -0.5320
vn -0.5761 -0.6281 -0.5231
vn -0.6553 -0.1052 -0.7480
vn -0.6582 -0.1049 -0.7455
vn -0.6566 -0.1051 -0.7469
vn -0.6565 -0.1056 -0.7469
vn -0.6555 -0.1058 -0.7478
vn -0.6580 -0.1055 -0.7456
vn -0.5681 -0.7486 -0.3420
vn -0.5620 -0.7501 -0.3485
vn -0.5659 -0.7492 -0.3443
vn -0.5628 -0.7589 -0.3277
vn -0.5610 -0.7594 -0.3296
vn -0.5668 -0.7578 -0.3230
vn -0.6856 -0.5063 -0.5231
vn -0.6797 -0.5076 -0.5295
vn -0.6836 -0.5067 -0.5253
vn -0.6817 -0.5293 -0.5050
vn -0.6790 -0.5300 -0.5079
vn -0.6868 -0.5282 -0.4994
vn -0.6774 -0.1880 -0.7112
vn -0.6756 -0.1885 -0.7128
vn -0.6768 -0.1882 -0.7117
vn -0.6788 -0.1926 -0.7086
vn -0.6777 -0.1928 -0.7096
vn -0.6805 -0.1923 -0.7071
vn -0.1610 -0.9579 -0.2377
vn -0.1688 -0.9590 -0.2278
vn -0.1539 -0.9571 -0.2454
vn -0.1455 -0.9605 -0.2371
vn -0.1386 -0.9598 -0.2441
vn -0.1320 -0.9588 -0.2514
vn -0.2151 -0.8559 -0.4703
vn -0.2227 -0.8580 -0.4628
vn -0.2097 -0.8547 -0.4749
vn -0.2029 -0.8591 -0.4698
vn -0.1956 -0.8575 -0.4758
vn -0.1864 -0.8549 -0.4842
vn -0.2387 -0.6860 -0.6874
vn -0.2481 -0.6895 -0.6804
vn -0.2335 -0.6845 -0.6906
vn -0.2212 -0.6982 -0.6809
vn -0.2143 -0.6962 -0.6851
vn -0.2033 -0.6920 -0.6927
vn -0.4142 -0.6996 -0.5822
vn -0.4241 -0.7010 -0.5734
vn -0.4062 -0.6985 -0.5891
vn -0.3927 -0.7172 -0.5757
vn -0.3862 -0.7161 -0.5814
vn -0.3784 -0.7152 -0.5876
vn -0.3889 -0.5964 -0.7022
vn -0.4040 -0.6002 -0.6903
vn -0.3784 -0.5944 -0.7096
vn -0.3605 -0.6243 -0.6930
vn -0.3518 -0.6227 -0.6989
vn -0.3387 -0.6197 -0.7080
vn -0.3540 -0.4404 -0.8251
vn -0.3669 -0.4449 -0.8170
vn -0.3465 -0.4383 -0.8293
vn -0.3281 -0.4757 -0.8161
vn -0.3221 -0.4740 -0.8195
vn -0.3112 -0.4706 -0.8257
vn -0.5957 -0.0102 -0.8031
vn -0.6011 -0.0109 -0.7991
vn -0.5914 -0.0095 -0.8063
vn -0.5891 -0.0328 -0.8074
vn -0.5961 -0.0332 -0.8022
vn -0.6069 -0.0338 -0.7941
vn -0.5503 -0.0858 -0.8306
vn -0.5586 -0.0878 -0.8248
vn -0.5446 -0.0847 -0.8344
vn -0.5396 -0.1143 -0.8342
vn -0.5416 -0.1146 -0.8328
vn -0.5448 -0.1150 -0.8306
vn -0.4976 -0.1558 -0.8533
vn -0.5038 -0.1579 -0.8493
vn -0.4939 -0.1549 -0.8556
vn -0.4874 -0.1784 -0.8547
vn -0.4863 -0.1781 -0.8554
vn -0.4838 -0.1775 -0.8570
vn -0.1257 -0.1000 -0.9870
vn -0.1255 -0.1001 -0.9870
vn -0.1239 -0.1008 -0.9872
vn -0.1116 -0.0747 -0.9909
vn -0.1096 -0.0756 -0.9911
vn -0.1099 -0.0755 -0.9911
vn -0.2619 -0.0731 -0.9623
vn -0.2619 -0.0730 -0.9623
vn -0.2621 -0.0730 -0.9623
vn -0.2634 -0.0763 -0.9617
vn -0.2635 -0.0762 -0.9617
vn -0.2636 -0.0761 -0.9616
vn -0.4372 -0.1239 -0.8908
vn -0.4373 -0.1238 -0.8907
vn -0.4377 -0.1250 -0.8904
vn -0.4378 -0.1250 -0.8904
vn -0.1716 -0.2837 -0.9434
vn -0.1705 -0.2841 -0.9435
vn -0.1672 -0.2853 -0.9437
vn -0.1578 -0.2537 -0.9543
vn -0.1510 -0.2562 -0.9548
vn -0.1532 -0.2555 -0.9546
vn -0.2760 -0.1761 -0.9449
vn -0.2754 -0.1763 -0.9450
vn -0.2739 -0.1769 -0.9454
vn -0.2701 -0.1619 -0.9491
vn -0.2672 -0.1630 -0.9498
vn -0.2682 -0.1626 -0.9496
vn -0.4380 -0.1516 -0.8861
vn -0.4378 -0.1517 -0.8862
vn -0.4374 -0.1518 -0.8864
vn -0.4373 -0.1492 -0.8869
vn -0.4366 -0.1494 -0.8871
vn -0.4369 -0.1493 -0.8870
vn -0.2164 -0.4712 -0.8550
vn -0.2137 -0.4721 -0.8553
vn -0.2079 -0.4738 -0.8557
vn -0.2116 -0.4558 -0.8646
vn -0.1988 -0.4596 -0.8656
vn -0.2033 -0.4581 -0.8654
vn -0.3059 -0.3157 -0.8982
vn -0.3039 -0.3164 -0.8986
vn -0.3000 -0.3176 -0.8995
vn -0.3029 -0.2974 -0.9054
vn -0.2946 -0.2999 -0.9073
vn -0.2976 -0.2990 -0.9067
vn -0.4529 -0.2090 -0.8667
vn -0.4518 -0.2094 -0.8672
vn -0.4499 -0.2100 -0.8680
vn -0.4531 -0.2011 -0.8685
vn -0.4491 -0.2024 -0.8703
vn -0.4506 -0.2019 -0.8696
vn -0.9569 -0.0641 -0.2832
vn -0.9569 -0.0639 -0.2834
vn -0.9572 -0.0646 -0.2822
vn -0.9664 -0.0379 -0.2542
vn -0.9668 -0.0387 -0.2526
vn -0.8773 -0.3420 -0.3368
vn -0.8770 -0.3414 -0.3379
vn -0.8771 -0.3416 -0.3377
vn -0.8854 -0.3329 -0.3243
vn -0.8853 -0.3324 -0.3251
vn -0.8855 -0.3329 -0.3240
vn -0.7576 -0.5440 -0.3608
vn -0.7570 -0.5428 -0.3638
vn -0.7569 -0.5426 -0.3643
vn -0.7633 -0.5423 -0.3511
vn -0.7629 -0.5413 -0.3536
vn -0.7633 -0.5422 -0.3512
vn -0.8641 0.0059 -0.5032
vn -0.8651 0.0050 -0.5015
vn -0.8640 0.0061 -0.5035
vn -0.8602 -0.0044 -0.5099
vn -0.8602 -0.0045 -0.5099
vn -0.8595 -0.0038 -0.5111
vn -0.8433 -0.2349 -0.4833
vn -0.8431 -0.2346 -0.4838
vn -0.8431 -0.2346 -0.4839
vn -0.8458 -0.2321 -0.4804
vn -0.8455 -0.2317 -0.4810
vn -0.8457 -0.2320 -0.4805
vn -0.7839 -0.3753 -0.4946
vn -0.7828 -0.3742 -0.4972
vn -0.7825 -0.3737 -0.4981
vn -0.7888 -0.3705 -0.4905
vn -0.7876 -0.3693 -0.4933
vn -0.7885 -0.3702 -0.4911
vn -0.6877 -0.1030 -0.7187
vn -0.6882 -0.1034 -0.7181
vn -0.6879 -0.1031 -0.7185
vn -0.6869 -0.1033 -0.7194
vn -0.6876 -0.1039 -0.7186
vn -0.6879 -0.1041 -0.7184
vn -0.7019 -0.1839 -0.6881
vn -0.7019 -0.1840 -0.6881
vn -0.7019 -0.1840 -0.6880
vn -0.7018 -0.1840 -0.6882
vn -0.7018 -0.1842 -0.6881
vn -0.6903 -0.2328 -0.6851
vn -0.6899 -0.2323 -0.6856
vn -0.6896 -0.2322 -0.6859
vn -0.6900 -0.2330 -0.6852
vn -0.6893 -0.2325 -0.6861
vn -0.6898 -0.2328 -0.6855
vn 0.1145 -0.9784 0.1720
vn 0.1146 -0.9784 0.1720
vn 0.1143 -0.9785 0.1719
vn 0.1126 -0.9792 0.1687
vn 0.1126 -0.9792 0.1688
vn 0.1125 -0.9793 0.1686
vn 0.3302 -0.9281 0.1718
vn 0.3306 -0.9280 0.1716
vn 0.3304 -0.9281 0.1714
vn 0.3286 -0.9295 0.1674
vn 0.3286 -0.9296 0.1669
vn 0.3284 -0.9297 0.1668
vn 0.5344 -0.8288 0.1657
vn 0.5345 -0.8287 0.1658
vn 0.5345 -0.8288 0.1658
vn 0.5341 -0.8294 0.1638
vn 0.5340 -0.8295 0.1637
vn 0.5340 -0.8295 0.1635
vn 0.1096 -0.8774 0.4670
vn 0.1096 -0.8772 0.4675
vn 0.1092 -0.8772 0.4676
vn 0.1067 -0.8787 0.4653
vn 0.1063 -0.8785 0.4657
vn 0.1062 -0.8788 0.4653
vn 0.3100 -0.8297 0.4643
vn 0.3101 -0.8296 0.4643
vn 0.3095 -0.8304 0.4634
vn 0.3094 -0.8305 0.4632
vn 0.3093 -0.8305 0.4632
vn 0.4881 -0.7450 0.4546
vn 0.4879 -0.7453 0.4544
vn 0.4879 -0.7452 0.4547
vn 0.4880 -0.7449 0.4550
vn 0.4878 -0.7449 0.4551
vn 0.4881 -0.7446 0.4553
vn 0.0960 -0.7157 0.6918
vn 0.0961 -0.7156 0.6918
vn 0.0960 -0.7158 0.6917
vn 0.0947 -0.7159 0.6918
vn 0.0945 -0.7160 0.6916
vn 0.0944 -0.7160 0.6917
vn 0.2789 -0.6845 0.6736
vn 0.2786 -0.6848 0.6733
vn 0.2791 -0.6846 0.6734
vn 0.2791 -0.6843 0.6736
vn 0.2794 -0.6844 0.6735
vn 0.2795 -0.6841 0.6737
vn 0.4259 -0.6397 0.6398
vn 0.4247 -0.6418 0.6386
vn 0.4256 -0.6402 0.6395
vn 0.4272 -0.6390 0.6396
vn 0.4274 -0.6387 0.6398
vn 0.4284 -0.6371 0.6408
vn 0.9665 -0.1630 0.1985
vn 0.9665 -0.1629 0.1984
vn 0.9665 -0.1630 0.1984
vn 0.9656 -0.1598 0.2050
vn 0.9657 -0.1596 0.2048
vn 0.9656 -0.1598 0.2051
vn 0.8351 -0.1476 0.5300
vn 0.8351 -0.1471 0.5300
vn 0.8352 -0.1470 0.5300
vn 0.8327 -0.1448 0.5345
vn 0.8327 -0.1444 0.5345
vn 0.8326 -0.1446 0.5347
vn 0.6480 -0.1237 0.7515
vn 0.6481 -0.1235 0.7515
vn 0.6480 -0.1232 0.7516
vn 0.6477 -0.1237 0.7518
vn 0.6477 -0.1232 0.7519
vn 0.6478 -0.1235 0.7517
vn 0.8740 -0.4474 0.1899
vn 0.8741 -0.4473 0.1894
vn 0.8742 -0.4472 0.1892
vn 0.8739 -0.4440 0.1977
vn 0.8741 -0.4439 0.1971
vn 0.8739 -0.4442 0.1975
vn 0.7586 -0.4076 0.5082
vn 0.7588 -0.4075 0.5081
vn 0.7590 -0.4072 0.5081
vn 0.7580 -0.4064 0.5102
vn 0.7582 -0.4061 0.5101
vn 0.7580 -0.4063 0.5102
vn 0.6046 -0.3542 0.7134
vn 0.6044 -0.3542 0.7136
vn 0.6046 -0.3544 0.7134
vn 0.6048 -0.3547 0.7130
vn 0.6047 -0.3548 0.7130
vn 0.6048 -0.3547 0.7131
vn 0.7219 -0.6704 0.1717
vn 0.7221 -0.6702 0.1714
vn 0.7220 -0.6696 0.1743
vn 0.7221 -0.6695 0.1741
vn 0.6413 -0.6056 0.4711
vn 0.6411 -0.6057 0.4714
vn 0.6412 -0.6054 0.4715
vn 0.6414 -0.6065 0.4699
vn 0.6414 -0.6064 0.4701
vn 0.6417 -0.6063 0.4697
vn 0.5452 -0.5222 0.6558
vn 0.5437 -0.5229 0.6565
vn 0.5443 -0.5227 0.6562
vn 0.5459 -0.5249 0.6531
vn 0.5453 -0.5252 0.6533
vn 0.5462 -0.5248 0.6529
vn 0.0894 -0.1118 0.9897
vn 0.0895 -0.1118 0.9897
vn 0.0943 -0.1086 0.9896
vn 0.0943 -0.1085 0.9896
vn 0.0944 -0.1087 0.9896
vn 0.0883 -0.3227 0.9424
vn 0.0884 -0.3226 0.9424
vn 0.0886 -0.3229 0.9423
vn 0.0944 -0.3192 0.9430
vn 0.0947 -0.3194 0.9429
vn 0.0948 -0.3194 0.9429
vn 0.0887 -0.5243 0.8469
vn 0.0886 -0.5243 0.8469
vn 0.0884 -0.5246 0.8467
vn 0.0908 -0.5235 0.8472
vn 0.0907 -0.5239 0.8469
vn 0.0909 -0.5237 0.8470
vn 0.2681 -0.1146 0.9565
vn 0.2683 -0.1144 0.9565
vn 0.2685 -0.1145 0.9565
vn 0.2730 -0.1113 0.9556
vn 0.2734 -0.1112 0.9554
vn 0.2734 -0.1113 0.9554
vn 0.2691 -0.3251 0.9066
vn 0.2691 -0.3252 0.9066
vn 0.2691 -0.3253 0.9065
vn 0.2711 -0.3238 0.9064
vn 0.2712 -0.3242 0.9063
vn 0.2713 -0.3241 0.9063
vn 0.2662 -0.5129 0.8161
vn 0.2663 -0.5131 0.8160
vn 0.2661 -0.5129 0.8162
vn 0.2654 -0.5136 0.8159
vn 0.2653 -0.5136 0.8160
vn 0.2652 -0.5135 0.8161
vn 0.4544 -0.1132 0.8836
vn 0.4546 -0.1133 0.8835
vn 0.4546 -0.1135 0.8834
vn 0.4556 -0.1123 0.8830
vn 0.4559 -0.1126 0.8829
vn 0.4558 -0.1124 0.8829
vn 0.4399 -0.3270 0.8364
vn 0.4399 -0.3271 0.8364
vn 0.4400 -0.3268 0.8364
vn 0.4387 -0.3279 0.8366
vn 0.4389 -0.3277 0.8366
vn 0.4386 -0.3279 0.8367
vn 0.4122 -0.4902 0.7680
vn 0.4129 -0.4906 0.7673
vn 0.4119 -0.4899 0.7683
vn 0.4078 -0.4942 0.7678
vn 0.4073 -0.4936 0.7684
vn 0.4070 -0.4928 0.7691
vn 0.2136 -0.9491 0.2315
vn 0.2046 -0.9496 0.2373
vn 0.2087 -0.9494 0.2347
vn 0.2017 -0.9591 0.1986
vn 0.1951 -0.9595 0.2030
vn 0.2088 -0.9586 0.1935
vn 0.4970 -0.6361 0.5902
vn 0.4947 -0.6363 0.5919
vn 0.4959 -0.6363 0.5909
vn 0.4986 -0.6427 0.5816
vn 0.4944 -0.6431 0.5848
vn 0.5033 -0.6424 0.5779
vn 0.6264 0.0149 0.7794
vn 0.6374 0.0167 0.7704
vn 0.6310 0.0158 0.7756
vn 0.6261 0.0256 0.7793
vn 0.6256 0.0256 0.7797
vn 0.6270 0.0257 0.7786
vn 0.3807 -0.8798 0.2847
vn 0.3737 -0.8809 0.2905
vn 0.3776 -0.8803 0.2873
vn 0.3754 -0.8870 0.2690
vn 0.3724 -0.8875 0.2715
vn 0.3800 -0.8863 0.2647
vn 0.5738 -0.6109 0.5455
vn 0.5691 -0.6115 0.5497
vn 0.5719 -0.6112 0.5472
vn 0.5704 -0.6289 0.5284
vn 0.5665 -0.6294 0.5319
vn 0.5761 -0.6282 0.5229
vn 0.6552 -0.1054 0.7481
vn 0.6580 -0.1050 0.7456
vn 0.6565 -0.1053 0.7470
vn 0.6566 -0.1054 0.7469
vn 0.6555 -0.1055 0.7477
vn 0.6581 -0.1053 0.7455
vn 0.5677 -0.7488 0.3421
vn 0.5617 -0.7503 0.3486
vn 0.5655 -0.7494 0.3444
vn 0.5626 -0.7590 0.3276
vn 0.5608 -0.7595 0.3296
vn 0.5666 -0.7580 0.3231
vn 0.6855 -0.5064 0.5232
vn 0.6796 -0.5078 0.5295
vn 0.6833 -0.5070 0.5254
vn 0.6819 -0.5292 0.5049
vn 0.6792 -0.5300 0.5078
vn 0.6869 -0.5281 0.4992
vn 0.6775 -0.1883 0.7110
vn 0.6757 -0.1886 0.7126
vn 0.6769 -0.1883 0.7116
vn 0.6788 -0.1927 0.7086
vn 0.6778 -0.1928 0.7095
vn 0.6805 -0.1923 0.7071
vn 0.1610 -0.9578 0.2380
vn 0.1690 -0.9589 0.2280
vn 0.1540 -0.9571 0.2456
vn 0.1455 -0.9605 0.2373
vn 0.1387 -0.9597 0.2443
vn 0.1321 -0.9588 0.2516
vn 0.2151 -0.8556 0.4708
vn 0.2228 -0.8578 0.4632
vn 0.2098 -0.8544 0.4753
vn 0.2031 -0.8593 0.4695
vn 0.1958 -0.8576 0.4755
vn 0.1865 -0.8550 0.4839
vn 0.2384 -0.6858 0.6876
vn 0.2479 -0.6894 0.6806
vn 0.2333 -0.6844 0.6908
vn 0.2212 -0.6983 0.6808
vn 0.2143 -0.6964 0.6849
vn 0.2033 -0.6922 0.6924
vn 0.4144 -0.6994 0.5824
vn 0.4243 -0.7009 0.5734
vn 0.4064 -0.6984 0.5891
vn 0.3931 -0.7169 0.5758
vn 0.3865 -0.7161 0.5812
vn 0.3788 -0.7150 0.5876
vn 0.3891 -0.5961 0.7024
vn 0.4041 -0.5998 0.6906
vn 0.3786 -0.5940 0.7098
vn 0.3602 -0.6243 0.6932
vn 0.3516 -0.6225 0.6992
vn 0.3386 -0.6196 0.7082
vn 0.3540 -0.4399 0.8253
vn 0.3670 -0.4444 0.8172
vn 0.3465 -0.4378 0.8296
vn 0.3278 -0.4762 0.8159
vn 0.3218 -0.4747 0.8192
vn 0.3108 -0.4712 0.8255
vn 0.5956 -0.0106 0.8032
vn 0.6009 -0.0114 0.7992
vn 0.5913 -0.0101 0.8064
vn 0.5900 -0.0330 0.8067
vn 0.5970 -0.0336 0.8015
vn 0.6077 -0.0342 0.7934
vn 0.5503 -0.0851 0.8306
vn 0.5587 -0.0870 0.8248
vn 0.5446 -0.0840 0.8345
vn 0.5399 -0.1131 0.8341
vn 0.5418 -0.1135 0.8328
vn 0.5451 -0.1139 0.8306
vn 0.4977 -0.1564 0.8532
vn 0.5039 -0.1585 0.8491
vn 0.4940 -0.1554 0.8554
vn 0.4873 -0.1786 0.8548
vn 0.4862 -0.1784 0.8555
vn 0.4836 -0.1776 0.8571
vn 0.1256 -0.1002 0.9870
vn 0.1254 -0.1003 0.9870
vn 0.1238 -0.1010 0.9872
vn 0.1116 -0.0745 0.9910
vn 0.1095 -0.0753 0.9911
vn 0.1099 -0.0753 0.9911
vn 0.2621 -0.0732 0.9623
vn 0.2620 -0.0732 0.9623
vn 0.2622 -0.0732 0.9622
vn 0.2630 -0.0763 0.9618
vn 0.2631 -0.0763 0.9617
vn 0.2632 -0.0762 0.9617
vn 0.4374 -0.1238 0.8907
vn 0.4375 -0.1238 0.8907
vn 0.4379 -0.1253 0.8903
vn 0.4380 -0.1252 0.8902
vn 0.1716 -0.2841 0.9433
vn 0.1705 -0.2845 0.9434
vn 0.1672 -0.2857 0.9436
vn 0.1578 -0.2540 0.9543
vn 0.1511 -0.2564 0.9547
vn 0.1533 -0.2556 0.9545
vn 0.2761 -0.1761 0.9449
vn 0.2754 -0.1763 0.9450
vn 0.2740 -0.1770 0.9453
vn 0.2701 -0.1619 0.9491
vn 0.2673 -0.1630 0.9497
vn 0.2682 -0.1626 0.9495
vn 0.4379 -0.1516 0.8861
vn 0.4377 -0.1517 0.8862
vn 0.4374 -0.1520 0.8863
vn 0.4375 -0.1491 0.8868
vn 0.4369 -0.1495 0.8870
vn 0.4371 -0.1493 0.8869
vn 0.2164 -0.4711 0.8551
vn 0.2138 -0.4719 0.8553
vn 0.2079 -0.4737 0.8558
vn 0.2118 -0.4558 0.8645
vn 0.1991 -0.4595 0.8656
vn 0.2035 -0.4581 0.8653
vn 0.3056 -0.3156 0.8984
vn 0.3036 -0.3162 0.8988
vn 0.2997 -0.3174 0.8997
vn 0.3028 -0.2978 0.9053
vn 0.2946 -0.3004 0.9072
vn 0.2975 -0.2995 0.9065
vn 0.4529 -0.2091 0.8667
vn 0.4517 -0.2094 0.8672
vn 0.4499 -0.2100 0.8680
vn 0.4532 -0.2008 0.8685
vn 0.4491 -0.2020 0.8703
vn 0.4507 -0.2014 0.8697
vn 0.9569 -0.0644 0.2832
vn 0.9568 -0.0643 0.2835
vn 0.9572 -0.0649 0.2822
vn 0.9664 -0.0380 0.2541
vn 0.9668 -0.0386 0.2525
vn 0.9668 -0.0387 0.2525
vn 0.8772 -0.3424 0.3366
vn 0.8769 -0.3419 0.3378
vn 0.8770 -0.3420 0.3375
vn 0.8856 -0.3327 0.3243
vn 0.8854 -0.3323 0.3251
vn 0.8856 -0.3328 0.3239
vn 0.7576 -0.5439 0.3608
vn 0.7570 -0.5427 0.3638
vn 0.7569 -0.5425 0.3644
vn 0.7636 -0.5418 0.3512
vn 0.7631 -0.5408 0.3538
vn 0.7636 -0.5417 0.3513
vn 0.8642 0.0060 0.5031
vn 0.8652 0.0051 0.5015
vn 0.8640 0.0062 0.5034
vn 0.8602 -0.0046 0.5099
vn 0.8603 -0.0047 0.5098
vn 0.8596 -0.0040 0.5110
vn 0.8433 -0.2351 0.4833
vn 0.8431 -0.2348 0.4837
vn 0.8431 -0.2348 0.4838
vn 0.8457 -0.2320 0.4807
vn 0.8454 -0.2316 0.4812
vn 0.8457 -0.2319 0.4807
vn 0.7839 -0.3752 0.4946
vn 0.7828 -0.3741 0.4972
vn 0.7825 -0.3737 0.4981
vn 0.7887 -0.3704 0.4907
vn 0.7875 -0.3692 0.4935
vn 0.7884 -0.3701 0.4913
vn 0.6877 -0.1031 0.7186
vn 0.6882 -0.1036 0.7180
vn 0.6879 -0.1034 0.7184
vn 0.6870 -0.1032 0.7193
vn 0.6878 -0.1039 0.7185
vn 0.6880 -0.1041 0.7182
vn 0.7019 -0.1840 0.6881
vn 0.7018 -0.1841 0.6882
vn 0.6901 -0.2333 0.6851
vn 0.6896 -0.2330 0.6857
vn 0.6894 -0.2328 0.6860
vn 0.6901 -0.2327 0.6852
vn 0.6894 -0.2322 0.6862
vn 0.6899 -0.2326 0.6856
vn 0.1125 -0.9792 -0.1688
vn 0.1124 -0.9792 -0.1686
vn 0.1127 -0.9792 -0.1688
vn 0.1145 -0.9785 -0.1718
vn 0.1145 -0.9785 -0.1716
vn 0.1146 -0.9784 -0.1720
vn 0.1051 -0.8785 -0.4660
vn 0.1048 -0.8786 -0.4658
vn 0.1048 -0.8784 -0.4663
vn 0.1080 -0.8771 -0.4681
vn 0.1079 -0.8769 -0.4684
vn 0.1084 -0.8769 -0.4684
vn 0.0941 -0.7160 -0.6918
vn 0.0940 -0.7160 -0.6917
vn 0.0939 -0.7160 -0.6918
vn 0.0957 -0.7157 -0.6919
vn 0.0956 -0.7156 -0.6920
vn 0.0957 -0.7155 -0.6920
vn 0.3281 -0.9293 -0.1696
vn 0.3279 -0.9295 -0.1690
vn 0.3281 -0.9294 -0.1691
vn 0.3296 -0.9280 -0.1735
vn 0.3297 -0.9281 -0.1732
vn 0.3299 -0.9279 -0.1734
vn 0.3088 -0.8303 -0.4640
vn 0.3087 -0.8304 -0.4638
vn 0.3086 -0.8304 -0.4639
vn 0.3096 -0.8296 -0.4648
vn 0.3096 -0.8295 -0.4649
vn 0.3097 -0.8295 -0.4648
vn 0.2788 -0.6850 -0.6731
vn 0.2790 -0.6848 -0.6732
vn 0.2789 -0.6850 -0.6730
vn 0.2786 -0.6849 -0.6733
vn 0.2787 -0.6850 -0.6731
vn 0.2784 -0.6851 -0.6731
vn 0.5342 -0.8292 -0.1645
vn 0.5341 -0.8293 -0.1642
vn 0.5341 -0.8293 -0.1644
vn 0.5341 -0.8289 -0.1665
vn 0.5342 -0.8288 -0.1666
vn 0.5343 -0.8288 -0.1664
vn 0.4886 -0.7443 -0.4553
vn 0.4887 -0.7440 -0.4556
vn 0.4884 -0.7443 -0.4555
vn 0.4885 -0.7445 -0.4551
vn 0.4883 -0.7446 -0.4552
vn 0.4882 -0.7448 -0.4548
vn 0.4272 -0.6389 -0.6397
vn 0.4284 -0.6371 -0.6408
vn 0.4274 -0.6386 -0.6399
vn 0.4259 -0.6399 -0.6397
vn 0.4256 -0.6403 -0.6394
vn 0.4246 -0.6420 -0.6384
vn 0.0943 -0.1086 -0.9896
vn 0.0944 -0.1088 -0.9896
vn 0.0942 -0.1087 -0.9896
vn 0.0895 -0.1117 -0.9897
vn 0.0895 -0.1118 -0.9897
vn 0.2736 -0.1099 -0.9556
vn 0.2740 -0.1097 -0.9554
vn 0.2740 -0.1098 -0.9554
vn 0.2684 -0.1136 -0.9566
vn 0.2688 -0.1134 -0.9565
vn 0.2686 -0.1133 -0.9566
vn 0.4557 -0.1119 -0.8830
vn 0.4559 -0.1120 -0.8830
vn 0.4558 -0.1121 -0.8830
vn 0.4546 -0.1128 -0.8835
vn 0.4547 -0.1130 -0.8835
vn 0.4547 -0.1128 -0.8835
vn 0.0956 -0.3186 -0.9431
vn 0.0956 -0.3190 -0.9429
vn 0.0956 -0.3191 -0.9429
vn 0.0901 -0.3218 -0.9425
vn 0.0901 -0.3222 -0.9424
vn 0.0898 -0.3219 -0.9425
vn 0.2714 -0.3234 -0.9065
vn 0.2716 -0.3235 -0.9064
vn 0.2716 -0.3236 -0.9064
vn 0.2694 -0.3246 -0.9067
vn 0.2696 -0.3247 -0.9066
vn 0.4383 -0.3273 -0.8371
vn 0.4383 -0.3272 -0.8372
vn 0.4384 -0.3270 -0.8372
vn 0.4392 -0.3266 -0.8369
vn 0.4393 -0.3263 -0.8370
vn 0.0912 -0.5234 -0.8472
vn 0.0912 -0.5236 -0.8471
vn 0.0910 -0.5238 -0.8469
vn 0.0892 -0.5242 -0.8469
vn 0.0890 -0.5244 -0.8468
vn 0.0891 -0.5242 -0.8469
vn 0.2655 -0.5144 -0.8154
vn 0.2651 -0.5141 -0.8157
vn 0.2655 -0.5141 -0.8156
vn 0.2664 -0.5133 -0.8158
vn 0.2666 -0.5131 -0.8159
vn 0.2667 -0.5134 -0.8156
vn 0.4079 -0.4941 -0.7678
vn 0.4068 -0.4930 -0.7691
vn 0.4072 -0.4935 -0.7685
vn 0.4126 -0.4901 -0.7678
vn 0.4121 -0.4899 -0.7682
vn 0.4130 -0.4907 -0.7672
vn 0.9656 -0.1598 -0.2050
vn 0.9656 -0.1599 -0.2051
vn 0.9657 -0.1596 -0.2050
vn 0.9665 -0.1629 -0.1984
vn 0.9665 -0.1628 -0.1985
vn 0.9665 -0.1628 -0.1984
vn 0.8740 -0.4448 -0.1957
vn 0.8740 -0.4449 -0.1954
vn 0.8742 -0.4447 -0.1951
vn 0.8741 -0.4482 -0.1873
vn 0.8743 -0.4480 -0.1866
vn 0.8743 -0.4481 -0.1866
vn 0.7220 -0.6698 -0.1735
vn 0.7219 -0.6699 -0.1734
vn 0.7220 -0.6699 -0.1731
vn 0.7220 -0.6705 -0.1708
vn 0.7221 -0.6705 -0.1703
vn 0.7221 -0.6704 -0.1705
vn 0.8328 -0.1463 -0.5339
vn 0.8329 -0.1463 -0.5338
vn 0.8330 -0.1463 -0.5336
vn 0.8350 -0.1491 -0.5297
vn 0.8353 -0.1490 -0.5293
vn 0.8352 -0.1489 -0.5294
vn 0.7581 -0.4069 -0.5097
vn 0.7581 -0.4069 -0.5096
vn 0.7584 -0.4067 -0.5094
vn 0.7586 -0.4082 -0.5078
vn 0.7590 -0.4079 -0.5075
vn 0.7588 -0.4081 -0.5077
vn 0.6419 -0.6060 -0.4697
vn 0.6421 -0.6059 -0.4696
vn 0.6419 -0.6059 -0.4700
vn 0.6421 -0.6052 -0.4706
vn 0.6420 -0.6051 -0.4709
vn 0.6419 -0.6053 -0.4708
vn 0.6478 -0.1242 -0.7516
vn 0.6478 -0.1239 -0.7517
vn 0.6477 -0.1236 -0.7518
vn 0.6481 -0.1243 -0.7514
vn 0.6480 -0.1238 -0.7515
vn 0.6481 -0.1242 -0.7513
vn 0.6044 -0.3548 -0.7133
vn 0.6043 -0.3551 -0.7132
vn 0.6041 -0.3546 -0.7137
vn 0.6040 -0.3549 -0.7136
vn 0.6040 -0.3547 -0.7137
vn 0.5461 -0.5249 -0.6528
vn 0.5464 -0.5247 -0.6528
vn 0.5455 -0.5251 -0.6531
vn 0.5451 -0.5222 -0.6559
vn 0.5441 -0.5226 -0.6564
vn 0.5436 -0.5228 -0.6567
vn 0.1486 -0.9568 -0.2498
vn 0.1326 -0.9546 -0.2669
vn 0.1405 -0.9558 -0.2582
vn 0.1669 -0.9535 -0.2508
vn 0.1589 -0.9526 -0.2594
vn 0.1756 -0.9548 -0.2396
vn 0.4086 -0.6942 -0.5926
vn 0.3934 -0.6923 -0.6050
vn 0.4017 -0.6935 -0.5981
vn 0.4288 -0.6773 -0.5979
vn 0.4206 -0.6762 -0.6048
vn 0.4387 -0.6788 -0.5889
vn 0.5899 -0.0308 -0.8069
vn 0.6068 -0.0318 -0.7942
vn 0.5967 -0.0314 -0.8019
vn 0.5962 -0.0062 -0.8028
vn 0.5915 -0.0058 -0.8063
vn 0.6021 -0.0072 -0.7984
vn 0.1941 -0.8606 -0.4707
vn 0.1786 -0.8566 -0.4840
vn 0.1873 -0.8591 -0.4763
vn 0.2061 -0.8575 -0.4714
vn 0.2009 -0.8563 -0.4758
vn 0.2136 -0.8597 -0.4640
vn 0.3649 -0.6261 -0.6891
vn 0.3448 -0.6220 -0.7030
vn 0.3568 -0.6246 -0.6947
vn 0.3920 -0.5991 -0.6982
vn 0.3822 -0.5971 -0.7052
vn 0.4064 -0.6024 -0.6870
vn 0.5401 -0.1174 -0.8334
vn 0.5454 -0.1181 -0.8298
vn 0.5421 -0.1176 -0.8320
vn 0.5503 -0.0890 -0.8302
vn 0.5450 -0.0881 -0.8338
vn 0.5582 -0.0908 -0.8247
vn 0.2157 -0.7055 -0.6751
vn 0.2003 -0.7002 -0.6853
vn 0.2098 -0.7038 -0.6788
vn 0.2309 -0.6951 -0.6809
vn 0.2264 -0.6937 -0.6837
vn 0.2393 -0.6982 -0.6747
vn 0.3278 -0.4887 -0.8085
vn 0.3105 -0.4837 -0.8184
vn 0.3216 -0.4871 -0.8120
vn 0.3546 -0.4522 -0.8184
vn 0.3468 -0.4501 -0.8229
vn 0.3679 -0.4567 -0.8100
vn 0.4877 -0.1789 -0.8545
vn 0.4826 -0.1773 -0.8577
vn 0.4867 -0.1785 -0.8551
vn 0.4981 -0.1562 -0.8529
vn 0.4946 -0.1551 -0.8552
vn 0.5043 -0.1581 -0.8490
vn 0.1913 -0.9619 -0.1954
vn 0.1975 -0.9615 -0.1908
vn 0.1854 -0.9622 -0.1993
vn 0.2020 -0.9533 -0.2246
vn 0.1977 -0.9535 -0.2275
vn 0.1944 -0.9536 -0.2298
vn 0.3769 -0.8819 -0.2832
vn 0.3816 -0.8812 -0.2789
vn 0.3737 -0.8824 -0.2859
vn 0.3815 -0.8747 -0.2989
vn 0.3781 -0.8752 -0.3016
vn 0.3740 -0.8758 -0.3053
vn 0.5703 -0.7490 -0.3374
vn 0.5750 -0.7478 -0.3320
vn 0.5683 -0.7495 -0.3396
vn 0.5761 -0.7367 -0.3541
vn 0.5734 -0.7375 -0.3568
vn 0.5688 -0.7386 -0.3619
vn 0.4838 -0.6731 -0.5594
vn 0.4886 -0.6727 -0.5556
vn 0.4796 -0.6733 -0.5628
vn 0.4838 -0.6647 -0.5694
vn 0.4828 -0.6646 -0.5704
vn 0.4814 -0.6648 -0.5712
vn 0.5732 -0.6323 -0.5212
vn 0.5793 -0.6316 -0.5153
vn 0.5692 -0.6329 -0.5248
vn 0.5772 -0.6132 -0.5393
vn 0.5752 -0.6135 -0.5411
vn 0.5721 -0.6139 -0.5439
vn 0.6899 -0.5171 -0.5065
vn 0.6948 -0.5160 -0.5011
vn 0.6874 -0.5177 -0.5093
vn 0.6933 -0.4943 -0.5245
vn 0.6913 -0.4947 -0.5266
vn 0.6875 -0.4957 -0.5307
vn 0.6262 0.0218 -0.7793
vn 0.6270 0.0219 -0.7787
vn 0.6257 0.0218 -0.7798
vn 0.6261 0.0118 -0.7797
vn 0.6306 0.0124 -0.7760
vn 0.6367 0.0134 -0.7710
vn 0.6573 -0.1033 -0.7465
vn 0.6590 -0.1030 -0.7451
vn 0.6563 -0.1034 -0.7474
vn 0.6558 -0.1031 -0.7479
vn 0.6571 -0.1028 -0.7468
vn 0.6587 -0.1025 -0.7454
vn 0.6792 -0.1927 -0.7082
vn 0.6810 -0.1923 -0.7066
vn 0.6782 -0.1929 -0.7091
vn 0.6779 -0.1879 -0.7107
vn 0.6773 -0.1879 -0.7113
vn 0.6761 -0.1882 -0.7123
vn 0.9674 -0.0832 -0.2390
vn 0.9676 -0.0836 -0.2382
vn 0.9675 -0.0835 -0.2385
vn 0.9614 -0.0993 -0.2567
vn 0.9615 -0.0997 -0.2560
vn 0.9613 -0.0992 -0.2569
vn 0.8564 -0.0643 -0.5122
vn 0.8560 -0.0640 -0.5129
vn 0.8565 -0.0644 -0.5120
vn 0.8598 -0.0565 -0.5076
vn 0.8597 -0.0564 -0.5076
vn 0.8604 -0.0572 -0.5064
vn 0.6771 -0.1261 -0.7250
vn 0.6777 -0.1264 -0.7244
vn 0.6776 -0.1263 -0.7245
vn 0.6773 -0.1262 -0.7248
vn 0.6775 -0.1263 -0.7246
vn 0.6775 -0.1262 -0.7247
vn 0.9019 -0.3133 -0.2974
vn 0.9020 -0.3136 -0.2966
vn 0.9018 -0.3132 -0.2977
vn 0.8900 -0.3283 -0.3163
vn 0.8898 -0.3278 -0.3174
vn 0.8897 -0.3276 -0.3179
vn 0.8496 -0.1850 -0.4940
vn 0.8495 -0.1850 -0.4940
vn 0.8493 -0.1849 -0.4944
vn 0.8473 -0.1880 -0.4968
vn 0.8471 -0.1879 -0.4972
vn 0.8471 -0.1879 -0.4971
vn 0.6954 -0.1610 -0.7004
vn 0.6957 -0.1613 -0.7000
vn 0.6957 -0.1612 -0.7001
vn 0.6955 -0.1608 -0.7003
vn 0.6957 -0.1610 -0.7001
vn 0.6955 -0.1609 -0.7003
vn 0.7729 -0.5323 -0.3455
vn 0.7729 -0.5323 -0.3453
vn 0.7725 -0.5313 -0.3477
vn 0.7656 -0.5350 -0.3573
vn 0.7648 -0.5333 -0.3614
vn 0.7649 -0.5336 -0.3608
vn 0.7921 -0.3514 -0.4992
vn 0.7919 -0.3512 -0.4996
vn 0.7911 -0.3504 -0.5013
vn 0.7879 -0.3557 -0.5028
vn 0.7868 -0.3546 -0.5052
vn 0.7870 -0.3548 -0.5047
vn 0.6902 -0.2273 -0.6870
vn 0.6900 -0.2272 -0.6872
vn 0.6896 -0.2270 -0.6877
vn 0.6901 -0.2275 -0.6871
vn 0.6896 -0.2272 -0.6877
vn 0.6897 -0.2273 -0.6875
vn 0.1189 -0.0436 -0.9919
vn 0.1163 -0.0447 -0.9922
vn 0.1156 -0.0450 -0.9923
vn 0.1404 -0.0825 -0.9866
vn 0.1385 -0.0833 -0.9869
vn 0.1720 -0.2750 -0.9459
vn 0.1683 -0.2763 -0.9462
vn 0.1666 -0.2770 -0.9463
vn 0.1824 -0.2973 -0.9372
vn 0.1783 -0.2988 -0.9375
vn 0.1813 -0.2977 -0.9373
vn 0.2145 -0.4671 -0.8578
vn 0.2072 -0.4691 -0.8585
vn 0.2033 -0.4704 -0.8587
vn 0.2183 -0.4797 -0.8498
vn 0.2097 -0.4823 -0.8505
vn 0.2155 -0.4806 -0.8500
vn 0.2616 -0.0309 -0.9647
vn 0.2621 -0.0308 -0.9645
vn 0.2617 -0.0308 -0.9646
vn 0.2591 -0.0243 -0.9656
vn 0.2592 -0.0243 -0.9655
vn 0.2588 -0.0244 -0.9656
vn 0.2630 -0.1958 -0.9447
vn 0.2609 -0.1966 -0.9451
vn 0.2598 -0.1970 -0.9454
vn 0.2684 -0.2092 -0.9403
vn 0.2659 -0.2101 -0.9408
vn 0.2676 -0.2095 -0.9405
vn 0.2998 -0.3114 -0.9017
vn 0.2932 -0.3132 -0.9033
vn 0.2896 -0.3144 -0.9040
vn 0.3019 -0.3314 -0.8939
vn 0.2950 -0.3335 -0.8954
vn 0.2996 -0.3322 -0.8944
vn 0.4318 -0.1061 -0.8957
vn 0.4321 -0.1060 -0.8956
vn 0.4321 -0.1059 -0.8956
vn 0.4294 -0.0996 -0.8976
vn 0.4298 -0.0994 -0.8974
vn 0.4298 -0.0996 -0.8974
vn 0.4274 -0.1640 -0.8891
vn 0.4261 -0.1645 -0.8896
vn 0.4252 -0.1650 -0.8899
vn 0.4289 -0.1705 -0.8871
vn 0.4273 -0.1713 -0.8877
vn 0.4283 -0.1708 -0.8873
vn 0.4521 -0.2046 -0.8682
vn 0.4492 -0.2055 -0.8695
vn 0.4474 -0.2061 -0.8702
vn 0.4517 -0.2134 -0.8663
vn 0.4484 -0.2145 -0.8677
vn 0.4504 -0.2138 -0.8668
vn -0.0935 -0.9868 0.1324
vn -0.0862 -0.9877 0.1308
vn -0.0805 -0.9884 0.1285
vn -0.0968 -0.9824 0.1599
vn -0.0792 -0.9847 0.1551
vn -0.0884 -0.9836 0.1571
vn -0.1433 -0.9429 0.3005
vn -0.1458 -0.9424 0.3011
vn -0.1461 -0.9423 0.3012
vn -0.1450 -0.9467 0.2876
vn -0.1482 -0.9460 0.2883
vn -0.1450 -0.9467 0.2877
vn -0.1579 -0.8360 0.5255
vn -0.1608 -0.8352 0.5259
vn -0.1613 -0.8351 0.5260
vn -0.1595 -0.8416 0.5161
vn -0.1631 -0.8405 0.5166
vn -0.1601 -0.8414 0.5162
vn -0.1209 -0.9804 0.1558
vn -0.1212 -0.9803 0.1561
vn -0.1216 -0.9802 0.1561
vn -0.1210 -0.9807 0.1539
vn -0.1216 -0.9805 0.1542
vn -0.1212 -0.9806 0.1542
vn -0.1457 -0.9586 0.2448
vn -0.1473 -0.9583 0.2450
vn -0.1478 -0.9581 0.2452
vn -0.1464 -0.9607 0.2358
vn -0.1485 -0.9603 0.2363
vn -0.1467 -0.9607 0.2359
vn -0.1836 -0.8818 0.4344
vn -0.1862 -0.8812 0.4346
vn -0.1872 -0.8809 0.4346
vn -0.1852 -0.8874 0.4222
vn -0.1889 -0.8865 0.4224
vn -0.1860 -0.8872 0.4222
vn -0.1330 -0.9845 0.1142
vn -0.1332 -0.9845 0.1143
vn -0.1350 -0.9843 0.1141
vn -0.1330 -0.9854 0.1063
vn -0.1346 -0.9852 0.1062
vn -0.1346 -0.9852 0.1063
vn -0.1625 -0.9692 0.1848
vn -0.1635 -0.9691 0.1847
vn -0.1645 -0.9689 0.1848
vn -0.1628 -0.9707 0.1767
vn -0.1646 -0.9704 0.1766
vn -0.1636 -0.9706 0.1767
vn -0.2328 -0.9165 0.3252
vn -0.2342 -0.9163 0.3250
vn -0.2354 -0.9159 0.3252
vn -0.2335 -0.9198 0.3154
vn -0.2359 -0.9192 0.3153
vn -0.2345 -0.9196 0.3152
vn -0.1968 -0.2852 0.9381
vn -0.2001 -0.2911 0.9355
vn -0.2015 -0.2939 0.9344
vn -0.1343 -0.3025 0.9436
vn -0.1396 -0.3118 0.9398
vn -0.1363 -0.3062 0.9422
vn -0.2560 -0.4188 0.8712
vn -0.2567 -0.4199 0.8705
vn -0.2570 -0.4206 0.8701
vn -0.2478 -0.4217 0.8722
vn -0.2488 -0.4235 0.8711
vn -0.2483 -0.4224 0.8717
vn -0.4082 -0.4768 0.7785
vn -0.4092 -0.4785 0.7770
vn -0.4099 -0.4798 0.7757
vn -0.3998 -0.4811 0.7802
vn -0.4014 -0.4839 0.7776
vn -0.4004 -0.4824 0.7790
vn -0.2250 -0.4596 0.8592
vn -0.2253 -0.4606 0.8585
vn -0.2256 -0.4612 0.8582
vn -0.2190 -0.4614 0.8597
vn -0.2195 -0.4630 0.8588
vn -0.2191 -0.4622 0.8593
vn -0.2671 -0.5004 0.8236
vn -0.2682 -0.5019 0.8223
vn -0.2690 -0.5030 0.8214
vn -0.2569 -0.5036 0.8248
vn -0.2587 -0.5062 0.8227
vn -0.2577 -0.5048 0.8239
vn -0.4110 -0.5671 0.7138
vn -0.4123 -0.5689 0.7116
vn -0.4131 -0.5705 0.7098
vn -0.4028 -0.5710 0.7153
vn -0.4048 -0.5743 0.7116
vn -0.4037 -0.5726 0.7135
vn -0.1958 -0.6274 0.7537
vn -0.1954 -0.6269 0.7542
vn -0.1955 -0.6272 0.7539
vn -0.1982 -0.6264 0.7539
vn -0.1979 -0.6262 0.7541
vn -0.1984 -0.6267 0.7536
vn -0.2532 -0.6590 0.7082
vn -0.2544 -0.6605 0.7064
vn -0.2551 -0.6618 0.7049
vn -0.2446 -0.6609 0.7095
vn -0.2464 -0.6636 0.7063
vn -0.2454 -0.6622 0.7080
vn -0.3712 -0.7244 0.5810
vn -0.3725 -0.7264 0.5776
vn -0.3733 -0.7283 0.5746
vn -0.3625 -0.7277 0.5822
vn -0.3645 -0.7315 0.5762
vn -0.3633 -0.7297 0.5792
vn -0.8203 -0.4982 0.2810
vn -0.8217 -0.4956 0.2812
vn -0.8238 -0.4921 0.2815
vn -0.8299 -0.5022 0.2430
vn -0.8341 -0.4950 0.2434
vn -0.8325 -0.4976 0.2434
vn -0.7280 -0.6438 0.2356
vn -0.7272 -0.6446 0.2357
vn -0.7271 -0.6449 0.2356
vn -0.7249 -0.6399 0.2552
vn -0.7235 -0.6414 0.2552
vn -0.6220 -0.7697 0.1439
vn -0.6228 -0.7691 0.1434
vn -0.6211 -0.7704 0.1441
vn -0.6219 -0.7672 0.1568
vn -0.6206 -0.7682 0.1571
vn -0.6198 -0.7688 0.1574
vn -0.7142 -0.5872 0.3811
vn -0.7131 -0.5884 0.3812
vn -0.7129 -0.5886 0.3812
vn -0.7091 -0.5809 0.3996
vn -0.7076 -0.5827 0.3998
vn -0.7093 -0.5807 0.3996
vn -0.7195 -0.6232 0.3063
vn -0.7199 -0.6229 0.3062
vn -0.7184 -0.6243 0.3068
vn -0.7173 -0.6176 0.3227
vn -0.7159 -0.6189 0.3232
vn -0.7159 -0.6190 0.3231
vn -0.6199 -0.7572 0.2056
vn -0.6216 -0.7561 0.2046
vn -0.6187 -0.7581 0.2061
vn -0.6200 -0.7532 0.2194
vn -0.6184 -0.7544 0.2201
vn -0.6169 -0.7554 0.2210
vn -0.6168 -0.5549 0.5582
vn -0.6145 -0.5570 0.5587
vn -0.6135 -0.5580 0.5588
vn -0.6087 -0.5416 0.5798
vn -0.6052 -0.5449 0.5804
vn -0.6086 -0.5417 0.5799
vn -0.6469 -0.6137 0.4526
vn -0.6471 -0.6135 0.4526
vn -0.6451 -0.6152 0.4532
vn -0.6434 -0.6053 0.4688
vn -0.6412 -0.6070 0.4695
vn -0.6415 -0.6068 0.4694
vn -0.5666 -0.7553 0.3295
vn -0.5676 -0.7547 0.3291
vn -0.5650 -0.7562 0.3301
vn -0.5658 -0.7504 0.3417
vn -0.5640 -0.7515 0.3423
vn -0.5631 -0.7520 0.3426
vn -0.0948 -0.9949 0.0337
vn -0.0966 -0.9945 0.0407
vn -0.0994 -0.9938 0.0488
vn -0.1177 -0.9926 0.0289
vn -0.1222 -0.9915 0.0438
vn -0.1205 -0.9920 0.0370
vn -0.1631 -0.9858 0.0391
vn -0.1634 -0.9857 0.0402
vn -0.1638 -0.9856 0.0413
vn -0.1660 -0.9854 0.0387
vn -0.1668 -0.9851 0.0409
vn -0.1664 -0.9852 0.0399
vn -0.1533 -0.9863 0.0612
vn -0.1538 -0.9862 0.0617
vn -0.1543 -0.9861 0.0622
vn -0.1546 -0.9861 0.0612
vn -0.1556 -0.9859 0.0623
vn -0.1552 -0.9860 0.0618
vn -0.2194 -0.9724 0.0792
vn -0.2194 -0.9724 0.0791
vn -0.2194 -0.9724 0.0789
vn -0.2179 -0.9727 0.0796
vn -0.2179 -0.9727 0.0792
vn -0.2180 -0.9727 0.0793
vn -0.2341 -0.9702 0.0629
vn -0.2343 -0.9701 0.0637
vn -0.2346 -0.9699 0.0645
vn -0.2360 -0.9697 0.0627
vn -0.2366 -0.9695 0.0643
vn -0.2364 -0.9696 0.0635
vn -0.2144 -0.9722 0.0946
vn -0.2145 -0.9720 0.0955
vn -0.2147 -0.9719 0.0966
vn -0.2163 -0.9717 0.0946
vn -0.2166 -0.9715 0.0966
vn -0.2166 -0.9716 0.0957
vn -0.3984 -0.9124 0.0938
vn -0.3982 -0.9126 0.0932
vn -0.3980 -0.9127 0.0924
vn -0.3942 -0.9141 0.0950
vn -0.3938 -0.9144 0.0935
vn -0.3940 -0.9143 0.0938
vn -0.3743 -0.9212 0.1060
vn -0.3744 -0.9211 0.1070
vn -0.3747 -0.9208 0.1083
vn -0.3764 -0.9204 0.1058
vn -0.3768 -0.9199 0.1083
vn -0.3766 -0.9202 0.1070
vn -0.3349 -0.9272 0.1677
vn -0.3351 -0.9268 0.1697
vn -0.3353 -0.9263 0.1720
vn -0.3387 -0.9259 0.1676
vn -0.3391 -0.9249 0.1720
vn -0.3392 -0.9253 0.1699
vn -0.1016 -0.9798 -0.1723
vn -0.0916 -0.9814 -0.1688
vn -0.0806 -0.9828 -0.1663
vn -0.0976 -0.9854 -0.1394
vn -0.0819 -0.9875 -0.1347
vn -0.0888 -0.9865 -0.1374
vn -0.1173 -0.9788 -0.1682
vn -0.1176 -0.9788 -0.1679
vn -0.1188 -0.9785 -0.1685
vn -0.1170 -0.9776 -0.1749
vn -0.1185 -0.9774 -0.1752
vn -0.1178 -0.9776 -0.1746
vn -0.1350 -0.9848 -0.1089
vn -0.1364 -0.9847 -0.1086
vn -0.1365 -0.9847 -0.1086
vn -0.1350 -0.9840 -0.1162
vn -0.1368 -0.9838 -0.1159
vn -0.1352 -0.9840 -0.1161
vn -0.1528 -0.9449 -0.2895
vn -0.1531 -0.9449 -0.2893
vn -0.1553 -0.9444 -0.2898
vn -0.1515 -0.9418 -0.3002
vn -0.1537 -0.9414 -0.3004
vn -0.1535 -0.9414 -0.3003
vn -0.1394 -0.9558 -0.2588
vn -0.1398 -0.9558 -0.2587
vn -0.1415 -0.9554 -0.2591
vn -0.1387 -0.9536 -0.2673
vn -0.1407 -0.9532 -0.2676
vn -0.1401 -0.9534 -0.2673
vn -0.1671 -0.9693 -0.1806
vn -0.1682 -0.9691 -0.1804
vn -0.1692 -0.9689 -0.1805
vn -0.1667 -0.9675 -0.1901
vn -0.1691 -0.9671 -0.1900
vn -0.1676 -0.9674 -0.1900
vn -0.1622 -0.8482 -0.5042
vn -0.1630 -0.8480 -0.5042
vn -0.1667 -0.8470 -0.5047
vn -0.1603 -0.8411 -0.5165
vn -0.1644 -0.8400 -0.5170
vn -0.1637 -0.8402 -0.5170
vn -0.1779 -0.8881 -0.4238
vn -0.1784 -0.8880 -0.4238
vn -0.1804 -0.8875 -0.4241
vn -0.1768 -0.8842 -0.4324
vn -0.1793 -0.8836 -0.4327
vn -0.1786 -0.8838 -0.4324
vn -0.2343 -0.9192 -0.3165
vn -0.2354 -0.9189 -0.3166
vn -0.2365 -0.9186 -0.3166
vn -0.2337 -0.9161 -0.3258
vn -0.2361 -0.9155 -0.3258
vn -0.2351 -0.9158 -0.3257
vn -0.1183 -0.9927 -0.0215
vn -0.1208 -0.9923 -0.0287
vn -0.1223 -0.9919 -0.0348
vn -0.0984 -0.9948 -0.0258
vn -0.1025 -0.9940 -0.0393
vn -0.1000 -0.9945 -0.0321
vn -0.2272 -0.9714 -0.0692
vn -0.2271 -0.9714 -0.0689
vn -0.2271 -0.9714 -0.0687
vn -0.2294 -0.9709 -0.0687
vn -0.2293 -0.9710 -0.0682
vn -0.2294 -0.9709 -0.0685
vn -0.4094 -0.9080 -0.0893
vn -0.4093 -0.9080 -0.0889
vn -0.4093 -0.9081 -0.0888
vn -0.4110 -0.9073 -0.0889
vn -0.4108 -0.9074 -0.0884
vn -0.4109 -0.9074 -0.0887
vn -0.1636 -0.9858 -0.0383
vn -0.1645 -0.9855 -0.0412
vn -0.1649 -0.9853 -0.0438
vn -0.1566 -0.9869 -0.0395
vn -0.1579 -0.9864 -0.0448
vn -0.1571 -0.9867 -0.0420
vn -0.2275 -0.9713 -0.0700
vn -0.2279 -0.9711 -0.0710
vn -0.2280 -0.9710 -0.0719
vn -0.2252 -0.9718 -0.0703
vn -0.2257 -0.9715 -0.0722
vn -0.2255 -0.9717 -0.0712
vn -0.3800 -0.9180 -0.1136
vn -0.3800 -0.9180 -0.1137
vn -0.3802 -0.9179 -0.1138
vn -0.3799 -0.9180 -0.1137
vn -0.3805 -0.9178 -0.1136
vn -0.1604 -0.9851 -0.0617
vn -0.1606 -0.9851 -0.0622
vn -0.1610 -0.9850 -0.0626
vn -0.1593 -0.9853 -0.0618
vn -0.1599 -0.9851 -0.0627
vn -0.1595 -0.9852 -0.0622
vn -0.2193 -0.9712 -0.0936
vn -0.2197 -0.9709 -0.0952
vn -0.2199 -0.9707 -0.0966
vn -0.2161 -0.9719 -0.0937
vn -0.2168 -0.9714 -0.0966
vn -0.2164 -0.9717 -0.0951
vn -0.3406 -0.9249 -0.1688
vn -0.3411 -0.9243 -0.1712
vn -0.3413 -0.9238 -0.1734
vn -0.3368 -0.9263 -0.1689
vn -0.3375 -0.9253 -0.1733
vn -0.3370 -0.9259 -0.1710
vn -0.8271 -0.5061 -0.2444
vn -0.8299 -0.5013 -0.2448
vn -0.8315 -0.4986 -0.2448
vn -0.8172 -0.5019 -0.2834
vn -0.8208 -0.4956 -0.2840
vn -0.8187 -0.4994 -0.2835
vn -0.7188 -0.5725 -0.3944
vn -0.7190 -0.5723 -0.3944
vn -0.7169 -0.5748 -0.3946
vn -0.7252 -0.5805 -0.3702
vn -0.7237 -0.5823 -0.3704
vn -0.7240 -0.5819 -0.3704
vn -0.6061 -0.5374 -0.5864
vn -0.6059 -0.5376 -0.5864
vn -0.6030 -0.5404 -0.5869
vn -0.6133 -0.5494 -0.5675
vn -0.6104 -0.5522 -0.5679
vn -0.6113 -0.5513 -0.5678
vn -0.7115 -0.6522 -0.2615
vn -0.7102 -0.6535 -0.2616
vn -0.7141 -0.6556 -0.2455
vn -0.7132 -0.6565 -0.2456
vn -0.7133 -0.6564 -0.2456
vn -0.7223 -0.6216 -0.3032
vn -0.7210 -0.6229 -0.3036
vn -0.7211 -0.6228 -0.3036
vn -0.7243 -0.6268 -0.2872
vn -0.7233 -0.6278 -0.2876
vn -0.7247 -0.6264 -0.2871
vn -0.6358 -0.6105 -0.4724
vn -0.6337 -0.6122 -0.4729
vn -0.6332 -0.6126 -0.4731
vn -0.6399 -0.6206 -0.4532
vn -0.6377 -0.6224 -0.4539
vn -0.6401 -0.6205 -0.4530
vn -0.6226 -0.7646 -0.1666
vn -0.6200 -0.7665 -0.1675
vn -0.6210 -0.7658 -0.1671
vn -0.6228 -0.7680 -0.1494
vn -0.6216 -0.7689 -0.1498
vn -0.6240 -0.7671 -0.1490
vn -0.6327 -0.7445 -0.2132
vn -0.6304 -0.7461 -0.2145
vn -0.6316 -0.7453 -0.2137
vn -0.6325 -0.7474 -0.2033
vn -0.6317 -0.7480 -0.2036
vn -0.6338 -0.7465 -0.2025
vn -0.5670 -0.7491 -0.3425
vn -0.5644 -0.7507 -0.3434
vn -0.5653 -0.7502 -0.3431
vn -0.5677 -0.7538 -0.3308
vn -0.5662 -0.7548 -0.3313
vn -0.5688 -0.7532 -0.3304
vn -0.1337 -0.3013 -0.9441
vn -0.1357 -0.3052 -0.9426
vn -0.1390 -0.3107 -0.9403
vn -0.1960 -0.2844 -0.9385
vn -0.2006 -0.2929 -0.9349
vn -0.1992 -0.2903 -0.9360
vn -0.2150 -0.4520 -0.8657
vn -0.2151 -0.4522 -0.8656
vn -0.2153 -0.4525 -0.8654
vn -0.2173 -0.4512 -0.8655
vn -0.2176 -0.4518 -0.8652
vn -0.2175 -0.4515 -0.8653
vn -0.1898 -0.6307 -0.7524
vn -0.1896 -0.6310 -0.7523
vn -0.1896 -0.6314 -0.7519
vn -0.1915 -0.6304 -0.7523
vn -0.1913 -0.6311 -0.7518
vn -0.1915 -0.6307 -0.7520
vn -0.2510 -0.4288 -0.8679
vn -0.2516 -0.4300 -0.8671
vn -0.2526 -0.4316 -0.8660
vn -0.2640 -0.4243 -0.8662
vn -0.2656 -0.4271 -0.8643
vn -0.2651 -0.4260 -0.8650
vn -0.2710 -0.4959 -0.8250
vn -0.2715 -0.4972 -0.8241
vn -0.2724 -0.4985 -0.8230
vn -0.2807 -0.4926 -0.8237
vn -0.2822 -0.4953 -0.8216
vn -0.2816 -0.4942 -0.8225
vn -0.2506 -0.6691 -0.6997
vn -0.2510 -0.6699 -0.6987
vn -0.2517 -0.6708 -0.6976
vn -0.2559 -0.6679 -0.6989
vn -0.2570 -0.6697 -0.6968
vn -0.2566 -0.6689 -0.6977
vn -0.3946 -0.4855 -0.7801
vn -0.3950 -0.4863 -0.7794
vn -0.3956 -0.4873 -0.7785
vn -0.4001 -0.4828 -0.7790
vn -0.4011 -0.4847 -0.7772
vn -0.4007 -0.4839 -0.7780
vn -0.3987 -0.5649 -0.7225
vn -0.3998 -0.5671 -0.7202
vn -0.4012 -0.5692 -0.7177
vn -0.4098 -0.5596 -0.7204
vn -0.4124 -0.5642 -0.7153
vn -0.4113 -0.5621 -0.7176
vn -0.3644 -0.7262 -0.5830
vn -0.3652 -0.7283 -0.5799
vn -0.3663 -0.7303 -0.5766
vn -0.3735 -0.7227 -0.5816
vn -0.3754 -0.7270 -0.5750
vn -0.3748 -0.7248 -0.5781
vn 0.0949 -0.9949 -0.0337
vn 0.0968 -0.9945 -0.0407
vn 0.0997 -0.9938 -0.0488
vn 0.1176 -0.9926 -0.0288
vn 0.1222 -0.9915 -0.0437
vn 0.1204 -0.9920 -0.0369
vn 0.1629 -0.9859 -0.0392
vn 0.1633 -0.9858 -0.0402
vn 0.1637 -0.9856 -0.0415
vn 0.1659 -0.9854 -0.0387
vn 0.1667 -0.9852 -0.0411
vn 0.1664 -0.9853 -0.0400
vn 0.1534 -0.9863 -0.0612
vn 0.1538 -0.9862 -0.0617
vn 0.1545 -0.9860 -0.0621
vn 0.1547 -0.9861 -0.0612
vn 0.1557 -0.9858 -0.0623
vn 0.1551 -0.9860 -0.0618
vn 0.2194 -0.9724 -0.0792
vn 0.2194 -0.9724 -0.0791
vn 0.2191 -0.9725 -0.0789
vn 0.2179 -0.9727 -0.0796
vn 0.2177 -0.9728 -0.0792
vn 0.2179 -0.9728 -0.0793
vn 0.2340 -0.9702 -0.0630
vn 0.2343 -0.9701 -0.0638
vn 0.2345 -0.9700 -0.0645
vn 0.2361 -0.9697 -0.0628
vn 0.2365 -0.9695 -0.0643
vn 0.2363 -0.9696 -0.0636
vn 0.2145 -0.9721 -0.0946
vn 0.2145 -0.9720 -0.0955
vn 0.2147 -0.9719 -0.0965
vn 0.2164 -0.9717 -0.0946
vn 0.2167 -0.9714 -0.0965
vn 0.2167 -0.9716 -0.0956
vn 0.3985 -0.9123 -0.0938
vn 0.3984 -0.9125 -0.0932
vn 0.3982 -0.9126 -0.0924
vn 0.3941 -0.9141 -0.0949
vn 0.3938 -0.9144 -0.0934
vn 0.3939 -0.9144 -0.0938
vn 0.3740 -0.9213 -0.1061
vn 0.3743 -0.9211 -0.1071
vn 0.3746 -0.9208 -0.1083
vn 0.3761 -0.9205 -0.1058
vn 0.3767 -0.9200 -0.1081
vn 0.3766 -0.9202 -0.1070
vn 0.3350 -0.9272 -0.1677
vn 0.3351 -0.9268 -0.1697
vn 0.3354 -0.9263 -0.1720
vn 0.3387 -0.9258 -0.1676
vn 0.3391 -0.9249 -0.1721
vn 0.3391 -0.9253 -0.1699
vn 0.0935 -0.9868 -0.1322
vn 0.0863 -0.9877 -0.1306
vn 0.0805 -0.9884 -0.1285
vn 0.0967 -0.9824 -0.1599
vn 0.0791 -0.9847 -0.1552
vn 0.0883 -0.9836 -0.1571
vn 0.1433 -0.9428 -0.3009
vn 0.1459 -0.9423 -0.3012
vn 0.1463 -0.9423 -0.3012
vn 0.1451 -0.9467 -0.2877
vn 0.1483 -0.9460 -0.2881
vn 0.1452 -0.9467 -0.2875
vn 0.1581 -0.8360 -0.5254
vn 0.1610 -0.8352 -0.5258
vn 0.1615 -0.8351 -0.5259
vn 0.1596 -0.8416 -0.5160
vn 0.1632 -0.8406 -0.5166
vn 0.1601 -0.8414 -0.5161
vn 0.1211 -0.9802 -0.1564
vn 0.1213 -0.9802 -0.1562
vn 0.1216 -0.9802 -0.1562
vn 0.1212 -0.9806 -0.1544
vn 0.1216 -0.9805 -0.1542
vn 0.1213 -0.9806 -0.1542
vn 0.1457 -0.9586 -0.2447
vn 0.1472 -0.9583 -0.2449
vn 0.1477 -0.9582 -0.2451
vn 0.1465 -0.9607 -0.2358
vn 0.1485 -0.9603 -0.2362
vn 0.1467 -0.9606 -0.2359
vn 0.1837 -0.8819 -0.4343
vn 0.1863 -0.8812 -0.4345
vn 0.1872 -0.8810 -0.4346
vn 0.1853 -0.8874 -0.4221
vn 0.1889 -0.8865 -0.4224
vn 0.1860 -0.8872 -0.4222
vn 0.1330 -0.9845 -0.1143
vn 0.1331 -0.9845 -0.1144
vn 0.1350 -0.9842 -0.1142
vn 0.1330 -0.9854 -0.1062
vn 0.1347 -0.9852 -0.1061
vn 0.1346 -0.9852 -0.1061
vn 0.1624 -0.9692 -0.1851
vn 0.1633 -0.9691 -0.1848
vn 0.1644 -0.9689 -0.1850
vn 0.1626 -0.9707 -0.1770
vn 0.1645 -0.9704 -0.1768
vn 0.1635 -0.9706 -0.1765
vn 0.2326 -0.9166 -0.3250
vn 0.2339 -0.9163 -0.3250
vn 0.2352 -0.9160 -0.3249
vn 0.2334 -0.9199 -0.3152
vn 0.2358 -0.9193 -0.3151
vn 0.2345 -0.9196 -0.3152
vn 0.1968 -0.2853 -0.9380
vn 0.2001 -0.2913 -0.9355
vn 0.2014 -0.2940 -0.9343
vn 0.1341 -0.3025 -0.9437
vn 0.1394 -0.3118 -0.9399
vn 0.1361 -0.3063 -0.9421
vn 0.2561 -0.4191 -0.8711
vn 0.2568 -0.4201 -0.8704
vn 0.2570 -0.4208 -0.8700
vn 0.2480 -0.4218 -0.8721
vn 0.2490 -0.4236 -0.8710
vn 0.2483 -0.4225 -0.8717
vn 0.4081 -0.4768 -0.7785
vn 0.4091 -0.4785 -0.7770
vn 0.4098 -0.4798 -0.7758
vn 0.3998 -0.4811 -0.7802
vn 0.4014 -0.4840 -0.7776
vn 0.4005 -0.4825 -0.7790
vn 0.2248 -0.4597 -0.8591
vn 0.2254 -0.4605 -0.8585
vn 0.2258 -0.4611 -0.8582
vn 0.2187 -0.4615 -0.8598
vn 0.2196 -0.4628 -0.8588
vn 0.2191 -0.4620 -0.8594
vn 0.2671 -0.5003 -0.8236
vn 0.2681 -0.5019 -0.8223
vn 0.2688 -0.5030 -0.8214
vn 0.2569 -0.5035 -0.8249
vn 0.2586 -0.5062 -0.8228
vn 0.2575 -0.5047 -0.8240
vn 0.4111 -0.5670 -0.7138
vn 0.4123 -0.5689 -0.7116
vn 0.4131 -0.5704 -0.7099
vn 0.4031 -0.5710 -0.7152
vn 0.4049 -0.5742 -0.7115
vn 0.4038 -0.5726 -0.7135
vn 0.1956 -0.6276 -0.7536
vn 0.1956 -0.6268 -0.7542
vn 0.1959 -0.6270 -0.7540
vn 0.1980 -0.6265 -0.7539
vn 0.1983 -0.6259 -0.7543
vn 0.1985 -0.6265 -0.7537
vn 0.2532 -0.6590 -0.7082
vn 0.2544 -0.6605 -0.7064
vn 0.2550 -0.6619 -0.7049
vn 0.2445 -0.6608 -0.7096
vn 0.2463 -0.6636 -0.7063
vn 0.2453 -0.6622 -0.7080
vn 0.3712 -0.7244 -0.5809
vn 0.3725 -0.7264 -0.5776
vn 0.3732 -0.7284 -0.5746
vn 0.3625 -0.7276 -0.5824
vn 0.3645 -0.7314 -0.5764
vn 0.3633 -0.7296 -0.5794
vn 0.8203 -0.4982 -0.2809
vn 0.8218 -0.4957 -0.2810
vn 0.8238 -0.4921 -0.2814
vn 0.8299 -0.5022 -0.2431
vn 0.8341 -0.4949 -0.2435
vn 0.8325 -0.4976 -0.2435
vn 0.7280 -0.6439 -0.2356
vn 0.7272 -0.6447 -0.2357
vn 0.7270 -0.6449 -0.2357
vn 0.7248 -0.6400 -0.2551
vn 0.7234 -0.6415 -0.2552
vn 0.6219 -0.7698 -0.1438
vn 0.6229 -0.7690 -0.1436
vn 0.6211 -0.7704 -0.1440
vn 0.6219 -0.7673 -0.1567
vn 0.6207 -0.7682 -0.1570
vn 0.6199 -0.7687 -0.1574
vn 0.7141 -0.5872 -0.3812
vn 0.7130 -0.5884 -0.3813
vn 0.7129 -0.5886 -0.3813
vn 0.7092 -0.5809 -0.3996
vn 0.7076 -0.5827 -0.3998
vn 0.7093 -0.5807 -0.3996
vn 0.7196 -0.6232 -0.3062
vn 0.7199 -0.6229 -0.3061
vn 0.7185 -0.6243 -0.3066
vn 0.7173 -0.6176 -0.3227
vn 0.7159 -0.6189 -0.3231
vn 0.7158 -0.6190 -0.3232
vn 0.6200 -0.7572 -0.2056
vn 0.6217 -0.7561 -0.2046
vn 0.6188 -0.7581 -0.2061
vn 0.6200 -0.7533 -0.2194
vn 0.6185 -0.7544 -0.2201
vn 0.6168 -0.7555 -0.2210
vn 0.6168 -0.5550 -0.5581
vn 0.6146 -0.5570 -0.5586
vn 0.6135 -0.5580 -0.5588
vn 0.6086 -0.5416 -0.5799
vn 0.6051 -0.5448 -0.5805
vn 0.6084 -0.5417 -0.5800
vn 0.6469 -0.6137 -0.4527
vn 0.6471 -0.6135 -0.4526
vn 0.6451 -0.6152 -0.4532
vn 0.6434 -0.6052 -0.4688
vn 0.6413 -0.6070 -0.4694
vn 0.6416 -0.6067 -0.4693
vn 0.5666 -0.7552 -0.3295
vn 0.5678 -0.7546 -0.3291
vn 0.5651 -0.7561 -0.3301
vn 0.5658 -0.7504 -0.3417
vn 0.5640 -0.7515 -0.3423
vn 0.5631 -0.7521 -0.3426
vn 0.1016 -0.9798 0.1724
vn 0.0916 -0.9814 0.1689
vn 0.0806 -0.9828 0.1664
vn 0.0976 -0.9854 0.1394
vn 0.0819 -0.9875 0.1346
vn 0.0888 -0.9865 0.1373
vn 0.1174 -0.9788 0.1679
vn 0.1177 -0.9787 0.1680
vn 0.1188 -0.9786 0.1681
vn 0.1170 -0.9777 0.1745
vn 0.1186 -0.9775 0.1747
vn 0.1179 -0.9776 0.1746
vn 0.1349 -0.9849 0.1089
vn 0.1363 -0.9847 0.1087
vn 0.1365 -0.9847 0.1087
vn 0.1349 -0.9840 0.1161
vn 0.1368 -0.9838 0.1159
vn 0.1350 -0.9840 0.1160
vn 0.1528 -0.9449 0.2896
vn 0.1531 -0.9449 0.2895
vn 0.1554 -0.9444 0.2899
vn 0.1515 -0.9418 0.3002
vn 0.1537 -0.9413 0.3004
vn 0.1535 -0.9414 0.3003
vn 0.1394 -0.9558 0.2587
vn 0.1397 -0.9558 0.2587
vn 0.1414 -0.9554 0.2591
vn 0.1388 -0.9536 0.2673
vn 0.1407 -0.9532 0.2677
vn 0.1401 -0.9534 0.2673
vn 0.1670 -0.9693 0.1804
vn 0.1682 -0.9691 0.1804
vn 0.1691 -0.9689 0.1809
vn 0.1667 -0.9675 0.1901
vn 0.1691 -0.9670 0.1905
vn 0.1676 -0.9674 0.1900
vn 0.1622 -0.8484 0.5040
vn 0.1630 -0.8481 0.5041
vn 0.1667 -0.8471 0.5046
vn 0.1603 -0.8412 0.5164
vn 0.1644 -0.8401 0.5169
vn 0.1636 -0.8403 0.5168
vn 0.1779 -0.8881 0.4238
vn 0.1785 -0.8880 0.4238
vn 0.1805 -0.8875 0.4240
vn 0.1768 -0.8842 0.4324
vn 0.1794 -0.8835 0.4327
vn 0.1787 -0.8837 0.4326
vn 0.2343 -0.9191 0.3167
vn 0.2353 -0.9190 0.3165
vn 0.2365 -0.9186 0.3165
vn 0.2337 -0.9161 0.3259
vn 0.2361 -0.9155 0.3257
vn 0.2349 -0.9158 0.3257
vn 0.1184 -0.9927 0.0215
vn 0.1209 -0.9922 0.0287
vn 0.1224 -0.9919 0.0348
vn 0.0983 -0.9948 0.0258
vn 0.1024 -0.9940 0.0392
vn 0.0999 -0.9945 0.0320
vn 0.2274 -0.9713 0.0693
vn 0.2273 -0.9714 0.0689
vn 0.2271 -0.9714 0.0688
vn 0.2293 -0.9709 0.0687
vn 0.2290 -0.9710 0.0682
vn 0.2292 -0.9710 0.0685
vn 0.4096 -0.9079 0.0892
vn 0.4093 -0.9080 0.0889
vn 0.4090 -0.9082 0.0888
vn 0.4111 -0.9072 0.0888
vn 0.4105 -0.9076 0.0884
vn 0.4108 -0.9074 0.0887
vn 0.1636 -0.9858 0.0383
vn 0.1644 -0.9855 0.0412
vn 0.1649 -0.9853 0.0438
vn 0.1567 -0.9869 0.0394
vn 0.1579 -0.9864 0.0448
vn 0.1571 -0.9867 0.0419
vn 0.2277 -0.9712 0.0699
vn 0.2280 -0.9711 0.0710
vn 0.2283 -0.9709 0.0718
vn 0.2253 -0.9717 0.0703
vn 0.2259 -0.9715 0.0721
vn 0.2255 -0.9716 0.0712
vn 0.3800 -0.9180 0.1137
vn 0.3802 -0.9179 0.1137
vn 0.3802 -0.9179 0.1138
vn 0.3801 -0.9179 0.1136
vn 0.3806 -0.9177 0.1136
vn 0.1605 -0.9851 0.0617
vn 0.1606 -0.9851 0.0622
vn 0.1607 -0.9850 0.0626
vn 0.1595 -0.9853 0.0618
vn 0.1596 -0.9852 0.0627
vn 0.1594 -0.9853 0.0622
vn 0.2194 -0.9711 0.0936
vn 0.2197 -0.9709 0.0952
vn 0.2199 -0.9707 0.0966
vn 0.2163 -0.9718 0.0937
vn 0.2168 -0.9714 0.0966
vn 0.2165 -0.9717 0.0950
vn 0.3407 -0.9249 0.1689
vn 0.3412 -0.9243 0.1712
vn 0.3412 -0.9238 0.1734
vn 0.3369 -0.9263 0.1689
vn 0.3375 -0.9253 0.1733
vn 0.3371 -0.9258 0.1710
vn 0.8276 -0.5053 0.2444
vn 0.8300 -0.5012 0.2448
vn 0.8316 -0.4985 0.2448
vn 0.8173 -0.5017 0.2834
vn 0.8208 -0.4956 0.2840
vn 0.8187 -0.4993 0.2835
vn 0.7189 -0.5724 0.3944
vn 0.7190 -0.5723 0.3944
vn 0.7169 -0.5747 0.3946
vn 0.7252 -0.5805 0.3704
vn 0.7236 -0.5822 0.3706
vn 0.7239 -0.5819 0.3706
vn 0.6062 -0.5374 0.5863
vn 0.6060 -0.5376 0.5864
vn 0.6030 -0.5404 0.5868
vn 0.6133 -0.5494 0.5675
vn 0.6104 -0.5522 0.5679
vn 0.6113 -0.5513 0.5678
vn 0.7114 -0.6523 0.2615
vn 0.7102 -0.6536 0.2616
vn 0.7141 -0.6556 0.2455
vn 0.7132 -0.6565 0.2456
vn 0.7133 -0.6564 0.2456
vn 0.7223 -0.6216 0.3031
vn 0.7209 -0.6230 0.3036
vn 0.7210 -0.6228 0.3037
vn 0.7243 -0.6268 0.2873
vn 0.7233 -0.6278 0.2877
vn 0.7247 -0.6264 0.2871
vn 0.6356 -0.6107 0.4723
vn 0.6335 -0.6124 0.4729
vn 0.6330 -0.6128 0.4730
vn 0.6398 -0.6206 0.4533
vn 0.6376 -0.6224 0.4540
vn 0.6400 -0.6205 0.4532
vn 0.6227 -0.7646 0.1665
vn 0.6200 -0.7665 0.1674
vn 0.6210 -0.7658 0.1671
vn 0.6228 -0.7680 0.1493
vn 0.6216 -0.7689 0.1498
vn 0.6240 -0.7671 0.1490
vn 0.6327 -0.7445 0.2132
vn 0.6303 -0.7461 0.2144
vn 0.6316 -0.7452 0.2137
vn 0.6325 -0.7474 0.2033
vn 0.6317 -0.7480 0.2037
vn 0.6338 -0.7465 0.2025
vn 0.5670 -0.7491 0.3425
vn 0.5644 -0.7506 0.3435
vn 0.5653 -0.7501 0.3431
vn 0.5677 -0.7539 0.3308
vn 0.5661 -0.7548 0.3313
vn 0.5687 -0.7533 0.3304
vn 0.1337 -0.3014 0.9441
vn 0.1357 -0.3052 0.9426
vn 0.1390 -0.3107 0.9403
vn 0.1959 -0.2843 0.9385
vn 0.2005 -0.2929 0.9349
vn 0.1992 -0.2902 0.9360
vn 0.2149 -0.4520 0.8657
vn 0.2151 -0.4521 0.8657
vn 0.2150 -0.4526 0.8654
vn 0.2173 -0.4513 0.8655
vn 0.2174 -0.4519 0.8652
vn 0.2174 -0.4515 0.8654
vn 0.1898 -0.6308 0.7524
vn 0.1897 -0.6311 0.7521
vn 0.1899 -0.6314 0.7519
vn 0.1912 -0.6305 0.7523
vn 0.1914 -0.6311 0.7518
vn 0.1914 -0.6308 0.7519
vn 0.2510 -0.4287 0.8679
vn 0.2517 -0.4299 0.8671
vn 0.2527 -0.4316 0.8660
vn 0.2641 -0.4243 0.8662
vn 0.2657 -0.4272 0.8643
vn 0.2651 -0.4260 0.8650
vn 0.2708 -0.4960 0.8250
vn 0.2715 -0.4971 0.8241
vn 0.2725 -0.4985 0.8230
vn 0.2805 -0.4929 0.8237
vn 0.2822 -0.4954 0.8216
vn 0.2815 -0.4943 0.8225
vn 0.2506 -0.6691 0.6997
vn 0.2510 -0.6699 0.6987
vn 0.2516 -0.6709 0.6976
vn 0.2560 -0.6679 0.6989
vn 0.2570 -0.6697 0.6967
vn 0.2567 -0.6689 0.6977
vn 0.3946 -0.4855 0.7801
vn 0.3950 -0.4864 0.7793
vn 0.3957 -0.4874 0.7784
vn 0.4000 -0.4828 0.7790
vn 0.4012 -0.4848 0.7772
vn 0.4007 -0.4839 0.7780
vn 0.3988 -0.5649 0.7224
vn 0.3999 -0.5671 0.7200
vn 0.4015 -0.5692 0.7175
vn 0.4096 -0.5596 0.7204
vn 0.4125 -0.5641 0.7153
vn 0.4113 -0.5620 0.7176
vn 0.3642 -0.7262 0.5830
vn 0.3652 -0.7283 0.5798
vn 0.3664 -0.7303 0.5766
vn 0.3733 -0.7228 0.5815
vn 0.3754 -0.7269 0.5750
vn 0.3747 -0.7249 0.5781
vn -0.9665 0.1630 0.1985
vn -0.9665 0.1629 0.1983
vn -0.9665 0.1630 0.1983
vn -0.9656 0.1599 0.2051
vn -0.9657 0.1597 0.2049
vn -0.9656 0.1598 0.2052
vn -0.8349 0.1473 0.5303
vn -0.8351 0.1472 0.5300
vn -0.8352 0.1473 0.5298
vn -0.8325 0.1444 0.5348
vn -0.8328 0.1445 0.5344
vn -0.8325 0.1446 0.5347
vn -0.6481 0.1239 0.7514
vn -0.6481 0.1237 0.7515
vn -0.6482 0.1237 0.7514
vn -0.6478 0.1235 0.7518
vn -0.6479 0.1234 0.7517
vn -0.6478 0.1234 0.7518
vn -0.8739 0.4475 0.1899
vn -0.8742 0.4471 0.1895
vn -0.8742 0.4473 0.1892
vn -0.8738 0.4444 0.1974
vn -0.8740 0.4443 0.1968
vn -0.7586 0.4076 0.5083
vn -0.7588 0.4073 0.5083
vn -0.7590 0.4072 0.5081
vn -0.7580 0.4064 0.5102
vn -0.7583 0.4061 0.5100
vn -0.7581 0.4062 0.5102
vn -0.6048 0.3541 0.7133
vn -0.6047 0.3542 0.7134
vn -0.6047 0.3543 0.7133
vn -0.6048 0.3546 0.7130
vn -0.6048 0.3548 0.7130
vn -0.6048 0.3546 0.7131
vn -0.7219 0.6704 0.1716
vn -0.7220 0.6703 0.1713
vn -0.7219 0.6705 0.1711
vn -0.7221 0.6696 0.1741
vn -0.7220 0.6698 0.1737
vn -0.7220 0.6696 0.1741
vn -0.6415 0.6056 0.4710
vn -0.6411 0.6056 0.4714
vn -0.6413 0.6054 0.4713
vn -0.6414 0.6064 0.4701
vn -0.6413 0.6062 0.4703
vn -0.6416 0.6062 0.4700
vn -0.5451 0.5222 0.6559
vn -0.5435 0.5230 0.6565
vn -0.5441 0.5227 0.6563
vn -0.5458 0.5249 0.6531
vn -0.5452 0.5252 0.6533
vn -0.5461 0.5249 0.6529
vn -0.0895 0.1116 0.9897
vn -0.0895 0.1115 0.9897
vn -0.0896 0.1117 0.9897
vn -0.0942 0.1087 0.9896
vn -0.0943 0.1088 0.9896
vn -0.0887 0.3224 0.9424
vn -0.0884 0.3226 0.9424
vn -0.0887 0.3229 0.9423
vn -0.0947 0.3189 0.9431
vn -0.0947 0.3194 0.9429
vn -0.0947 0.3193 0.9429
vn -0.0888 0.5243 0.8469
vn -0.0886 0.5243 0.8469
vn -0.0885 0.5246 0.8467
vn -0.0907 0.5235 0.8472
vn -0.0906 0.5239 0.8470
vn -0.0908 0.5236 0.8471
vn -0.2682 0.1147 0.9565
vn -0.2684 0.1145 0.9565
vn -0.2685 0.1146 0.9564
vn -0.2731 0.1112 0.9555
vn -0.2735 0.1111 0.9554
vn -0.2735 0.1112 0.9554
vn -0.2693 0.3250 0.9066
vn -0.2694 0.3252 0.9065
vn -0.2710 0.3239 0.9064
vn -0.2712 0.3242 0.9063
vn -0.2711 0.3240 0.9064
vn -0.2661 0.5129 0.8161
vn -0.2663 0.5131 0.8160
vn -0.2662 0.5127 0.8163
vn -0.2653 0.5137 0.8159
vn -0.2653 0.5134 0.8161
vn -0.2650 0.5135 0.8161
vn -0.4546 0.1132 0.8835
vn -0.4547 0.1131 0.8835
vn -0.4550 0.1130 0.8833
vn -0.4557 0.1124 0.8830
vn -0.4562 0.1122 0.8828
vn -0.4558 0.1123 0.8830
vn -0.4398 0.3271 0.8364
vn -0.4397 0.3272 0.8364
vn -0.4388 0.3277 0.8367
vn -0.4388 0.3276 0.8368
vn -0.4386 0.3276 0.8368
vn -0.4126 0.4903 0.7677
vn -0.4130 0.4909 0.7671
vn -0.4124 0.4900 0.7680
vn -0.4081 0.4940 0.7678
vn -0.4075 0.4934 0.7685
vn -0.4068 0.4929 0.7691
vn -0.1145 0.9784 0.1720
vn -0.1146 0.9784 0.1721
vn -0.1144 0.9785 0.1719
vn -0.1126 0.9792 0.1688
vn -0.1127 0.9792 0.1688
vn -0.1125 0.9792 0.1686
vn -0.3300 0.9282 0.1717
vn -0.3304 0.9281 0.1716
vn -0.3301 0.9283 0.1713
vn -0.3286 0.9295 0.1674
vn -0.3286 0.9296 0.1668
vn -0.3285 0.9297 0.1667
vn -0.5345 0.8288 0.1656
vn -0.5345 0.8287 0.1658
vn -0.5343 0.8288 0.1659
vn -0.5344 0.8292 0.1637
vn -0.5342 0.8293 0.1638
vn -0.5343 0.8293 0.1636
vn -0.1094 0.8773 0.4673
vn -0.1097 0.8771 0.4675
vn -0.1095 0.8772 0.4674
vn -0.1067 0.8786 0.4655
vn -0.1065 0.8787 0.4653
vn -0.3099 0.8297 0.4643
vn -0.3100 0.8296 0.4644
vn -0.3101 0.8296 0.4644
vn -0.3092 0.8304 0.4635
vn -0.3092 0.8305 0.4634
vn -0.3091 0.8305 0.4634
vn -0.4882 0.7450 0.4546
vn -0.4879 0.7453 0.4544
vn -0.4880 0.7451 0.4547
vn -0.4881 0.7449 0.4549
vn -0.4879 0.7449 0.4550
vn -0.4882 0.7447 0.4551
vn -0.0960 0.7159 0.6916
vn -0.0960 0.7158 0.6917
vn -0.0958 0.7156 0.6919
vn -0.0945 0.7158 0.6919
vn -0.0941 0.7156 0.6921
vn -0.0943 0.7159 0.6918
vn -0.2786 0.6845 0.6737
vn -0.2783 0.6848 0.6735
vn -0.2788 0.6846 0.6735
vn -0.2793 0.6844 0.6734
vn -0.2795 0.6845 0.6733
vn -0.2796 0.6841 0.6737
vn -0.4261 0.6396 0.6398
vn -0.4250 0.6416 0.6385
vn -0.4258 0.6400 0.6396
vn -0.4273 0.6389 0.6397
vn -0.4275 0.6386 0.6399
vn -0.4287 0.6370 0.6407
vn -0.9656 0.1599 -0.2051
vn -0.9656 0.1599 -0.2052
vn -0.9656 0.1597 -0.2050
vn -0.9665 0.1630 -0.1983
vn -0.9665 0.1628 -0.1984
vn -0.9665 0.1628 -0.1983
vn -0.8740 0.4448 -0.1956
vn -0.8740 0.4450 -0.1953
vn -0.8742 0.4449 -0.1947
vn -0.8741 0.4482 -0.1874
vn -0.8743 0.4482 -0.1865
vn -0.8742 0.4481 -0.1869
vn -0.7220 0.6697 -0.1736
vn -0.7219 0.6699 -0.1732
vn -0.7220 0.6704 -0.1709
vn -0.7221 0.6705 -0.1703
vn -0.7222 0.6704 -0.1706
vn -0.8328 0.1463 -0.5339
vn -0.8328 0.1464 -0.5338
vn -0.8330 0.1463 -0.5336
vn -0.8350 0.1490 -0.5297
vn -0.8353 0.1489 -0.5293
vn -0.8352 0.1488 -0.5294
vn -0.7581 0.4069 -0.5096
vn -0.7582 0.4070 -0.5094
vn -0.7584 0.4069 -0.5093
vn -0.7588 0.4080 -0.5078
vn -0.7591 0.4078 -0.5074
vn -0.7589 0.4079 -0.5076
vn -0.6419 0.6060 -0.4697
vn -0.6421 0.6060 -0.4696
vn -0.6419 0.6060 -0.4698
vn -0.6420 0.6053 -0.4706
vn -0.6419 0.6053 -0.4708
vn -0.6417 0.6054 -0.4708
vn -0.6478 0.1242 -0.7516
vn -0.6478 0.1239 -0.7517
vn -0.6477 0.1236 -0.7518
vn -0.6481 0.1245 -0.7513
vn -0.6480 0.1239 -0.7515
vn -0.6481 0.1242 -0.7514
vn -0.6042 0.3548 -0.7135
vn -0.6042 0.3551 -0.7133
vn -0.6042 0.3542 -0.7138
vn -0.6041 0.3546 -0.7137
vn -0.6041 0.3544 -0.7138
vn -0.5459 0.5251 -0.6529
vn -0.5462 0.5249 -0.6528
vn -0.5452 0.5253 -0.6532
vn -0.5450 0.5223 -0.6559
vn -0.5439 0.5228 -0.6564
vn -0.5435 0.5230 -0.6566
vn -0.1126 0.9792 -0.1689
vn -0.1125 0.9792 -0.1687
vn -0.1127 0.9792 -0.1688
vn -0.1145 0.9784 -0.1719
vn -0.1144 0.9785 -0.1717
vn -0.1147 0.9784 -0.1720
vn -0.1050 0.8784 -0.4662
vn -0.1049 0.8786 -0.4658
vn -0.1051 0.8784 -0.4661
vn -0.1081 0.8771 -0.4680
vn -0.1083 0.8770 -0.4681
vn -0.1085 0.8770 -0.4681
vn -0.0942 0.7158 -0.6919
vn -0.0939 0.7159 -0.6919
vn -0.0940 0.7158 -0.6919
vn -0.0956 0.7158 -0.6917
vn -0.0955 0.7157 -0.6918
vn -0.0956 0.7157 -0.6919
vn -0.3281 0.9293 -0.1696
vn -0.3278 0.9295 -0.1691
vn -0.3281 0.9294 -0.1691
vn -0.3295 0.9281 -0.1734
vn -0.3297 0.9281 -0.1731
vn -0.3298 0.9280 -0.1735
vn -0.3088 0.8304 -0.4638
vn -0.3087 0.8305 -0.4637
vn -0.3087 0.8304 -0.4638
vn -0.3096 0.8296 -0.4648
vn -0.3096 0.8294 -0.4650
vn -0.3096 0.8295 -0.4649
vn -0.2789 0.6848 -0.6733
vn -0.2791 0.6846 -0.6733
vn -0.2790 0.6848 -0.6731
vn -0.2786 0.6850 -0.6732
vn -0.2787 0.6851 -0.6731
vn -0.2783 0.6853 -0.6730
vn -0.5342 0.8292 -0.1644
vn -0.5343 0.8292 -0.1642
vn -0.5344 0.8292 -0.1639
vn -0.5341 0.8289 -0.1664
vn -0.5344 0.8287 -0.1661
vn -0.5343 0.8287 -0.1665
vn -0.4884 0.7443 -0.4554
vn -0.4886 0.7441 -0.4557
vn -0.4884 0.7444 -0.4554
vn -0.4887 0.7444 -0.4551
vn -0.4885 0.7445 -0.4550
vn -0.4883 0.7448 -0.4548
vn -0.4274 0.6388 -0.6397
vn -0.4287 0.6370 -0.6407
vn -0.4276 0.6385 -0.6399
vn -0.4260 0.6397 -0.6398
vn -0.4256 0.6402 -0.6395
vn -0.4247 0.6418 -0.6385
vn -0.0943 0.1085 -0.9896
vn -0.0944 0.1087 -0.9896
vn -0.0942 0.1087 -0.9896
vn -0.0895 0.1117 -0.9897
vn -0.0895 0.1119 -0.9897
vn -0.2738 0.1096 -0.9555
vn -0.2740 0.1099 -0.9554
vn -0.2742 0.1096 -0.9554
vn -0.2687 0.1132 -0.9565
vn -0.2690 0.1131 -0.9565
vn -0.2687 0.1132 -0.9566
vn -0.4558 0.1118 -0.8830
vn -0.4560 0.1118 -0.8829
vn -0.4559 0.1120 -0.8829
vn -0.4546 0.1129 -0.8835
vn -0.4547 0.1130 -0.8835
vn -0.4547 0.1128 -0.8835
vn -0.0952 0.3189 -0.9430
vn -0.0956 0.3190 -0.9429
vn -0.0956 0.3189 -0.9429
vn -0.0897 0.3221 -0.9424
vn -0.0901 0.3221 -0.9424
vn -0.0898 0.3220 -0.9425
vn -0.2714 0.3234 -0.9065
vn -0.2715 0.3236 -0.9064
vn -0.2717 0.3236 -0.9064
vn -0.2693 0.3247 -0.9066
vn -0.2695 0.3248 -0.9066
vn -0.2693 0.3247 -0.9067
vn -0.4383 0.3274 -0.8371
vn -0.4382 0.3273 -0.8371
vn -0.4381 0.3274 -0.8372
vn -0.4392 0.3266 -0.8369
vn -0.4390 0.3266 -0.8370
vn -0.0908 0.5236 -0.8471
vn -0.0911 0.5236 -0.8471
vn -0.0910 0.5239 -0.8469
vn -0.0890 0.5244 -0.8468
vn -0.0890 0.5245 -0.8468
vn -0.0891 0.5243 -0.8469
vn -0.2653 0.5143 -0.8155
vn -0.2651 0.5140 -0.8158
vn -0.2655 0.5141 -0.8156
vn -0.2665 0.5135 -0.8157
vn -0.2666 0.5133 -0.8158
vn -0.2668 0.5136 -0.8155
vn -0.4080 0.4941 -0.7678
vn -0.4068 0.4929 -0.7691
vn -0.4074 0.4935 -0.7684
vn -0.4125 0.4904 -0.7677
vn -0.4123 0.4901 -0.7680
vn -0.4131 0.4908 -0.7671
vn 0.0895 0.1118 -0.9897
vn 0.0893 0.1117 -0.9897
vn 0.0896 0.1118 -0.9897
vn 0.0943 0.1087 -0.9896
vn 0.0943 0.1086 -0.9896
vn 0.0944 0.1087 -0.9896
vn 0.0885 0.3226 -0.9424
vn 0.0886 0.3230 -0.9422
vn 0.0943 0.3191 -0.9430
vn 0.0945 0.3196 -0.9428
vn 0.0947 0.3194 -0.9429
vn 0.0889 0.5242 -0.8469
vn 0.0888 0.5242 -0.8469
vn 0.0890 0.5242 -0.8469
vn 0.0908 0.5234 -0.8472
vn 0.0910 0.5235 -0.8471
vn 0.0909 0.5235 -0.8471
vn 0.2684 0.1144 -0.9565
vn 0.2682 0.1145 -0.9565
vn 0.2682 0.1148 -0.9565
vn 0.2734 0.1109 -0.9555
vn 0.2733 0.1114 -0.9555
vn 0.2735 0.1112 -0.9554
vn 0.2690 0.3251 -0.9066
vn 0.2690 0.3252 -0.9066
vn 0.2691 0.3253 -0.9065
vn 0.2710 0.3237 -0.9065
vn 0.2712 0.3241 -0.9063
vn 0.2711 0.3240 -0.9064
vn 0.2659 0.5132 -0.8160
vn 0.2662 0.5132 -0.8159
vn 0.2660 0.5133 -0.8159
vn 0.2651 0.5136 -0.8160
vn 0.2652 0.5137 -0.8159
vn 0.2649 0.5134 -0.8162
vn 0.4545 0.1134 -0.8835
vn 0.4546 0.1133 -0.8835
vn 0.4549 0.1131 -0.8833
vn 0.4557 0.1125 -0.8830
vn 0.4562 0.1122 -0.8828
vn 0.4558 0.1125 -0.8829
vn 0.4399 0.3268 -0.8365
vn 0.4398 0.3269 -0.8365
vn 0.4396 0.3269 -0.8366
vn 0.4388 0.3277 -0.8367
vn 0.4385 0.3278 -0.8368
vn 0.4386 0.3276 -0.8368
vn 0.4126 0.4902 -0.7677
vn 0.4131 0.4907 -0.7672
vn 0.4123 0.4899 -0.7681
vn 0.4080 0.4942 -0.7677
vn 0.4073 0.4936 -0.7684
vn 0.4068 0.4931 -0.7690
vn 0.1145 0.9784 -0.1720
vn 0.1145 0.9784 -0.1722
vn 0.1144 0.9784 -0.1719
vn 0.1126 0.9792 -0.1687
vn 0.1127 0.9792 -0.1687
vn 0.1123 0.9793 -0.1685
vn 0.3303 0.9282 -0.1714
vn 0.3305 0.9281 -0.1716
vn 0.3302 0.9282 -0.1714
vn 0.3289 0.9295 -0.1671
vn 0.3285 0.9296 -0.1669
vn 0.3285 0.9297 -0.1667
vn 0.5344 0.8288 -0.1657
vn 0.5344 0.8288 -0.1659
vn 0.5346 0.8287 -0.1655
vn 0.5344 0.8292 -0.1636
vn 0.5345 0.8293 -0.1631
vn 0.5342 0.8294 -0.1634
vn 0.1092 0.8773 -0.4674
vn 0.1096 0.8771 -0.4675
vn 0.1094 0.8772 -0.4675
vn 0.1064 0.8786 -0.4656
vn 0.1064 0.8786 -0.4655
vn 0.1063 0.8787 -0.4653
vn 0.3099 0.8297 -0.4643
vn 0.3101 0.8296 -0.4644
vn 0.3100 0.8297 -0.4643
vn 0.3092 0.8304 -0.4635
vn 0.3091 0.8305 -0.4633
vn 0.3092 0.8305 -0.4634
vn 0.4882 0.7450 -0.4546
vn 0.4879 0.7453 -0.4544
vn 0.4880 0.7450 -0.4547
vn 0.4883 0.7448 -0.4549
vn 0.4881 0.7448 -0.4551
vn 0.4884 0.7445 -0.4551
vn 0.0956 0.7155 -0.6920
vn 0.0960 0.7155 -0.6920
vn 0.0958 0.7154 -0.6922
vn 0.0942 0.7159 -0.6918
vn 0.0944 0.7161 -0.6916
vn 0.2787 0.6845 -0.6736
vn 0.2785 0.6848 -0.6734
vn 0.2789 0.6846 -0.6735
vn 0.2792 0.6843 -0.6737
vn 0.2794 0.6843 -0.6736
vn 0.2795 0.6839 -0.6739
vn 0.4259 0.6397 -0.6398
vn 0.4247 0.6418 -0.6386
vn 0.4256 0.6402 -0.6396
vn 0.4270 0.6390 -0.6398
vn 0.4272 0.6387 -0.6400
vn 0.4283 0.6371 -0.6408
vn 0.9665 0.1628 -0.1986
vn 0.9665 0.1628 -0.1984
vn 0.9665 0.1629 -0.1984
vn 0.9656 0.1598 -0.2049
vn 0.9657 0.1598 -0.2047
vn 0.9656 0.1600 -0.2049
vn 0.8350 0.1473 -0.5302
vn 0.8352 0.1471 -0.5300
vn 0.8352 0.1471 -0.5298
vn 0.8326 0.1445 -0.5347
vn 0.8328 0.1444 -0.5344
vn 0.6480 0.1238 -0.7515
vn 0.6479 0.1236 -0.7516
vn 0.6480 0.1232 -0.7516
vn 0.6477 0.1238 -0.7518
vn 0.6476 0.1233 -0.7519
vn 0.6476 0.1236 -0.7519
vn 0.8740 0.4475 -0.1896
vn 0.8742 0.4472 -0.1892
vn 0.8742 0.4473 -0.1892
vn 0.8738 0.4443 -0.1975
vn 0.8740 0.4441 -0.1971
vn 0.8739 0.4443 -0.1974
vn 0.7585 0.4075 -0.5084
vn 0.7587 0.4074 -0.5083
vn 0.7589 0.4072 -0.5082
vn 0.7580 0.4063 -0.5102
vn 0.7582 0.4061 -0.5101
vn 0.7581 0.4062 -0.5102
vn 0.6051 0.3541 -0.7131
vn 0.6047 0.3541 -0.7134
vn 0.6047 0.3542 -0.7134
vn 0.6054 0.3548 -0.7125
vn 0.6050 0.3549 -0.7127
vn 0.6051 0.3548 -0.7128
vn 0.7220 0.6702 -0.1717
vn 0.7221 0.6702 -0.1714
vn 0.7222 0.6702 -0.1713
vn 0.7221 0.6695 -0.1744
vn 0.7221 0.6695 -0.1742
vn 0.7220 0.6696 -0.1743
vn 0.6414 0.6055 -0.4711
vn 0.6410 0.6057 -0.4715
vn 0.6412 0.6054 -0.4715
vn 0.6415 0.6063 -0.4700
vn 0.6414 0.6062 -0.4702
vn 0.6416 0.6063 -0.4699
vn 0.5451 0.5220 -0.6560
vn 0.5435 0.5229 -0.6566
vn 0.5442 0.5225 -0.6564
vn 0.5460 0.5250 -0.6529
vn 0.5454 0.5253 -0.6532
vn 0.5461 0.5249 -0.6528
vn 0.9656 0.1599 0.2050
vn 0.9657 0.1596 0.2048
vn 0.9665 0.1630 0.1985
vn 0.9665 0.1628 0.1984
vn 0.9665 0.1628 0.1983
vn 0.8740 0.4447 0.1956
vn 0.8740 0.4449 0.1955
vn 0.8742 0.4445 0.1953
vn 0.8741 0.4483 0.1872
vn 0.8743 0.4480 0.1867
vn 0.8742 0.4482 0.1867
vn 0.7221 0.6697 0.1733
vn 0.7220 0.6698 0.1736
vn 0.7221 0.6697 0.1736
vn 0.7221 0.6705 0.1706
vn 0.7222 0.6703 0.1706
vn 0.7221 0.6704 0.1707
vn 0.8328 0.1463 0.5339
vn 0.8328 0.1459 0.5340
vn 0.8351 0.1492 0.5296
vn 0.8352 0.1487 0.5295
vn 0.8352 0.1489 0.5294
vn 0.7581 0.4069 0.5096
vn 0.7582 0.4068 0.5096
vn 0.7583 0.4068 0.5094
vn 0.7587 0.4080 0.5079
vn 0.7590 0.4079 0.5075
vn 0.7589 0.4080 0.5076
vn 0.6421 0.6059 0.4697
vn 0.6422 0.6058 0.4696
vn 0.6420 0.6060 0.4698
vn 0.6421 0.6051 0.4706
vn 0.6419 0.6053 0.4707
vn 0.6418 0.6053 0.4709
vn 0.6480 0.1242 0.7514
vn 0.6479 0.1241 0.7515
vn 0.6480 0.1240 0.7515
vn 0.6481 0.1242 0.7514
vn 0.6482 0.1239 0.7514
vn 0.6481 0.1240 0.7514
vn 0.6045 0.3549 0.7132
vn 0.6045 0.3548 0.7132
vn 0.6045 0.3550 0.7131
vn 0.6039 0.3544 0.7140
vn 0.6039 0.3547 0.7138
vn 0.6038 0.3545 0.7139
vn 0.5458 0.5251 0.6529
vn 0.5461 0.5250 0.6528
vn 0.5452 0.5254 0.6532
vn 0.5449 0.5221 0.6561
vn 0.5440 0.5226 0.6565
vn 0.5434 0.5229 0.6568
vn 0.1125 0.9792 0.1688
vn 0.1125 0.9792 0.1687
vn 0.1127 0.9792 0.1689
vn 0.1144 0.9785 0.1718
vn 0.1144 0.9785 0.1717
vn 0.1146 0.9784 0.1720
vn 0.1054 0.8787 0.4656
vn 0.1048 0.8787 0.4657
vn 0.1053 0.8786 0.4658
vn 0.1084 0.8772 0.4677
vn 0.1085 0.8770 0.4681
vn 0.1084 0.8769 0.4683
vn 0.0942 0.7159 0.6918
vn 0.0940 0.7160 0.6918
vn 0.0938 0.7157 0.6920
vn 0.0956 0.7157 0.6919
vn 0.0954 0.7154 0.6922
vn 0.0956 0.7156 0.6920
vn 0.3284 0.9292 0.1693
vn 0.3281 0.9294 0.1691
vn 0.3281 0.9293 0.1692
vn 0.3296 0.9281 0.1733
vn 0.3295 0.9281 0.1733
vn 0.3298 0.9280 0.1736
vn 0.3090 0.8303 0.4637
vn 0.3089 0.8304 0.4637
vn 0.3089 0.8304 0.4636
vn 0.3094 0.8296 0.4648
vn 0.3095 0.8295 0.4649
vn 0.2788 0.6848 0.6733
vn 0.2791 0.6847 0.6733
vn 0.2790 0.6849 0.6731
vn 0.2786 0.6848 0.6733
vn 0.2787 0.6850 0.6732
vn 0.2784 0.6851 0.6731
vn 0.5341 0.8293 0.1645
vn 0.5341 0.8293 0.1644
vn 0.5344 0.8292 0.1641
vn 0.5342 0.8288 0.1663
vn 0.5346 0.8286 0.1662
vn 0.5344 0.8287 0.1665
vn 0.4884 0.7444 0.4553
vn 0.4886 0.7441 0.4556
vn 0.4886 0.7444 0.4552
vn 0.4884 0.7445 0.4551
vn 0.4886 0.7445 0.4549
vn 0.4882 0.7449 0.4548
vn 0.4273 0.6386 0.6399
vn 0.4287 0.6368 0.6408
vn 0.4276 0.6383 0.6401
vn 0.4259 0.6397 0.6398
vn 0.4256 0.6402 0.6396
vn 0.4248 0.6418 0.6385
vn 0.0942 0.1085 0.9896
vn 0.0942 0.1086 0.9896
vn 0.0941 0.1086 0.9896
vn 0.0895 0.1117 0.9897
vn 0.0895 0.1119 0.9897
vn 0.0894 0.1117 0.9897
vn 0.2737 0.1096 0.9556
vn 0.2739 0.1098 0.9555
vn 0.2739 0.1099 0.9555
vn 0.2686 0.1131 0.9566
vn 0.2687 0.1134 0.9565
vn 0.2685 0.1132 0.9566
vn 0.4559 0.1117 0.8830
vn 0.4564 0.1116 0.8828
vn 0.4546 0.1128 0.8835
vn 0.4550 0.1127 0.8833
vn 0.0956 0.3186 0.9431
vn 0.0957 0.3189 0.9429
vn 0.0956 0.3190 0.9429
vn 0.0902 0.3218 0.9425
vn 0.0901 0.3222 0.9424
vn 0.0900 0.3219 0.9425
vn 0.2714 0.3236 0.9064
vn 0.2716 0.3237 0.9063
vn 0.2716 0.3239 0.9063
vn 0.2693 0.3248 0.9066
vn 0.2695 0.3249 0.9065
vn 0.2695 0.3248 0.9066
vn 0.4384 0.3274 0.8370
vn 0.4383 0.3273 0.8371
vn 0.4382 0.3274 0.8371
vn 0.4392 0.3267 0.8369
vn 0.4390 0.3267 0.8370
vn 0.0910 0.5232 0.8473
vn 0.0911 0.5236 0.8471
vn 0.0912 0.5235 0.8471
vn 0.0891 0.5241 0.8470
vn 0.0892 0.5242 0.8469
vn 0.0890 0.5242 0.8469
vn 0.2656 0.5143 0.8154
vn 0.2653 0.5139 0.8158
vn 0.2657 0.5140 0.8156
vn 0.2666 0.5135 0.8157
vn 0.2667 0.5131 0.8158
vn 0.2668 0.5135 0.8156
vn 0.4081 0.4941 0.7677
vn 0.4068 0.4931 0.7690
vn 0.4075 0.4935 0.7684
vn 0.4124 0.4903 0.7678
vn 0.4121 0.4900 0.7682
vn 0.4128 0.4909 0.7672
vn -0.1090 -0.9940 -0.0000
vn -0.3263 -0.9453 -0.0000
vn -0.5387 -0.8425 -0.0000
vn -0.5388 -0.8425 -0.0000
vn -0.7357 -0.6774 -0.0000
vn -0.7356 -0.6774 -0.0000
vn -0.8955 -0.4451 -0.0000
vn -0.8955 -0.4450 -0.0000
vn -0.9877 -0.1560 -0.0000
vn -0.9877 -0.1561 -0.0000
vn -0.0903 -0.0000 0.9959
vn -0.0955 -0.0000 0.9954
vn -0.2662 -0.0000 0.9639
vn -0.2661 -0.0000 0.9639
vn -0.4506 -0.0000 0.8928
vn -0.4482 -0.0000 0.8939
vn -0.6624 -0.0000 0.7491
vn -0.6618 -0.0000 0.7496
vn -0.8494 -0.0000 0.5277
vn -0.9779 -0.0000 0.2090
vn -0.9779 -0.0000 0.2091
vn -0.9794 -0.0000 0.2017
vn -0.9794 -0.0000 0.2018
vn -0.0966 -0.9953 -0.0000
vn -0.0965 -0.9953 -0.0000
vn -0.3038 -0.9527 -0.0000
vn -0.3036 -0.9528 -0.0000
vn -0.5094 -0.8606 -0.0000
vn -0.5095 -0.8604 -0.0000
vn -0.7390 -0.6737 -0.0000
vn -0.8932 -0.4497 -0.0000
vn -0.8931 -0.4499 -0.0000
vn -0.9844 -0.1758 -0.0000
vn -0.9844 -0.1757 -0.0000
vn -0.0957 -0.0000 -0.9954
vn -0.0956 -0.0000 -0.9954
vn -0.0902 -0.0000 -0.9959
vn -0.0901 -0.0000 -0.9959
vn -0.2662 -0.0000 -0.9639
vn -0.4481 -0.0000 -0.8940
vn -0.4507 -0.0000 -0.8927
vn -0.4506 -0.0000 -0.8927
vn -0.6619 -0.0000 -0.7496
vn -0.6620 -0.0000 -0.7495
vn -0.6624 -0.0000 -0.7492
vn -0.8494 -0.0000 -0.5278
vn -0.8494 -0.0000 -0.5277
vn -0.9795 -0.0000 -0.2016
vn -0.9779 -0.0000 -0.2091
vn -0.0000 -0.9867 -0.1623
vn -0.0000 -0.8880 -0.4598
vn -0.0000 -0.7217 -0.6922
vn -0.0000 -0.7216 -0.6923
vn -0.0000 -0.5232 -0.8522
vn -0.0000 -0.3146 -0.9492
vn -0.0000 -0.1047 -0.9945
vn -0.0000 -0.9876 -0.1569
vn -0.0000 -0.9876 -0.1570
vn -0.0000 -0.8974 -0.4412
vn -0.0000 -0.8977 -0.4407
vn -0.0000 -0.7428 -0.6695
vn -0.0000 -0.7429 -0.6695
vn -0.0000 -0.5162 -0.8564
vn -0.0000 -0.5168 -0.8561
vn -0.0000 -0.3168 -0.9485
vn -0.0000 -0.3169 -0.9485
vn -0.0000 -0.1182 -0.9930
vn -0.0000 -0.1183 -0.9930
vn 0.9795 -0.0000 -0.2016
vn 0.9779 -0.0000 -0.2090
vn 0.8494 -0.0000 -0.5277
vn 0.6620 -0.0000 -0.7495
vn 0.6619 -0.0000 -0.7496
vn 0.6624 -0.0000 -0.7492
vn 0.4482 -0.0000 -0.8940
vn 0.4505 -0.0000 -0.8928
vn 0.2662 -0.0000 -0.9639
vn 0.0955 -0.0000 -0.9954
vn 0.0902 -0.0000 -0.9959
vn 0.1090 -0.9940 -0.0000
vn 0.3263 -0.9453 -0.0000
vn 0.5387 -0.8425 -0.0000
vn 0.5388 -0.8424 -0.0000
vn 0.7356 -0.6774 -0.0000
vn 0.8955 -0.4451 -0.0000
vn 0.9878 -0.1560 -0.0000
vn 0.0965 -0.9953 -0.0000
vn 0.0966 -0.9953 -0.0000
vn 0.3033 -0.9529 -0.0000
vn 0.3036 -0.9528 -0.0000
vn 0.5094 -0.8605 -0.0000
vn 0.7392 -0.6735 -0.0000
vn 0.7391 -0.6736 -0.0000
vn 0.8931 -0.4498 -0.0000
vn 0.9845 -0.1755 -0.0000
vn 0.9843 -0.1762 -0.0000
vn 0.0957 -0.0000 0.9954
vn 0.0901 -0.0000 0.9959
vn 0.2661 -0.0000 0.9639
vn 0.4482 -0.0000 0.8939
vn 0.4505 -0.0000 0.8928
vn 0.6620 -0.0000 0.7495
vn 0.6623 -0.0000 0.7492
vn 0.6624 -0.0000 0.7492
vn 0.8494 -0.0000 0.5277
vn 0.8494 -0.0000 0.5278
vn 0.9795 -0.0000 0.2016
vn 0.9779 -0.0000 0.2091
vn 0.9779 -0.0000 0.2090
vn -0.0000 -0.9867 0.1623
vn -0.0000 -0.8880 0.4598
vn -0.0000 -0.7217 0.6922
vn -0.0000 -0.7216 0.6923
vn -0.0000 -0.5233 0.8522
vn -0.0000 -0.5232 0.8522
vn -0.0000 -0.3144 0.9493
vn -0.0000 -0.3145 0.9492
vn -0.0000 -0.1048 0.9945
vn -0.0000 -0.1047 0.9945
vn -0.0000 -0.9876 0.1571
vn -0.0000 -0.9876 0.1570
vn -0.0000 -0.8974 0.4411
vn -0.0000 -0.8973 0.4415
vn -0.0000 -0.7428 0.6695
vn -0.0000 -0.7428 0.6696
vn -0.0000 -0.5164 0.8563
vn -0.0000 -0.5165 0.8563
vn -0.0000 -0.3165 0.9486
vn -0.0000 -0.3173 0.9483
vn -0.0000 -0.1179 0.9930
vn -0.0000 -0.1182 0.9930
vn 0.0034 -0.9997 0.0229
vn 0.0039 -0.9997 0.0226
vn 0.0040 -0.9997 0.0227
vn 0.0040 -0.9997 0.0226
vn 0.0084 -0.9998 0.0185
vn 0.0084 -0.9998 0.0186
vn 0.0084 -0.9998 0.0187
vn 0.0085 -0.9998 0.0182
vn 0.0086 -0.9998 0.0184
vn 0.0119 -0.9998 0.0154
vn 0.0120 -0.9998 0.0154
vn 0.0120 -0.9998 0.0155
vn 0.0124 -0.9998 0.0151
vn 0.0159 -0.9998 0.0120
vn 0.0155 -0.9998 0.0122
vn 0.0184 -0.9998 0.0093
vn 0.0184 -0.9998 0.0090
vn 0.0185 -0.9998 0.0092
vn 0.0187 -0.9998 0.0093
vn 0.0188 -0.9998 0.0092
vn 0.0188 -0.9998 0.0094
vn 0.0212 -0.9998 0.0059
vn 0.0208 -0.9998 0.0051
vn 0.0211 -0.9998 0.0056
vn 0.0217 -0.9997 0.0058
vn 0.0216 -0.9998 0.0056
vn 0.0217 -0.9997 0.0059
vn 0.0004 -0.9997 -0.0254
vn 0.0009 -0.9997 -0.0257
vn 0.0014 -0.9996 -0.0265
vn -0.0003 -0.9997 -0.0243
vn 0.0005 -0.9997 -0.0253
vn 0.0002 -0.9997 -0.0250
vn 0.0060 -0.9998 -0.0192
vn 0.0063 -0.9998 -0.0194
vn 0.0065 -0.9998 -0.0197
vn 0.0056 -0.9998 -0.0187
vn 0.0061 -0.9998 -0.0191
vn 0.0059 -0.9998 -0.0190
vn 0.0102 -0.9998 -0.0151
vn 0.0105 -0.9998 -0.0151
vn 0.0102 -0.9998 -0.0147
vn 0.0104 -0.9998 -0.0147
vn 0.0103 -0.9998 -0.0148
vn 0.0150 -0.9998 -0.0106
vn 0.0149 -0.9998 -0.0107
vn 0.0192 -0.9998 -0.0068
vn 0.0189 -0.9998 -0.0073
vn 0.0189 -0.9998 -0.0072
vn 0.0236 -0.9997 -0.0028
vn 0.0232 -0.9997 -0.0034
vn -0.0034 -0.9997 -0.0230
vn -0.0039 -0.9997 -0.0224
vn -0.0040 -0.9997 -0.0226
vn -0.0039 -0.9997 -0.0225
vn -0.0082 -0.9998 -0.0185
vn -0.0084 -0.9998 -0.0187
vn -0.0085 -0.9998 -0.0188
vn -0.0081 -0.9998 -0.0182
vn -0.0083 -0.9998 -0.0185
vn -0.0081 -0.9998 -0.0184
vn -0.0117 -0.9998 -0.0156
vn -0.0124 -0.9998 -0.0151
vn -0.0158 -0.9998 -0.0120
vn -0.0155 -0.9998 -0.0122
vn -0.0184 -0.9998 -0.0093
vn -0.0184 -0.9998 -0.0089
vn -0.0185 -0.9998 -0.0092
vn -0.0185 -0.9998 -0.0093
vn -0.0187 -0.9998 -0.0092
vn -0.0212 -0.9998 -0.0059
vn -0.0208 -0.9998 -0.0051
vn -0.0211 -0.9998 -0.0056
vn -0.0217 -0.9997 -0.0058
vn -0.0217 -0.9997 -0.0056
vn -0.0218 -0.9997 -0.0059
vn -0.0004 -0.9997 0.0254
vn -0.0008 -0.9997 0.0258
vn -0.0014 -0.9996 0.0265
vn 0.0004 -0.9997 0.0242
vn -0.0004 -0.9997 0.0253
vn -0.0001 -0.9997 0.0249
vn -0.0061 -0.9998 0.0193
vn -0.0063 -0.9998 0.0195
vn -0.0065 -0.9998 0.0198
vn -0.0057 -0.9998 0.0187
vn -0.0060 -0.9998 0.0192
vn -0.0059 -0.9998 0.0190
vn -0.0102 -0.9998 0.0149
vn -0.0103 -0.9998 0.0149
vn -0.0104 -0.9998 0.0150
vn -0.0103 -0.9998 0.0146
vn -0.0104 -0.9998 0.0148
vn -0.0104 -0.9998 0.0147
vn -0.0150 -0.9998 0.0105
vn -0.0149 -0.9998 0.0107
vn -0.0191 -0.9998 0.0068
vn -0.0187 -0.9998 0.0074
vn -0.0236 -0.9997 0.0028
vn -0.0236 -0.9997 0.0030
vn -0.0235 -0.9997 0.0029
vn -0.0237 -0.9997 0.0031
vn -0.9846 -0.1748 -0.0000
vn -0.8937 -0.4487 -0.0000
vn -0.7394 -0.6732 -0.0000
vn -0.7395 -0.6732 -0.0000
vn -0.5090 -0.8607 -0.0000
vn -0.5089 -0.8608 -0.0000
vn -0.3029 -0.9530 -0.0000
vn -0.0958 -0.9954 -0.0000
vn -0.0000 -0.1178 -0.9930
vn -0.0000 -0.3167 -0.9485
vn -0.0000 -0.5161 -0.8565
vn -0.0000 -0.5160 -0.8566
vn -0.0000 -0.7430 -0.6693
vn -0.0000 -0.8976 -0.4408
vn -0.0000 -0.9877 -0.1567
vn -0.0000 -0.9876 -0.1567
vn 0.9846 -0.1747 -0.0000
vn 0.8937 -0.4487 -0.0000
vn 0.7395 -0.6732 -0.0000
vn 0.5090 -0.8608 -0.0000
vn 0.5089 -0.8608 -0.0000
vn 0.3029 -0.9530 -0.0000
vn 0.0957 -0.9954 -0.0000
vn 0.0958 -0.9954 -0.0000
vn -0.0000 -0.1178 0.9930
vn -0.0000 -0.3168 0.9485
vn -0.0000 -0.3167 0.9485
vn -0.0000 -0.5161 0.8565
vn -0.0000 -0.5163 0.8564
vn -0.0000 -0.7430 0.6693
vn -0.0000 -0.7429 0.6694
vn -0.0000 -0.8976 0.4409
vn -0.0000 -0.8976 0.4407
vn -0.0000 -0.9876 0.1567
vn -0.0000 -0.9877 0.1566
vn -0.1090 0.9940 -0.0000
vn -0.1091 0.9940 -0.0000
vn -0.3262 0.9453 -0.0000
vn -0.3263 0.9453 -0.0000
vn -0.5388 0.8425 -0.0000
vn -0.5388 0.8424 -0.0000
vn -0.7356 0.6774 -0.0000
vn -0.7357 0.6773 -0.0000
vn -0.8955 0.4451 -0.0000
vn -0.9878 0.1560 -0.0000
vn -0.0000 0.9867 -0.1624
vn -0.0000 0.8880 -0.4598
vn -0.0000 0.7217 -0.6922
vn -0.0000 0.7216 -0.6923
vn -0.0000 0.5232 -0.8522
vn -0.0000 0.3145 -0.9493
vn -0.0000 0.1047 -0.9945
vn -0.0000 0.1048 -0.9945
vn 0.1090 0.9940 -0.0000
vn 0.1091 0.9940 -0.0000
vn 0.3262 0.9453 -0.0000
vn 0.3263 0.9453 -0.0000
vn 0.5387 0.8425 -0.0000
vn 0.5388 0.8424 -0.0000
vn 0.7356 0.6774 -0.0000
vn 0.7357 0.6773 -0.0000
vn 0.8955 0.4451 -0.0000
vn 0.9877 0.1561 -0.0000
vn -0.0000 0.9867 0.1623
vn -0.0000 0.8880 0.4598
vn -0.0000 0.8881 0.4597
vn -0.0000 0.7216 0.6923
vn -0.0000 0.7217 0.6922
vn -0.0000 0.5231 0.8522
vn -0.0000 0.5232 0.8522
vn -0.0000 0.3146 0.9492
vn -0.0000 0.3144 0.9493
vn -0.0000 0.1048 0.9945
vn -0.0000 0.1047 0.9945
vn 0.0955 -0.0001 -0.9954
vn 0.0954 -0.0000 -0.9954
vn 0.0954 -0.0001 -0.9954
vn 0.0901 -0.0000 -0.9959
vn 0.2661 -0.0002 -0.9639
vn 0.2662 -0.0002 -0.9639
vn 0.4482 -0.0001 -0.8940
vn 0.4506 -0.0001 -0.8927
vn 0.4507 -0.0001 -0.8927
vn 0.6620 -0.0001 -0.7495
vn 0.6623 -0.0001 -0.7493
vn 0.8494 -0.0003 -0.5277
vn 0.9810 0.0078 -0.1938
vn 0.9794 -0.0002 -0.2018
vn 0.9795 -0.0002 -0.2017
vn 0.9779 -0.0001 -0.2090
vn 0.9761 -0.0082 -0.2170
vn 0.0901 -0.0001 0.9959
vn 0.0903 -0.0001 0.9959
vn 0.0955 -0.0000 0.9954
vn 0.0956 -0.0000 0.9954
vn 0.2662 -0.0002 0.9639
vn 0.2657 -0.0004 0.9641
vn 0.4506 -0.0001 0.8927
vn 0.4482 -0.0001 0.8940
vn 0.4482 -0.0000 0.8940
vn 0.6624 -0.0001 0.7491
vn 0.6619 -0.0001 0.7496
vn 0.8495 -0.0003 0.5276
vn 0.8494 -0.0003 0.5277
vn 0.9761 -0.0085 0.2170
vn 0.9779 -0.0002 0.2091
vn 0.9794 -0.0001 0.2018
vn 0.9810 0.0081 0.1938
vn 0.9795 -0.0000 0.2017
vn -0.0955 -0.0001 0.9954
vn -0.0902 -0.0000 0.9959
vn -0.2662 -0.0002 0.9639
vn -0.4482 -0.0001 0.8939
vn -0.4483 -0.0001 0.8939
vn -0.4505 -0.0001 0.8928
vn -0.4506 -0.0001 0.8927
vn -0.6620 -0.0001 0.7495
vn -0.6620 -0.0000 0.7495
vn -0.6624 -0.0001 0.7492
vn -0.6623 -0.0001 0.7492
vn -0.8494 -0.0003 0.5278
vn -0.9810 0.0078 0.1937
vn -0.9795 -0.0002 0.2016
vn -0.9779 -0.0001 0.2092
vn -0.9761 -0.0082 0.2171
vn -0.0901 -0.0001 -0.9959
vn -0.0902 -0.0001 -0.9959
vn -0.0954 -0.0000 -0.9954
vn -0.0955 -0.0000 -0.9954
vn -0.2662 -0.0002 -0.9639
vn -0.2661 -0.0002 -0.9639
vn -0.4506 -0.0001 -0.8927
vn -0.4481 -0.0001 -0.8940
vn -0.6623 -0.0001 -0.7493
vn -0.6623 -0.0001 -0.7492
vn -0.6619 -0.0001 -0.7496
vn -0.6620 -0.0001 -0.7495
vn -0.8494 -0.0003 -0.5278
vn -0.9761 -0.0085 -0.2170
vn -0.9779 -0.0001 -0.2090
vn -0.9779 -0.0002 -0.2091
vn -0.9795 -0.0001 -0.2015
vn -0.9810 0.0081 -0.1936
vn -0.0000 -1.0000 -0.0000
vt 0.330265 0.704943
vt 0.330265 0.452054
vt 0.604191 0.452054
vt 0.604191 0.704943
vt 0.334876 0.413270
vt 0.609192 0.413270
vt 0.611900 0.417045
vt 0.332168 0.417045
vt 0.332555 0.027749
vt 0.332555 0.410801
vt 0.330701 0.413385
vt 0.330701 0.025165
vt 0.611513 0.410801
vt 0.611513 0.027749
vt 0.613367 0.025165
vt 0.613367 0.413385
vt 0.918881 0.829412
vt 0.644054 0.829413
vt 0.644054 0.446052
vt 0.918881 0.446052
vt 0.918881 0.404258
vt 0.644054 0.404258
vt 0.644054 0.020897
vt 0.918881 0.020897
vt 0.604191 0.985668
vt 0.329364 0.985668
vt 0.329364 0.733607
vt 0.604191 0.733607
vt 0.609192 0.025280
vt 0.334876 0.025280
vt 0.332168 0.021506
vt 0.611900 0.021506
vt 0.964030 0.460056
vt 0.964030 0.855594
vt 0.937654 0.855594
vt 0.937654 0.460056
vt 0.298677 0.417044
vt 0.016012 0.417044
vt 0.016012 0.021506
vt 0.298677 0.021506
vt 0.970426 0.564405
vt 0.970426 0.304304
vt 0.996802 0.304304
vt 0.996802 0.564405
vt 0.996802 0.014734
vt 0.996802 0.274836
vt 0.970426 0.274836
vt 0.970426 0.014734
vt 0.964030 0.021506
vt 0.964030 0.417044
vt 0.937654 0.417044
vt 0.937654 0.021506
vt 0.015575 0.842808
vt 0.015575 0.843215
vt 0.015120 0.843231
vt 0.015134 0.842808
vt 0.015575 0.843594
vt 0.015127 0.843596
vt 0.015575 0.844380
vt 0.015136 0.844380
vt 0.014718 0.843223
vt 0.014721 0.842808
vt 0.014762 0.843557
vt 0.014798 0.844380
vt 0.013867 0.843212
vt 0.013867 0.842808
vt 0.013867 0.843524
vt 0.014589 0.844380
vt 0.604633 0.704943
vt 0.604651 0.705362
vt 0.604191 0.705350
vt 0.605046 0.704943
vt 0.605048 0.705356
vt 0.605899 0.704943
vt 0.605899 0.705347
vt 0.604642 0.705732
vt 0.604191 0.705729
vt 0.605005 0.705692
vt 0.605899 0.705659
vt 0.604630 0.706515
vt 0.604191 0.706515
vt 0.604969 0.706515
vt 0.605899 0.705851
vt 0.919323 0.829412
vt 0.919340 0.829832
vt 0.918881 0.829819
vt 0.919735 0.829413
vt 0.919738 0.829825
vt 0.920589 0.829413
vt 0.920589 0.829817
vt 0.919332 0.830201
vt 0.918881 0.830199
vt 0.919695 0.830161
vt 0.920589 0.830128
vt 0.919320 0.830984
vt 0.918881 0.830984
vt 0.919659 0.830984
vt 0.920589 0.830320
vt 0.604220 0.451863
vt 0.604664 0.451861
vt 0.604631 0.452054
vt 0.604253 0.451686
vt 0.604701 0.451683
vt 0.604289 0.451310
vt 0.604731 0.451310
vt 0.605077 0.451860
vt 0.605042 0.452054
vt 0.605114 0.451682
vt 0.605143 0.451310
vt 0.605899 0.451859
vt 0.605899 0.452054
vt 0.605899 0.451681
vt 0.605501 0.451310
vt 0.609532 0.025641
vt 0.609553 0.025773
vt 0.609163 0.025471
vt 0.609928 0.026062
vt 0.609951 0.026109
vt 0.610705 0.026023
vt 0.609552 0.025882
vt 0.609130 0.025648
vt 0.609960 0.026147
vt 0.609537 0.026023
vt 0.609095 0.026023
vt 0.609950 0.026023
vt 0.611306 0.027726
vt 0.611014 0.027311
vt 0.611173 0.027387
vt 0.611114 0.027700
vt 0.610887 0.027262
vt 0.610705 0.027672
vt 0.610705 0.027229
vt 0.610697 0.026891
vt 0.610778 0.026966
vt 0.610633 0.026841
vt 0.610705 0.026811
vt 0.610705 0.026449
vt 0.644054 0.829817
vt 0.643846 0.829812
vt 0.643847 0.829390
vt 0.644054 0.830195
vt 0.643843 0.830204
vt 0.644054 0.830984
vt 0.643842 0.830984
vt 0.643654 0.829800
vt 0.643655 0.829364
vt 0.643650 0.830205
vt 0.643648 0.830984
vt 0.643246 0.829778
vt 0.643246 0.829335
vt 0.643246 0.830196
vt 0.643487 0.830984
vt 0.015575 0.459447
vt 0.015133 0.459447
vt 0.015116 0.459028
vt 0.015575 0.459041
vt 0.014721 0.459447
vt 0.014718 0.459035
vt 0.013867 0.459447
vt 0.013867 0.459043
vt 0.015124 0.458658
vt 0.015575 0.458661
vt 0.014761 0.458699
vt 0.013867 0.458732
vt 0.015136 0.457875
vt 0.015575 0.457875
vt 0.014797 0.457875
vt 0.013867 0.458540
vt 0.918881 0.445645
vt 0.919336 0.445629
vt 0.919322 0.446052
vt 0.918881 0.445266
vt 0.919329 0.445263
vt 0.918881 0.444480
vt 0.919320 0.444480
vt 0.919738 0.445637
vt 0.919735 0.446052
vt 0.919694 0.445303
vt 0.919658 0.444480
vt 0.920589 0.445648
vt 0.920589 0.446052
vt 0.920589 0.445336
vt 0.919867 0.444480
vt 0.604633 0.985668
vt 0.604651 0.986087
vt 0.604191 0.986075
vt 0.605046 0.985668
vt 0.605048 0.986081
vt 0.605900 0.985668
vt 0.605900 0.986072
vt 0.604642 0.986457
vt 0.604191 0.986454
vt 0.605005 0.986417
vt 0.605900 0.986384
vt 0.604631 0.987240
vt 0.604191 0.987240
vt 0.604969 0.987240
vt 0.605900 0.986575
vt 0.611173 0.411163
vt 0.611020 0.411236
vt 0.611306 0.410824
vt 0.610778 0.411584
vt 0.610700 0.411655
vt 0.610705 0.412527
vt 0.610889 0.411288
vt 0.611114 0.410850
vt 0.610633 0.411709
vt 0.610705 0.411325
vt 0.610705 0.410878
vt 0.610705 0.411741
vt 0.609163 0.413080
vt 0.609556 0.412772
vt 0.609532 0.412909
vt 0.609130 0.412903
vt 0.609552 0.412666
vt 0.609095 0.412527
vt 0.609533 0.412527
vt 0.609955 0.412437
vt 0.609928 0.412488
vt 0.609960 0.412402
vt 0.609948 0.412527
vt 0.610307 0.412527
vt 0.329364 0.986073
vt 0.329157 0.986106
vt 0.329157 0.985694
vt 0.329364 0.986451
vt 0.329154 0.986487
vt 0.329364 0.987240
vt 0.329153 0.987240
vt 0.328964 0.986137
vt 0.328965 0.985725
vt 0.328960 0.986517
vt 0.328959 0.987240
vt 0.328557 0.986161
vt 0.328557 0.985758
vt 0.328557 0.986542
vt 0.328798 0.987240
vt 0.643847 0.446075
vt 0.643844 0.445656
vt 0.644054 0.445647
vt 0.643655 0.446101
vt 0.643652 0.445664
vt 0.643246 0.446129
vt 0.643246 0.445683
vt 0.643843 0.445264
vt 0.644054 0.445269
vt 0.643650 0.445259
vt 0.643246 0.445266
vt 0.643842 0.444480
vt 0.644054 0.444480
vt 0.643648 0.444480
vt 0.643246 0.444906
vt 0.289502 0.842808
vt 0.289944 0.842808
vt 0.289962 0.843227
vt 0.289502 0.843215
vt 0.290356 0.842808
vt 0.290359 0.843220
vt 0.291210 0.842808
vt 0.291210 0.843212
vt 0.289953 0.843597
vt 0.289502 0.843594
vt 0.290316 0.843557
vt 0.291210 0.843524
vt 0.289941 0.844380
vt 0.289502 0.844380
vt 0.290280 0.844380
vt 0.291210 0.843715
vt 0.918881 0.020490
vt 0.919336 0.020474
vt 0.919322 0.020897
vt 0.918881 0.020111
vt 0.919329 0.020109
vt 0.918881 0.019325
vt 0.919320 0.019325
vt 0.919738 0.020482
vt 0.919735 0.020897
vt 0.919694 0.020148
vt 0.919658 0.019325
vt 0.920589 0.020493
vt 0.920589 0.020897
vt 0.920589 0.020181
vt 0.919867 0.019325
vt 0.330265 0.705350
vt 0.329809 0.705366
vt 0.329823 0.704943
vt 0.330265 0.705729
vt 0.329816 0.705732
vt 0.330265 0.706515
vt 0.329825 0.706515
vt 0.329407 0.705358
vt 0.329411 0.704943
vt 0.329451 0.705692
vt 0.329487 0.706515
vt 0.328557 0.705347
vt 0.328557 0.704943
vt 0.328557 0.705659
vt 0.329279 0.706515
vt 0.332895 0.027387
vt 0.333049 0.027314
vt 0.332762 0.027726
vt 0.333290 0.026966
vt 0.333368 0.026895
vt 0.333363 0.026023
vt 0.333179 0.027263
vt 0.332954 0.027700
vt 0.333435 0.026841
vt 0.333363 0.027226
vt 0.333363 0.027672
vt 0.333363 0.026809
vt 0.334905 0.025471
vt 0.334512 0.025778
vt 0.334536 0.025641
vt 0.334938 0.025648
vt 0.334516 0.025885
vt 0.334973 0.026023
vt 0.334535 0.026023
vt 0.334113 0.026113
vt 0.334140 0.026062
vt 0.334108 0.026148
vt 0.334120 0.026023
vt 0.333761 0.026023
vt 0.329825 0.452054
vt 0.329788 0.451863
vt 0.330236 0.451863
vt 0.329414 0.452054
vt 0.329375 0.451860
vt 0.328557 0.452054
vt 0.328557 0.451859
vt 0.329755 0.451685
vt 0.330203 0.451686
vt 0.329341 0.451682
vt 0.328557 0.451681
vt 0.329729 0.451310
vt 0.330167 0.451310
vt 0.329314 0.451310
vt 0.328557 0.451532
vt 0.643847 0.020920
vt 0.643844 0.020501
vt 0.644054 0.020492
vt 0.643655 0.020946
vt 0.643652 0.020510
vt 0.643246 0.020974
vt 0.643246 0.020528
vt 0.643843 0.020109
vt 0.644054 0.020114
vt 0.643650 0.020105
vt 0.643246 0.020112
vt 0.643842 0.019325
vt 0.644054 0.019325
vt 0.643648 0.019325
vt 0.643246 0.019751
vt 0.289502 0.459447
vt 0.289502 0.459041
vt 0.289958 0.459024
vt 0.289944 0.459447
vt 0.289502 0.458661
vt 0.289950 0.458659
vt 0.289502 0.457875
vt 0.289941 0.457875
vt 0.290359 0.459032
vt 0.290356 0.459447
vt 0.290316 0.458698
vt 0.290280 0.457875
vt 0.291210 0.459043
vt 0.291210 0.459447
vt 0.291210 0.458732
vt 0.290488 0.457875
vt 0.604191 0.733201
vt 0.604647 0.733184
vt 0.604633 0.733607
vt 0.604191 0.732821
vt 0.604640 0.732819
vt 0.604191 0.732035
vt 0.604631 0.732035
vt 0.605049 0.733192
vt 0.605045 0.733607
vt 0.605005 0.732858
vt 0.604969 0.732035
vt 0.605899 0.733203
vt 0.605899 0.733607
vt 0.605899 0.732891
vt 0.605177 0.732035
vt 0.919323 0.404258
vt 0.919340 0.404677
vt 0.918881 0.404664
vt 0.919735 0.404258
vt 0.919738 0.404670
vt 0.920589 0.404258
vt 0.920589 0.404662
vt 0.919332 0.405047
vt 0.918881 0.405044
vt 0.919695 0.405006
vt 0.920589 0.404974
vt 0.919320 0.405830
vt 0.918881 0.405830
vt 0.919659 0.405830
vt 0.920589 0.405165
vt 0.334536 0.412909
vt 0.334516 0.412777
vt 0.334905 0.413080
vt 0.334140 0.412488
vt 0.334117 0.412441
vt 0.333363 0.412527
vt 0.334516 0.412668
vt 0.334938 0.412903
vt 0.334108 0.412403
vt 0.334531 0.412527
vt 0.334973 0.412527
vt 0.334119 0.412527
vt 0.332762 0.410824
vt 0.333054 0.411240
vt 0.332895 0.411163
vt 0.332954 0.410850
vt 0.333182 0.411288
vt 0.333363 0.410878
vt 0.333363 0.411321
vt 0.333371 0.411659
vt 0.333290 0.411584
vt 0.333435 0.411710
vt 0.333363 0.411739
vt 0.333363 0.412101
vt 0.644054 0.404663
vt 0.643846 0.404657
vt 0.643847 0.404235
vt 0.644054 0.405040
vt 0.643843 0.405049
vt 0.644054 0.405830
vt 0.643842 0.405830
vt 0.643654 0.404645
vt 0.643655 0.404209
vt 0.643650 0.405051
vt 0.643648 0.405830
vt 0.643246 0.404623
vt 0.643246 0.404181
vt 0.643246 0.405041
vt 0.643487 0.405830
vt 0.329157 0.733581
vt 0.329155 0.733172
vt 0.329364 0.733202
vt 0.328965 0.733550
vt 0.328962 0.733139
vt 0.328557 0.733518
vt 0.328557 0.733111
vt 0.329154 0.732792
vt 0.329364 0.732824
vt 0.328960 0.732758
vt 0.328557 0.732731
vt 0.329153 0.732035
vt 0.329364 0.732035
vt 0.328959 0.732035
vt 0.328557 0.732402
vt 0.612117 0.021103
vt 0.612571 0.021310
vt 0.612269 0.021639
vt 0.612366 0.020728
vt 0.612874 0.020927
vt 0.612633 0.019934
vt 0.613159 0.019934
vt 0.612993 0.021619
vt 0.612623 0.021999
vt 0.613344 0.021208
vt 0.613650 0.019934
vt 0.613469 0.022171
vt 0.613106 0.022678
vt 0.613817 0.021687
vt 0.614058 0.019934
vt 0.970426 0.564810
vt 0.969988 0.564639
vt 0.969988 0.564206
vt 0.970426 0.565188
vt 0.969981 0.565048
vt 0.970426 0.565977
vt 0.969979 0.565977
vt 0.969579 0.564447
vt 0.969581 0.563977
vt 0.969573 0.564883
vt 0.969570 0.565977
vt 0.968718 0.564215
vt 0.968718 0.563731
vt 0.968718 0.564667
vt 0.969232 0.565977
vt 0.964466 0.855057
vt 0.964470 0.855561
vt 0.964030 0.855999
vt 0.964872 0.854434
vt 0.964878 0.855088
vt 0.965738 0.853765
vt 0.965738 0.854567
vt 0.964473 0.856049
vt 0.964030 0.856377
vt 0.964881 0.855697
vt 0.965738 0.855295
vt 0.964477 0.857166
vt 0.964030 0.857166
vt 0.964886 0.857166
vt 0.965738 0.855892
vt 0.613311 0.024218
vt 0.613710 0.023657
vt 0.613802 0.024628
vt 0.613164 0.023335
vt 0.613570 0.022797
vt 0.614101 0.023091
vt 0.614209 0.024004
vt 0.613953 0.022280
vt 0.615075 0.022534
vt 0.615075 0.023336
vt 0.615075 0.021806
vt 0.614124 0.021258
vt 0.612269 0.416911
vt 0.612576 0.417255
vt 0.612117 0.417447
vt 0.612623 0.416551
vt 0.612996 0.416950
vt 0.613106 0.415873
vt 0.613472 0.416382
vt 0.612877 0.417621
vt 0.612366 0.417822
vt 0.613345 0.417344
vt 0.613818 0.416864
vt 0.613173 0.418616
vt 0.612633 0.418616
vt 0.613661 0.418616
vt 0.614124 0.417292
vt 0.613802 0.413923
vt 0.613707 0.414880
vt 0.613311 0.414333
vt 0.614209 0.414546
vt 0.614104 0.415452
vt 0.615075 0.415215
vt 0.615075 0.416018
vt 0.613563 0.415744
vt 0.613164 0.415215
vt 0.613953 0.416269
vt 0.615075 0.416751
vt 0.615075 0.417342
vt 0.964030 0.459651
vt 0.964466 0.460092
vt 0.964465 0.460594
vt 0.964030 0.459273
vt 0.964472 0.459598
vt 0.964030 0.458484
vt 0.964475 0.458484
vt 0.964874 0.460568
vt 0.964872 0.461217
vt 0.964881 0.459954
vt 0.964885 0.458484
vt 0.965738 0.461082
vt 0.965738 0.461886
vt 0.965738 0.460349
vt 0.965225 0.458484
vt 0.997240 0.274637
vt 0.997245 0.275068
vt 0.996802 0.275241
vt 0.997647 0.274407
vt 0.997653 0.274879
vt 0.998510 0.274161
vt 0.998510 0.274657
vt 0.997247 0.275475
vt 0.996802 0.275618
vt 0.997655 0.275313
vt 0.998510 0.275107
vt 0.997247 0.276407
vt 0.996802 0.276407
vt 0.997657 0.276407
vt 0.998510 0.275472
vt 0.330757 0.414333
vt 0.330358 0.414893
vt 0.330266 0.413923
vt 0.330904 0.415215
vt 0.330498 0.415753
vt 0.330962 0.415872
vt 0.330599 0.416379
vt 0.329967 0.415459
vt 0.329859 0.414546
vt 0.330115 0.416270
vt 0.330251 0.416863
vt 0.328993 0.416016
vt 0.328993 0.415215
vt 0.328993 0.416744
vt 0.329944 0.417292
vt 0.331952 0.417447
vt 0.331497 0.417240
vt 0.331799 0.416911
vt 0.331702 0.417822
vt 0.331194 0.417623
vt 0.331435 0.418616
vt 0.330909 0.418616
vt 0.331075 0.416932
vt 0.331445 0.416551
vt 0.330724 0.417342
vt 0.330418 0.418616
vt 0.330010 0.418616
vt 0.996802 0.014329
vt 0.997241 0.014501
vt 0.997240 0.014933
vt 0.996802 0.013951
vt 0.997246 0.014091
vt 0.996802 0.013162
vt 0.997249 0.013162
vt 0.997649 0.014692
vt 0.997647 0.015163
vt 0.997655 0.014256
vt 0.997658 0.013162
vt 0.998510 0.014925
vt 0.998510 0.015409
vt 0.998510 0.014473
vt 0.997996 0.013162
vt 0.964466 0.416507
vt 0.964470 0.417010
vt 0.964030 0.417449
vt 0.964872 0.415884
vt 0.964878 0.416538
vt 0.965738 0.415215
vt 0.965738 0.416016
vt 0.964473 0.417499
vt 0.964030 0.417827
vt 0.964881 0.417147
vt 0.965738 0.416745
vt 0.964477 0.418616
vt 0.964030 0.418616
vt 0.964886 0.418616
vt 0.965738 0.417342
vt 0.331799 0.021639
vt 0.331492 0.021295
vt 0.331952 0.021103
vt 0.331445 0.021999
vt 0.331072 0.021600
vt 0.330962 0.022678
vt 0.330596 0.022168
vt 0.331191 0.020929
vt 0.331702 0.020728
vt 0.330723 0.021206
vt 0.330250 0.021686
vt 0.330896 0.019934
vt 0.331435 0.019934
vt 0.330407 0.019934
vt 0.329944 0.021258
vt 0.330266 0.024628
vt 0.330361 0.023670
vt 0.330757 0.024218
vt 0.329859 0.024004
vt 0.329964 0.023098
vt 0.328993 0.023335
vt 0.328993 0.022532
vt 0.330505 0.022806
vt 0.330904 0.023335
vt 0.330116 0.022282
vt 0.328993 0.021799
vt 0.328993 0.021208
vt 0.964030 0.021101
vt 0.964466 0.021542
vt 0.964465 0.022043
vt 0.964030 0.020723
vt 0.964472 0.021048
vt 0.964030 0.019934
vt 0.964475 0.019934
vt 0.964874 0.022018
vt 0.964872 0.022667
vt 0.964881 0.021404
vt 0.964885 0.019934
vt 0.965738 0.022532
vt 0.965738 0.023335
vt 0.965738 0.021799
vt 0.965225 0.019934
vt 0.969988 0.304503
vt 0.969984 0.304072
vt 0.970426 0.303899
vt 0.969581 0.304732
vt 0.969575 0.304261
vt 0.968718 0.304978
vt 0.968718 0.304482
vt 0.969981 0.303664
vt 0.970426 0.303521
vt 0.969573 0.303826
vt 0.968718 0.304033
vt 0.969981 0.302732
vt 0.970426 0.302732
vt 0.969571 0.302732
vt 0.968718 0.303668
vt 0.937654 0.856001
vt 0.937198 0.856017
vt 0.937212 0.855594
vt 0.937654 0.856380
vt 0.937206 0.856383
vt 0.937654 0.857166
vt 0.937215 0.857166
vt 0.936797 0.856009
vt 0.936800 0.855594
vt 0.936840 0.856344
vt 0.936876 0.857166
vt 0.935946 0.855999
vt 0.935946 0.855594
vt 0.935946 0.856310
vt 0.936668 0.857166
vt 0.997244 0.564405
vt 0.997262 0.564825
vt 0.996802 0.564812
vt 0.997656 0.564405
vt 0.997659 0.564818
vt 0.998510 0.564405
vt 0.998510 0.564810
vt 0.997253 0.565194
vt 0.996802 0.565191
vt 0.997616 0.565154
vt 0.998510 0.565121
vt 0.997241 0.565977
vt 0.996802 0.565977
vt 0.997580 0.565977
vt 0.998510 0.565313
vt 0.015570 0.021506
vt 0.015553 0.021087
vt 0.016012 0.021099
vt 0.015158 0.021506
vt 0.015155 0.021093
vt 0.014304 0.021506
vt 0.014304 0.021102
vt 0.015561 0.020717
vt 0.016012 0.020720
vt 0.015198 0.020757
vt 0.014304 0.020790
vt 0.015573 0.019934
vt 0.016012 0.019934
vt 0.015234 0.019934
vt 0.014304 0.020599
vt 0.937212 0.460056
vt 0.937194 0.459637
vt 0.937654 0.459650
vt 0.936800 0.460056
vt 0.936797 0.459643
vt 0.935946 0.460056
vt 0.935946 0.459652
vt 0.937203 0.459267
vt 0.937654 0.459270
vt 0.936840 0.459307
vt 0.935946 0.459340
vt 0.937215 0.458484
vt 0.937654 0.458484
vt 0.936876 0.458484
vt 0.935946 0.459149
vt 0.016012 0.417451
vt 0.015556 0.417467
vt 0.015570 0.417044
vt 0.016012 0.417830
vt 0.015564 0.417833
vt 0.016012 0.418616
vt 0.015573 0.418616
vt 0.015155 0.417459
vt 0.015158 0.417044
vt 0.015199 0.417793
vt 0.015234 0.418616
vt 0.014304 0.417449
vt 0.014304 0.417044
vt 0.014304 0.417760
vt 0.015026 0.418616
vt 0.970426 0.275242
vt 0.969970 0.275259
vt 0.969984 0.274836
vt 0.970426 0.275622
vt 0.969977 0.275624
vt 0.970426 0.276407
vt 0.969987 0.276407
vt 0.969569 0.275251
vt 0.969572 0.274836
vt 0.969612 0.275585
vt 0.969648 0.276407
vt 0.968718 0.275240
vt 0.968718 0.274836
vt 0.968718 0.275551
vt 0.969440 0.276407
vt 0.969984 0.014734
vt 0.969966 0.014315
vt 0.970426 0.014327
vt 0.969572 0.014734
vt 0.969569 0.014322
vt 0.968718 0.014734
vt 0.968718 0.014330
vt 0.969975 0.013945
vt 0.970426 0.013948
vt 0.969612 0.013985
vt 0.968718 0.014018
vt 0.969987 0.013162
vt 0.970426 0.013162
vt 0.969648 0.013162
vt 0.968718 0.013827
vt 0.299119 0.417044
vt 0.299137 0.417464
vt 0.298677 0.417451
vt 0.299531 0.417044
vt 0.299534 0.417457
vt 0.300385 0.417044
vt 0.300385 0.417448
vt 0.299128 0.417833
vt 0.298677 0.417830
vt 0.299491 0.417793
vt 0.300385 0.417760
vt 0.299116 0.418616
vt 0.298677 0.418616
vt 0.299455 0.418616
vt 0.300385 0.417952
vt 0.937654 0.417451
vt 0.937198 0.417467
vt 0.937212 0.417044
vt 0.937654 0.417830
vt 0.937206 0.417833
vt 0.937654 0.418616
vt 0.937215 0.418616
vt 0.936797 0.417459
vt 0.936800 0.417044
vt 0.936840 0.417793
vt 0.936876 0.418616
vt 0.935946 0.417448
vt 0.935946 0.417044
vt 0.935946 0.417760
vt 0.936668 0.418616
vt 0.937212 0.021506
vt 0.937194 0.021086
vt 0.937654 0.021099
vt 0.936800 0.021506
vt 0.936797 0.021093
vt 0.935946 0.021506
vt 0.935946 0.021102
vt 0.937203 0.020717
vt 0.937654 0.020720
vt 0.936840 0.020757
vt 0.935946 0.020790
vt 0.937215 0.019934
vt 0.937654 0.019934
vt 0.936876 0.019934
vt 0.935946 0.020598
vt 0.298677 0.021099
vt 0.299133 0.021083
vt 0.299119 0.021506
vt 0.298677 0.020720
vt 0.299125 0.020717
vt 0.298677 0.019934
vt 0.299116 0.019934
vt 0.299534 0.021091
vt 0.299531 0.021506
vt 0.299491 0.020757
vt 0.299455 0.019934
vt 0.300385 0.021102
vt 0.300385 0.021506
vt 0.300385 0.020790
vt 0.299663 0.019934
vt 0.996802 0.303897
vt 0.997258 0.303881
vt 0.997244 0.304304
vt 0.996802 0.303518
vt 0.997250 0.303515
vt 0.996802 0.302732
vt 0.997241 0.302732
vt 0.997659 0.303889
vt 0.997656 0.304304
vt 0.997616 0.303555
vt 0.997580 0.302732
vt 0.998510 0.303900
vt 0.998510 0.304304
vt 0.998510 0.303588
vt 0.997788 0.302732
s 1
usemtl Box_blue.001
f 1/1/1 2/2/1 3/3/1
f 4/1/1 5/3/1 6/4/1
f 7/5/2 8/6/2 9/7/2
f 10/5/2 11/7/2 12/8/2
f 13/9/3 14/10/3 15/11/3
f 16/9/3 17/11/3 18/12/3
f 19/13/4 20/14/4 21/15/4
f 22/13/4 23/15/4 24/16/4
f 25/17/5 26/18/5 27/19/5
f 28/17/5 29/19/5 30/20/5
f 31/21/6 32/22/6 33/23/6
f 34/21/6 35/23/6 36/24/6
f 37/25/7 38/26/7 39/27/7
f 40/25/7 41/27/7 42/28/7
f 43/29/8 44/30/8 45/31/8
f 46/29/8 47/31/8 48/32/8
f 49/33/5 50/34/5 51/35/5
f 52/33/5 53/35/5 54/36/5
f 55/37/9 56/38/9 57/39/9
f 58/37/9 59/39/9 60/40/9
f 61/41/1 62/42/1 63/43/1
f 64/41/1 65/43/1 66/44/1
f 67/45/7 68/46/7 69/47/7
f 70/45/7 71/47/7 72/48/7
f 73/49/6 74/50/6 75/51/6
f 76/49/6 77/51/6 78/52/6
f 79/53/10 80/54/11 81/55/12
f 82/53/13 83/55/14 84/56/15
f 85/54/16 86/57/17 87/58/18
f 88/54/19 89/58/20 90/55/21
f 91/57/22 92/59/23 93/60/24
f 94/57/25 95/60/26 96/58/27
f 97/56/28 98/55/29 99/61/30
f 100/56/31 101/61/32 102/62/33
f 103/55/34 104/58/35 105/63/36
f 106/55/37 107/63/38 108/61/39
f 109/58/40 110/60/41 111/64/42
f 112/58/43 113/64/44 114/63/45
f 115/62/46 116/61/47 117/65/48
f 118/62/49 119/65/50 120/66/51
f 121/61/52 122/63/53 123/67/54
f 124/61/55 125/67/56 126/65/57
f 127/63/58 128/64/59 129/68/60
f 130/63/61 131/68/62 132/67/63
f 133/4/64 134/69/65 135/70/66
f 136/4/67 137/70/68 138/71/69
f 139/69/70 140/72/71 141/73/72
f 142/69/73 143/73/74 144/70/75
f 145/72/76 146/74/77 147/75/78
f 148/72/79 149/75/80 150/73/81
f 151/71/82 152/70/83 153/76/84
f 154/71/85 155/76/86 156/77/87
f 157/70/88 158/73/89 159/78/90
f 160/70/91 161/78/92 162/76/93
f 163/73/94 164/75/95 165/79/96
f 166/73/97 167/79/98 168/78/97
f 169/77/99 170/76/100 171/80/101
f 172/77/102 173/80/103 174/81/104
f 175/76/105 176/78/106 177/82/107
f 178/76/108 179/82/109 180/80/110
f 181/78/111 182/79/112 183/83/113
f 184/78/114 185/83/115 186/82/116
f 187/17/117 188/84/117 189/85/118
f 190/17/119 191/85/120 192/86/121
f 193/84/122 194/87/123 195/88/124
f 196/84/125 197/88/126 198/85/127
f 199/87/128 200/89/129 201/90/130
f 202/87/131 203/90/132 204/88/133
f 205/86/134 206/85/135 207/91/136
f 208/86/137 209/91/138 210/92/139
f 211/85/140 212/88/141 213/93/142
f 214/85/143 215/93/144 216/91/145
f 217/88/146 218/90/147 219/94/148
f 220/88/149 221/94/150 222/93/151
f 223/92/152 224/91/153 225/95/154
f 226/92/155 227/95/156 228/96/157
f 229/91/158 230/93/159 231/97/160
f 232/91/161 233/97/162 234/95/163
f 235/93/164 236/94/165 237/98/166
f 238/93/167 239/98/168 240/97/169
f 241/3/170 242/99/171 243/100/172
f 244/3/173 245/100/174 246/101/173
f 247/99/175 248/102/176 249/103/177
f 250/99/178 251/103/179 252/100/180
f 253/102/181 254/104/182 255/105/183
f 256/102/184 257/105/185 258/103/186
f 259/101/187 260/100/188 261/106/189
f 262/101/190 263/106/191 264/107/192
f 265/100/193 266/103/194 267/108/195
f 268/100/196 269/108/197 270/106/198
f 271/103/199 272/105/200 273/109/201
f 274/103/202 275/109/203 276/108/204
f 277/107/205 278/106/206 279/110/207
f 280/107/208 281/110/209 282/111/210
f 283/106/211 284/108/212 285/112/213
f 286/106/214 287/112/215 288/110/216
f 289/108/217 290/109/218 291/113/219
f 292/108/220 293/113/221 294/112/222
f 295/29/223 296/114/224 297/115/225
f 298/29/226 299/115/227 300/116/228
f 301/114/229 302/117/230 303/118/231
f 304/114/232 305/118/233 306/115/234
f 307/117/235 308/119/236 309/119/237
f 310/117/238 311/119/239 312/118/240
f 313/116/241 314/115/242 315/120/243
f 316/116/244 317/120/245 318/121/246
f 319/115/247 320/118/248 321/122/249
f 322/115/250 323/122/251 324/120/252
f 325/118/253 326/119/254 327/119/255
f 328/118/256 329/119/257 330/122/258
f 331/121/259 332/120/260 333/123/261
f 334/121/262 335/123/263 336/124/264
f 337/120/265 338/122/266 339/125/267
f 340/120/268 341/125/269 342/123/270
f 343/122/271 344/119/272 345/119/273
f 346/122/274 347/119/275 348/125/276
f 349/14/277 350/126/278 351/127/279
f 352/14/280 353/127/281 354/128/282
f 355/126/283 356/129/284 357/130/285
f 358/126/286 359/130/287 360/127/288
f 361/129/289 362/131/290 363/132/291
f 364/129/292 365/132/293 366/130/294
f 367/128/295 368/127/296 369/133/297
f 370/128/298 371/133/299 372/134/300
f 373/127/301 374/130/302 375/135/303
f 376/127/304 377/135/305 378/133/306
f 379/130/307 380/132/308 381/136/309
f 382/130/310 383/136/311 384/135/312
f 385/134/313 386/133/314 387/119/315
f 388/134/316 389/119/317 390/119/318
f 391/133/319 392/135/320 393/119/321
f 394/133/322 395/119/323 396/119/324
f 397/135/325 398/136/326 399/137/327
f 400/135/328 401/137/329 402/119/330
f 403/18/331 404/138/332 405/139/333
f 406/18/334 407/139/335 408/140/336
f 409/138/337 410/141/338 411/142/339
f 412/138/340 413/142/341 414/139/342
f 415/141/343 416/143/344 417/144/345
f 418/141/346 419/144/347 420/142/348
f 421/140/349 422/139/350 423/145/351
f 424/140/352 425/145/353 426/146/354
f 427/139/355 428/142/355 429/147/356
f 430/139/357 431/147/358 432/145/359
f 433/142/360 434/144/361 435/148/362
f 436/142/363 437/148/364 438/147/365
f 439/146/366 440/145/367 441/149/368
f 442/146/369 443/149/370 444/150/371
f 445/145/372 446/147/373 447/151/374
f 448/145/375 449/151/376 450/149/377
f 451/147/378 452/148/379 453/152/380
f 454/147/381 455/152/382 456/151/383
f 457/153/384 458/154/385 459/155/386
f 460/153/387 461/155/387 462/156/388
f 463/154/389 464/157/390 465/158/391
f 466/154/392 467/158/393 468/155/394
f 469/157/395 470/159/396 471/160/397
f 472/157/398 473/160/399 474/158/400
f 475/156/401 476/155/402 477/161/403
f 478/156/404 479/161/405 480/162/406
f 481/155/407 482/158/408 483/163/408
f 484/155/409 485/163/410 486/161/410
f 487/158/411 488/160/412 489/164/413
f 490/158/414 491/164/415 492/163/416
f 493/162/417 494/161/418 495/165/419
f 496/162/420 497/165/421 498/166/422
f 499/161/423 500/163/424 501/167/425
f 502/161/426 503/167/427 504/165/428
f 505/163/429 506/164/430 507/168/431
f 508/163/432 509/168/433 510/167/434
f 511/20/435 512/169/436 513/170/436
f 514/20/437 515/170/438 516/171/439
f 517/169/440 518/172/441 519/173/442
f 520/169/443 521/173/444 522/170/445
f 523/172/446 524/174/447 525/175/448
f 526/172/449 527/175/450 528/173/451
f 529/171/452 530/170/453 531/176/454
f 532/171/455 533/176/456 534/177/457
f 535/170/458 536/173/459 537/178/460
f 538/170/461 539/178/462 540/176/463
f 541/173/464 542/175/465 543/179/466
f 544/173/467 545/179/468 546/178/469
f 547/177/470 548/176/471 549/180/472
f 550/177/473 551/180/474 552/181/475
f 553/176/476 554/178/477 555/182/478
f 556/176/479 557/182/480 558/180/481
f 559/178/482 560/179/483 561/183/484
f 562/178/485 563/183/486 564/182/487
f 565/25/488 566/184/488 567/185/489
f 568/25/490 569/185/491 570/186/492
f 571/184/493 572/187/494 573/188/495
f 574/184/496 575/188/497 576/185/498
f 577/187/499 578/189/500 579/190/501
f 580/187/502 581/190/503 582/188/504
f 583/186/505 584/185/505 585/191/506
f 586/186/507 587/191/508 588/192/509
f 589/185/510 590/188/511 591/193/512
f 592/185/513 593/193/514 594/191/515
f 595/188/516 596/190/517 597/194/518
f 598/188/519 599/194/520 600/193/521
f 601/192/522 602/191/523 603/195/524
f 604/192/525 605/195/526 606/196/527
f 607/191/528 608/193/529 609/197/530
f 610/191/531 611/197/532 612/195/533
f 613/193/534 614/194/535 615/198/536
f 616/193/537 617/198/538 618/197/539
f 619/13/540 620/199/541 621/200/542
f 622/13/543 623/200/544 624/201/545
f 625/199/546 626/202/547 627/203/548
f 628/199/549 629/203/550 630/200/551
f 631/202/552 632/204/553 633/204/554
f 634/202/555 635/204/556 636/203/557
f 637/201/558 638/200/559 639/205/560
f 640/201/561 641/205/562 642/206/563
f 643/200/564 644/203/565 645/207/566
f 646/200/567 647/207/568 648/205/569
f 649/203/570 650/204/571 651/204/572
f 652/203/573 653/204/574 654/207/575
f 655/206/576 656/205/577 657/208/578
f 658/206/579 659/208/580 660/209/581
f 661/205/582 662/207/583 663/210/584
f 664/205/585 665/210/586 666/208/587
f 667/207/588 668/204/589 669/204/590
f 670/207/591 671/204/592 672/210/593
f 673/6/594 674/211/595 675/212/596
f 676/6/597 677/212/598 678/213/599
f 679/211/600 680/214/601 681/215/602
f 682/211/603 683/215/604 684/212/605
f 685/214/606 686/216/607 687/217/608
f 688/214/609 689/217/610 690/215/611
f 691/213/612 692/212/613 693/218/614
f 694/213/615 695/218/616 696/219/617
f 697/212/618 698/215/619 699/220/620
f 700/212/621 701/220/622 702/218/623
f 703/215/624 704/217/625 705/221/626
f 706/215/627 707/221/628 708/220/629
f 709/219/630 710/218/631 711/204/632
f 712/219/633 713/204/634 714/204/635
f 715/218/636 716/220/637 717/204/638
f 718/218/639 719/204/640 720/204/641
f 721/220/642 722/221/643 723/222/644
f 724/220/645 725/222/646 726/204/647
f 727/26/648 728/223/649 729/224/650
f 730/26/651 731/224/652 732/225/653
f 733/223/654 734/226/655 735/227/656
f 736/223/657 737/227/658 738/224/659
f 739/226/660 740/228/661 741/229/661
f 742/226/662 743/229/663 744/227/662
f 745/225/664 746/224/665 747/230/666
f 748/225/667 749/230/668 750/231/669
f 751/224/670 752/227/671 753/232/672
f 754/224/673 755/232/674 756/230/675
f 757/227/676 758/229/677 759/233/678
f 760/227/679 761/233/680 762/232/681
f 763/231/682 764/230/683 765/234/684
f 766/231/685 767/234/686 768/235/687
f 769/230/688 770/232/689 771/236/690
f 772/230/691 773/236/692 774/234/693
f 775/232/694 776/233/695 777/237/696
f 778/232/697 779/237/698 780/236/699
f 781/19/700 782/238/701 783/239/702
f 784/19/703 785/239/704 786/240/704
f 787/238/705 788/241/706 789/242/707
f 790/238/708 791/242/709 792/239/710
f 793/241/711 794/243/712 795/244/713
f 796/241/714 797/244/715 798/242/716
f 799/240/717 800/239/718 801/245/719
f 802/240/720 803/245/721 804/246/722
f 805/239/723 806/242/724 807/247/725
f 808/239/726 809/247/727 810/245/728
f 811/242/729 812/244/730 813/248/731
f 814/242/732 815/248/733 816/247/734
f 817/246/735 818/245/736 819/249/737
f 820/246/738 821/249/739 822/250/740
f 823/245/741 824/247/742 825/251/743
f 826/245/744 827/251/745 828/249/745
f 829/247/746 830/248/747 831/252/748
f 832/247/749 833/252/750 834/251/751
f 835/253/752 836/254/753 837/255/754
f 838/253/755 839/255/756 840/256/757
f 841/254/758 842/257/759 843/258/760
f 844/254/761 845/258/762 846/255/763
f 847/257/764 848/259/765 849/260/766
f 850/257/767 851/260/768 852/258/769
f 853/256/770 854/255/771 855/261/772
f 856/256/773 857/261/774 858/262/775
f 859/255/776 860/258/777 861/263/777
f 862/255/778 863/263/779 864/261/780
f 865/258/781 866/260/782 867/264/783
f 868/258/784 869/264/785 870/263/786
f 871/262/787 872/261/788 873/265/789
f 874/262/790 875/265/791 876/266/792
f 877/261/793 878/263/794 879/267/795
f 880/261/796 881/267/797 882/265/798
f 883/263/799 884/264/800 885/268/801
f 886/263/802 887/268/803 888/267/804
f 889/24/805 890/269/806 891/270/807
f 892/24/808 893/270/809 894/271/810
f 895/269/811 896/272/812 897/273/813
f 898/269/814 899/273/815 900/270/816
f 901/272/817 902/274/818 903/275/819
f 904/272/820 905/275/821 906/273/822
f 907/271/823 908/270/824 909/276/825
f 910/271/826 911/276/827 912/277/828
f 913/270/829 914/273/830 915/278/831
f 916/270/832 917/278/833 918/276/834
f 919/273/835 920/275/836 921/279/837
f 922/273/838 923/279/839 924/278/840
f 925/277/841 926/276/842 927/280/842
f 928/277/843 929/280/844 930/281/843
f 931/276/845 932/278/846 933/282/847
f 934/276/848 935/282/849 936/280/850
f 937/278/851 938/279/852 939/283/853
f 940/278/854 941/283/855 942/282/856
f 943/1/857 944/284/857 945/285/858
f 946/1/859 947/285/860 948/286/861
f 949/284/862 950/287/863 951/288/864
f 952/284/865 953/288/866 954/285/867
f 955/287/868 956/289/869 957/290/870
f 958/287/871 959/290/872 960/288/873
f 961/286/874 962/285/875 963/291/876
f 964/286/877 965/291/878 966/292/879
f 967/285/880 968/288/881 969/293/882
f 970/285/883 971/293/884 972/291/885
f 973/288/886 974/290/887 975/294/888
f 976/288/889 977/294/890 978/293/891
f 979/292/892 980/291/893 981/295/894
f 982/292/895 983/295/896 984/296/897
f 985/291/898 986/293/899 987/297/900
f 988/291/901 989/297/902 990/295/903
f 991/293/904 992/294/905 993/298/906
f 994/293/907 995/298/908 996/297/909
f 997/9/910 998/299/911 999/300/912
f 1000/9/913 1001/300/914 1002/301/915
f 1003/299/916 1004/302/917 1005/303/918
f 1006/299/919 1007/303/920 1008/300/921
f 1009/302/922 1010/304/923 1011/304/924
f 1012/302/925 1013/304/926 1014/303/927
f 1015/301/928 1016/300/929 1017/305/930
f 1018/301/931 1019/305/932 1020/306/933
f 1021/300/934 1022/303/935 1023/307/936
f 1024/300/937 1025/307/938 1026/305/939
f 1027/303/940 1028/304/941 1029/304/942
f 1030/303/943 1031/304/944 1032/307/945
f 1033/306/946 1034/305/947 1035/308/948
f 1036/306/949 1037/308/950 1038/309/951
f 1039/305/952 1040/307/953 1041/310/954
f 1042/305/955 1043/310/956 1044/308/957
f 1045/307/958 1046/304/959 1047/304/960
f 1048/307/961 1049/304/962 1050/310/963
f 1051/30/964 1052/311/965 1053/312/966
f 1054/30/967 1055/312/968 1056/313/969
f 1057/311/970 1058/314/971 1059/315/972
f 1060/311/973 1061/315/974 1062/312/975
f 1063/314/976 1064/316/977 1065/317/978
f 1066/314/979 1067/317/980 1068/315/981
f 1069/313/982 1070/312/983 1071/318/984
f 1072/313/985 1073/318/986 1074/319/987
f 1075/312/988 1076/315/989 1077/320/990
f 1078/312/991 1079/320/992 1080/318/993
f 1081/315/994 1082/317/995 1083/321/996
f 1084/315/997 1085/321/998 1086/320/999
f 1087/319/1000 1088/318/1001 1089/304/1002
f 1090/319/1003 1091/304/1004 1092/304/1005
f 1093/318/1006 1094/320/1007 1095/304/1008
f 1096/318/1009 1097/304/1010 1098/304/1011
f 1099/320/1012 1100/321/1013 1101/322/1014
f 1102/320/1015 1103/322/1016 1104/304/1017
f 1105/2/1018 1106/323/1019 1107/324/1020
f 1108/2/1021 1109/324/1022 1110/325/1023
f 1111/323/1024 1112/326/1025 1113/327/1026
f 1114/323/1027 1115/327/1028 1116/324/1029
f 1117/326/1030 1118/328/1031 1119/329/1031
f 1120/326/1032 1121/329/1033 1122/327/1032
f 1123/325/1034 1124/324/1035 1125/330/1036
f 1126/325/1037 1127/330/1038 1128/331/1039
f 1129/324/1040 1130/327/1041 1131/332/1042
f 1132/324/1043 1133/332/1044 1134/330/1045
f 1135/327/1046 1136/329/1047 1137/333/1048
f 1138/327/1049 1139/333/1050 1140/332/1051
f 1141/331/1052 1142/330/1053 1143/334/1054
f 1144/331/1055 1145/334/1056 1146/335/1057
f 1147/330/1058 1148/332/1059 1149/336/1060
f 1150/330/1061 1151/336/1062 1152/334/1063
f 1153/332/1064 1154/333/1065 1155/337/1066
f 1156/332/1067 1157/337/1068 1158/336/1069
f 1159/23/1070 1160/338/1071 1161/339/1072
f 1162/23/1073 1163/339/1074 1164/340/1075
f 1165/338/1076 1166/341/1077 1167/342/1078
f 1168/338/1079 1169/342/1080 1170/339/1081
f 1171/341/1082 1172/343/1083 1173/344/1084
f 1174/341/1085 1175/344/1086 1176/342/1087
f 1177/340/1088 1178/339/1089 1179/345/1090
f 1180/340/1091 1181/345/1092 1182/346/1093
f 1183/339/1094 1184/342/1095 1185/347/1096
f 1186/339/1097 1187/347/1098 1188/345/1099
f 1189/342/1100 1190/344/1101 1191/348/1102
f 1192/342/1103 1193/348/1104 1194/347/1105
f 1195/346/1106 1196/345/1107 1197/349/1108
f 1198/346/1109 1199/349/1110 1200/350/1111
f 1201/345/1112 1202/347/1112 1203/351/1112
f 1204/345/1113 1205/351/1113 1206/349/1113
f 1207/347/1114 1208/348/1115 1209/352/1116
f 1210/347/1117 1211/352/1118 1212/351/1119
f 1213/353/1120 1214/354/1121 1215/355/1122
f 1216/353/1123 1217/355/1124 1218/356/1125
f 1219/354/1126 1220/357/1127 1221/358/1128
f 1222/354/1129 1223/358/1130 1224/355/1131
f 1225/357/1132 1226/359/1133 1227/360/1134
f 1228/357/1135 1229/360/1136 1230/358/1137
f 1231/356/1138 1232/355/1139 1233/361/1140
f 1234/356/1141 1235/361/1142 1236/362/1143
f 1237/355/1144 1238/358/1145 1239/363/1146
f 1240/355/1147 1241/363/1148 1242/361/1149
f 1243/358/1150 1244/360/1151 1245/364/1152
f 1246/358/1153 1247/364/1154 1248/363/1155
f 1249/362/1156 1250/361/1157 1251/365/1158
f 1252/362/1159 1253/365/1160 1254/366/1161
f 1255/361/1162 1256/363/1163 1257/367/1164
f 1258/361/1165 1259/367/1166 1260/365/1167
f 1261/363/1168 1262/364/1169 1263/368/1170
f 1264/363/1171 1265/368/1172 1266/367/1173
f 1267/28/1174 1268/369/1175 1269/370/1176
f 1270/28/1177 1271/370/1178 1272/371/1177
f 1273/369/1179 1274/372/1180 1275/373/1181
f 1276/369/1182 1277/373/1183 1278/370/1184
f 1279/372/1185 1280/374/1186 1281/375/1187
f 1282/372/1188 1283/375/1189 1284/373/1190
f 1285/371/1191 1286/370/1192 1287/376/1193
f 1288/371/1194 1289/376/1195 1290/377/1196
f 1291/370/1197 1292/373/1198 1293/378/1199
f 1294/370/1200 1295/378/1201 1296/376/1200
f 1297/373/1202 1298/375/1203 1299/379/1204
f 1300/373/1205 1301/379/1206 1302/378/1205
f 1303/377/1207 1304/376/1208 1305/380/1209
f 1306/377/1210 1307/380/1211 1308/381/1212
f 1309/376/1213 1310/378/1214 1311/382/1215
f 1312/376/1216 1313/382/1217 1314/380/1218
f 1315/378/1219 1316/379/1220 1317/383/1221
f 1318/378/1222 1319/383/1223 1320/382/1224
f 1321/21/1225 1322/384/1226 1323/385/1227
f 1324/21/1228 1325/385/1229 1326/386/1230
f 1327/384/1231 1328/387/1232 1329/388/1233
f 1330/384/1234 1331/388/1235 1332/385/1236
f 1333/387/1237 1334/389/1238 1335/390/1239
f 1336/387/1240 1337/390/1241 1338/388/1242
f 1339/386/1243 1340/385/1244 1341/391/1245
f 1342/386/1246 1343/391/1247 1344/392/1248
f 1345/385/1249 1346/388/1250 1347/393/1251
f 1348/385/1252 1349/393/1253 1350/391/1254
f 1351/388/1255 1352/390/1256 1353/394/1257
f 1354/388/1258 1355/394/1259 1356/393/1260
f 1357/392/1261 1358/391/1262 1359/395/1263
f 1360/392/1264 1361/395/1265 1362/396/1266
f 1363/391/1267 1364/393/1267 1365/397/1268
f 1366/391/1269 1367/397/1270 1368/395/1271
f 1369/393/1272 1370/394/1273 1371/398/1274
f 1372/393/1275 1373/398/1276 1374/397/1277
f 1375/5/1278 1376/399/1279 1377/400/1280
f 1378/5/1281 1379/400/1282 1380/401/1283
f 1381/399/1284 1382/402/1285 1383/403/1286
f 1384/399/1287 1385/403/1288 1386/400/1289
f 1387/402/1290 1388/404/1291 1389/404/1292
f 1390/402/1293 1391/404/1294 1392/403/1295
f 1393/401/1296 1394/400/1297 1395/405/1298
f 1396/401/1299 1397/405/1300 1398/406/1301
f 1399/400/1302 1400/403/1303 1401/407/1304
f 1402/400/1305 1403/407/1306 1404/405/1307
f 1405/403/1308 1406/404/1309 1407/404/1310
f 1408/403/1311 1409/404/1312 1410/407/1313
f 1411/406/1314 1412/405/1315 1413/408/1316
f 1414/406/1317 1415/408/1318 1416/409/1319
f 1417/405/1320 1418/407/1321 1419/410/1322
f 1420/405/1323 1421/410/1324 1422/408/1325
f 1423/407/1326 1424/404/1327 1425/404/1328
f 1426/407/1329 1427/404/1330 1428/410/1331
f 1429/10/1332 1430/411/1333 1431/412/1334
f 1432/10/1335 1433/412/1336 1434/413/1337
f 1435/411/1338 1436/414/1339 1437/415/1340
f 1438/411/1341 1439/415/1342 1440/412/1343
f 1441/414/1344 1442/416/1345 1443/417/1346
f 1444/414/1347 1445/417/1348 1446/415/1349
f 1447/413/1350 1448/412/1351 1449/418/1352
f 1450/413/1353 1451/418/1354 1452/419/1355
f 1453/412/1356 1454/415/1357 1455/420/1358
f 1456/412/1359 1457/420/1360 1458/418/1361
f 1459/415/1362 1460/417/1363 1461/421/1364
f 1462/415/1365 1463/421/1366 1464/420/1367
f 1465/419/1368 1466/418/1369 1467/404/1370
f 1468/419/1371 1469/404/1372 1470/404/1373
f 1471/418/1374 1472/420/1375 1473/404/1376
f 1474/418/1377 1475/404/1378 1476/404/1379
f 1477/420/1380 1478/421/1381 1479/422/1382
f 1480/420/1383 1481/422/1384 1482/404/1385
f 1483/22/1386 1484/423/1387 1485/424/1388
f 1486/22/1389 1487/424/1390 1488/425/1391
f 1489/423/1392 1490/426/1393 1491/427/1394
f 1492/423/1395 1493/427/1396 1494/424/1397
f 1495/426/1398 1496/428/1399 1497/429/1400
f 1498/426/1401 1499/429/1402 1500/427/1403
f 1501/425/1404 1502/424/1405 1503/430/1406
f 1504/425/1407 1505/430/1408 1506/431/1409
f 1507/424/1410 1508/427/1411 1509/432/1412
f 1510/424/1413 1511/432/1414 1512/430/1415
f 1513/427/1416 1514/429/1417 1515/433/1418
f 1516/427/1419 1517/433/1420 1518/432/1421
f 1519/431/1422 1520/430/1423 1521/434/1424
f 1522/431/1425 1523/434/1426 1524/435/1427
f 1525/430/1428 1526/432/1429 1527/436/1430
f 1528/430/1431 1529/436/1432 1530/434/1433
f 1531/432/1434 1532/433/1435 1533/437/1436
f 1534/432/1437 1535/437/1438 1536/436/1439
f 1537/27/1440 1538/438/1441 1539/439/1442
f 1540/27/1443 1541/439/1444 1542/440/1443
f 1543/438/1445 1544/441/1446 1545/442/1447
f 1546/438/1448 1547/442/1449 1548/439/1450
f 1549/441/1451 1550/443/1452 1551/444/1453
f 1552/441/1454 1553/444/1455 1554/442/1456
f 1555/440/1457 1556/439/1458 1557/445/1459
f 1558/440/1460 1559/445/1461 1560/446/1462
f 1561/439/1463 1562/442/1464 1563/447/1465
f 1564/439/1466 1565/447/1467 1566/445/1468
f 1567/442/1469 1568/444/1470 1569/448/1471
f 1570/442/1472 1571/448/1473 1572/447/1474
f 1573/446/1475 1574/445/1476 1575/449/1477
f 1576/446/1478 1577/449/1479 1578/450/1480
f 1579/445/1481 1580/447/1482 1581/451/1483
f 1582/445/1484 1583/451/1485 1584/449/1486
f 1585/447/1487 1586/448/1488 1587/452/1489
f 1588/447/1490 1589/452/1491 1590/451/1492
f 1591/32/1493 1592/453/1494 1593/454/1495
f 1594/32/1496 1595/454/1497 1596/455/1498
f 1597/453/1499 1598/456/1500 1599/457/1501
f 1600/453/1502 1601/457/1503 1602/454/1504
f 1603/456/1505 1604/458/1506 1605/459/1507
f 1606/456/1508 1607/459/1509 1608/457/1510
f 1609/455/1511 1610/454/1512 1611/460/1513
f 1612/455/1514 1613/460/1515 1614/461/1516
f 1615/454/1517 1616/457/1518 1617/462/1519
f 1618/454/1520 1619/462/1521 1620/460/1522
f 1621/457/1523 1622/459/1524 1623/463/1525
f 1624/457/1526 1625/463/1527 1626/462/1528
f 1627/461/1529 1628/460/1530 1629/464/1531
f 1630/461/1532 1631/464/1533 1632/465/1534
f 1633/460/1535 1634/462/1536 1635/466/1537
f 1636/460/1538 1637/466/1539 1638/464/1540
f 1639/462/1541 1640/463/1542 1641/467/1543
f 1642/462/1544 1643/467/1545 1644/466/1546
f 1645/41/1547 1646/468/1548 1647/469/1549
f 1648/41/1550 1649/469/1551 1650/470/1552
f 1651/468/1553 1652/471/1554 1653/472/1555
f 1654/468/1556 1655/472/1557 1656/469/1558
f 1657/471/1559 1658/473/1560 1659/474/1561
f 1660/471/1562 1661/474/1563 1662/472/1564
f 1663/470/1565 1664/469/1566 1665/475/1567
f 1666/470/1568 1667/475/1569 1668/476/1570
f 1669/469/1571 1670/472/1572 1671/477/1573
f 1672/469/1574 1673/477/1575 1674/475/1576
f 1675/472/1577 1676/474/1578 1677/478/1579
f 1678/472/1580 1679/478/1581 1680/477/1582
f 1681/476/1583 1682/475/1584 1683/479/1585
f 1684/476/1586 1685/479/1587 1686/480/1588
f 1687/475/1589 1688/477/1590 1689/481/1591
f 1690/475/1592 1691/481/1593 1692/479/1594
f 1693/477/1595 1694/478/1596 1695/482/1597
f 1696/477/1598 1697/482/1599 1698/481/1600
f 1699/34/1601 1700/483/1602 1701/484/1603
f 1702/34/1604 1703/484/1605 1704/485/1606
f 1705/483/1607 1706/486/1608 1707/487/1609
f 1708/483/1610 1709/487/1611 1710/484/1610
f 1711/486/1612 1712/488/1613 1713/489/1614
f 1714/486/1615 1715/489/1616 1716/487/1617
f 1717/485/1618 1718/484/1619 1719/490/1620
f 1720/485/1621 1721/490/1622 1722/491/1623
f 1723/484/1624 1724/487/1625 1725/492/1626
f 1726/484/1627 1727/492/1628 1728/490/1629
f 1729/487/1630 1730/489/1631 1731/493/1632
f 1732/487/1633 1733/493/1634 1734/492/1635
f 1735/491/1636 1736/490/1637 1737/494/1638
f 1738/491/1639 1739/494/1640 1740/495/1641
f 1741/490/1642 1742/492/1643 1743/496/1644
f 1744/490/1645 1745/496/1646 1746/494/1647
f 1747/492/1648 1748/493/1649 1749/497/1650
f 1750/492/1651 1751/497/1652 1752/496/1653
f 1753/15/1654 1754/498/1655 1755/499/1656
f 1756/15/1657 1757/499/1658 1758/500/1659
f 1759/498/1660 1760/501/1661 1761/502/1662
f 1762/498/1663 1763/502/1664 1764/499/1665
f 1765/501/1666 1766/465/1667 1767/464/1668
f 1768/501/1669 1769/464/1670 1770/502/1671
f 1771/500/1672 1772/499/1673 1773/503/1674
f 1774/500/1675 1775/503/1676 1776/504/1677
f 1777/499/1678 1778/502/1679 1779/505/1680
f 1780/499/1681 1781/505/1682 1782/503/1683
f 1783/502/1684 1784/464/1685 1785/466/1686
f 1786/502/1687 1787/466/1688 1788/505/1689
f 1789/504/1690 1790/503/1691 1791/506/1692
f 1792/504/1693 1793/506/1694 1794/507/1695
f 1795/503/1696 1796/505/1697 1797/508/1698
f 1798/503/1699 1799/508/1700 1800/506/1701
f 1801/505/1702 1802/466/1703 1803/509/1704
f 1804/505/1705 1805/509/1706 1806/508/1707
f 1807/7/1708 1808/510/1709 1809/511/1710
f 1810/7/1711 1811/511/1712 1812/512/1713
f 1813/510/1714 1814/513/1715 1815/514/1716
f 1816/510/1717 1817/514/1718 1818/511/1719
f 1819/513/1720 1820/515/1721 1821/516/1722
f 1822/513/1723 1823/516/1724 1824/514/1725
f 1825/512/1726 1826/511/1727 1827/517/1728
f 1828/512/1729 1829/517/1730 1830/518/1731
f 1831/511/1732 1832/514/1733 1833/519/1734
f 1834/511/1735 1835/519/1736 1836/517/1737
f 1837/514/1738 1838/516/1739 1839/520/1740
f 1840/514/1741 1841/520/1742 1842/519/1743
f 1843/518/1744 1844/517/1745 1845/521/1746
f 1846/518/1747 1847/521/1748 1848/522/1749
f 1849/517/1750 1850/519/1751 1851/523/1752
f 1852/517/1753 1853/523/1754 1854/521/1755
f 1855/519/1756 1856/520/1757 1857/524/1758
f 1858/519/1759 1859/524/1760 1860/523/1761
f 1861/16/1762 1862/525/1763 1863/526/1764
f 1864/16/1765 1865/526/1766 1866/527/1767
f 1867/525/1768 1868/528/1769 1869/529/1770
f 1870/525/1771 1871/529/1772 1872/526/1773
f 1873/528/1774 1874/530/1775 1875/531/1776
f 1876/528/1777 1877/531/1778 1878/529/1779
f 1879/527/1780 1880/526/1781 1881/532/1782
f 1882/527/1783 1883/532/1784 1884/533/1785
f 1885/526/1786 1886/529/1787 1887/534/1788
f 1888/526/1789 1889/534/1790 1890/532/1791
f 1891/529/1792 1892/531/1793 1893/535/1794
f 1894/529/1795 1895/535/1796 1896/534/1796
f 1897/533/1797 1898/532/1798 1899/516/1799
f 1900/533/1800 1901/516/1801 1902/515/1802
f 1903/532/1803 1904/534/1804 1905/520/1805
f 1906/532/1806 1907/520/1807 1908/516/1808
f 1909/534/1809 1910/535/1810 1911/536/1811
f 1912/534/1812 1913/536/1813 1914/520/1814
f 1915/33/1815 1916/537/1816 1917/538/1817
f 1918/33/1818 1919/538/1819 1920/539/1820
f 1921/537/1821 1922/540/1822 1923/541/1823
f 1924/537/1824 1925/541/1825 1926/538/1826
f 1927/540/1827 1928/542/1828 1929/543/1829
f 1930/540/1830 1931/543/1831 1932/541/1832
f 1933/539/1833 1934/538/1833 1935/544/1834
f 1936/539/1835 1937/544/1836 1938/545/1837
f 1939/538/1838 1940/541/1839 1941/546/1840
f 1942/538/1841 1943/546/1842 1944/544/1843
f 1945/541/1844 1946/543/1845 1947/547/1846
f 1948/541/1847 1949/547/1848 1950/546/1849
f 1951/545/1850 1952/544/1851 1953/548/1852
f 1954/545/1853 1955/548/1854 1956/549/1855
f 1957/544/1856 1958/546/1857 1959/550/1858
f 1960/544/1859 1961/550/1860 1962/548/1861
f 1963/546/1862 1964/547/1863 1965/551/1864
f 1966/546/1865 1967/551/1866 1968/550/1867
f 1969/46/1868 1970/552/1869 1971/553/1870
f 1972/46/1871 1973/553/1872 1974/554/1873
f 1975/552/1874 1976/555/1875 1977/556/1876
f 1978/552/1877 1979/556/1878 1980/553/1879
f 1981/555/1880 1982/557/1881 1983/558/1882
f 1984/555/1883 1985/558/1884 1986/556/1885
f 1987/554/1886 1988/553/1887 1989/559/1888
f 1990/554/1889 1991/559/1890 1992/560/1891
f 1993/553/1892 1994/556/1893 1995/561/1894
f 1996/553/1895 1997/561/1896 1998/559/1897
f 1999/556/1898 2000/558/1899 2001/562/1900
f 2002/556/1901 2003/562/1902 2004/561/1903
f 2005/560/1904 2006/559/1905 2007/563/1906
f 2008/560/1907 2009/563/1908 2010/564/1909
f 2011/559/1910 2012/561/1911 2013/565/1912
f 2014/559/1913 2015/565/1914 2016/563/1915
f 2017/561/1916 2018/562/1917 2019/566/1918
f 2020/561/1919 2021/566/1920 2022/565/1921
f 2023/11/1922 2024/567/1923 2025/568/1924
f 2026/11/1925 2027/568/1926 2028/569/1927
f 2029/567/1928 2030/570/1929 2031/571/1930
f 2032/567/1931 2033/571/1932 2034/568/1933
f 2035/570/1934 2036/572/1935 2037/573/1936
f 2038/570/1937 2039/573/1938 2040/571/1939
f 2041/569/1940 2042/568/1941 2043/574/1942
f 2044/569/1943 2045/574/1944 2046/575/1945
f 2047/568/1946 2048/571/1947 2049/576/1948
f 2050/568/1949 2051/576/1950 2052/574/1951
f 2053/571/1952 2054/573/1953 2055/577/1954
f 2056/571/1955 2057/577/1956 2058/576/1957
f 2059/575/1958 2060/574/1959 2061/578/1960
f 2062/575/1961 2063/578/1962 2064/579/1963
f 2065/574/1964 2066/576/1965 2067/580/1966
f 2068/574/1967 2069/580/1968 2070/578/1969
f 2071/576/1970 2072/577/1971 2073/581/1972
f 2074/576/1973 2075/581/1974 2076/580/1975
f 2077/8/1976 2078/582/1977 2079/583/1978
f 2080/8/1979 2081/583/1980 2082/584/1981
f 2083/582/1982 2084/585/1983 2085/586/1984
f 2086/582/1985 2087/586/1986 2088/583/1987
f 2089/585/1988 2090/587/1989 2091/588/1990
f 2092/585/1991 2093/588/1992 2094/586/1993
f 2095/584/1994 2096/583/1995 2097/589/1996
f 2098/584/1997 2099/589/1998 2100/590/1999
f 2101/583/2000 2102/586/2001 2103/591/2002
f 2104/583/2003 2105/591/2004 2106/589/2005
f 2107/586/2006 2108/588/2007 2109/592/2008
f 2110/586/2009 2111/592/2010 2112/591/2011
f 2113/590/2012 2114/589/2013 2115/573/2014
f 2116/590/2015 2117/573/2016 2118/572/2017
f 2119/589/2018 2120/591/2019 2121/577/2020
f 2122/589/2021 2123/577/2022 2124/573/2023
f 2125/591/2024 2126/592/2025 2127/593/2026
f 2128/591/2027 2129/593/2028 2130/577/2029
f 2131/45/2030 2132/594/2031 2133/595/2032
f 2134/45/2033 2135/595/2034 2136/596/2035
f 2137/594/2036 2138/597/2037 2139/598/2038
f 2140/594/2039 2141/598/2040 2142/595/2041
f 2143/597/2042 2144/599/2043 2145/600/2044
f 2146/597/2045 2147/600/2046 2148/598/2047
f 2149/596/2048 2150/595/2049 2151/601/2050
f 2152/596/2051 2153/601/2052 2154/602/2053
f 2155/595/2054 2156/598/2055 2157/603/2056
f 2158/595/2057 2159/603/2058 2160/601/2059
f 2161/598/2060 2162/600/2061 2163/604/2062
f 2164/598/2063 2165/604/2064 2166/603/2065
f 2167/602/2066 2168/601/2067 2169/605/2068
f 2170/602/2069 2171/605/2070 2172/606/2071
f 2173/601/2072 2174/603/2073 2175/607/2074
f 2176/601/2075 2177/607/2076 2178/605/2077
f 2179/603/2078 2180/604/2079 2181/608/2080
f 2182/603/2081 2183/608/2082 2184/607/2083
f 2185/50/2084 2186/609/2085 2187/610/2086
f 2188/50/2087 2189/610/2088 2190/611/2089
f 2191/609/2090 2192/612/2091 2193/613/2092
f 2194/609/2093 2195/613/2094 2196/610/2093
f 2197/612/2095 2198/614/2096 2199/615/2097
f 2200/612/2098 2201/615/2099 2202/613/2100
f 2203/611/2101 2204/610/2102 2205/616/2103
f 2206/611/2104 2207/616/2105 2208/617/2106
f 2209/610/2107 2210/613/2108 2211/618/2109
f 2212/610/2110 2213/618/2111 2214/616/2112
f 2215/613/2113 2216/615/2114 2217/619/2115
f 2218/613/2116 2219/619/2117 2220/618/2118
f 2221/617/2119 2222/616/2120 2223/620/2121
f 2224/617/2122 2225/620/2123 2226/621/2124
f 2227/616/2125 2228/618/2126 2229/622/2127
f 2230/616/2128 2231/622/2129 2232/620/2130
f 2233/618/2131 2234/619/2132 2235/623/2133
f 2236/618/2134 2237/623/2135 2238/622/2136
f 2239/31/2137 2240/624/2138 2241/625/2139
f 2242/31/2140 2243/625/2141 2244/626/2142
f 2245/624/2143 2246/627/2144 2247/628/2145
f 2248/624/2146 2249/628/2147 2250/625/2148
f 2251/627/2149 2252/629/2150 2253/630/2151
f 2254/627/2152 2255/630/2153 2256/628/2154
f 2257/626/2155 2258/625/2156 2259/631/2157
f 2260/626/2158 2261/631/2159 2262/632/2160
f 2263/625/2161 2264/628/2162 2265/633/2163
f 2266/625/2164 2267/633/2165 2268/631/2166
f 2269/628/2167 2270/630/2168 2271/634/2169
f 2272/628/2170 2273/634/2171 2274/633/2172
f 2275/632/2173 2276/631/2174 2277/635/2175
f 2278/632/2176 2279/635/2177 2280/636/2178
f 2281/631/2179 2282/633/2180 2283/637/2181
f 2284/631/2182 2285/637/2183 2286/635/2184
f 2287/633/2185 2288/634/2186 2289/638/2187
f 2290/633/2188 2291/638/2189 2292/637/2190
f 2293/12/2191 2294/639/2192 2295/640/2193
f 2296/12/2194 2297/640/2195 2298/641/2196
f 2299/639/2197 2300/642/2198 2301/643/2199
f 2302/639/2200 2303/643/2201 2304/640/2202
f 2305/642/2203 2306/644/2204 2307/645/2205
f 2308/642/2206 2309/645/2207 2310/643/2208
f 2311/641/2209 2312/640/2210 2313/646/2211
f 2314/641/2212 2315/646/2213 2316/647/2214
f 2317/640/2215 2318/643/2216 2319/648/2217
f 2320/640/2218 2321/648/2219 2322/646/2220
f 2323/643/2221 2324/645/2222 2325/649/2223
f 2326/643/2224 2327/649/2225 2328/648/2225
f 2329/647/2226 2330/646/2227 2331/630/2228
f 2332/647/2229 2333/630/2230 2334/629/2231
f 2335/646/2232 2336/648/2233 2337/634/2234
f 2338/646/2235 2339/634/2236 2340/630/2237
f 2341/648/2238 2342/649/2239 2343/650/2240
f 2344/648/2241 2345/650/2242 2346/634/2243
f 2347/49/2244 2348/651/2245 2349/652/2246
f 2350/49/2247 2351/652/2248 2352/653/2249
f 2353/651/2250 2354/654/2251 2355/655/2252
f 2356/651/2253 2357/655/2254 2358/652/2255
f 2359/654/2256 2360/656/2257 2361/657/2258
f 2362/654/2259 2363/657/2260 2364/655/2261
f 2365/653/2262 2366/652/2262 2367/658/2263
f 2368/653/2264 2369/658/2265 2370/659/2266
f 2371/652/2267 2372/655/2268 2373/660/2269
f 2374/652/2270 2375/660/2271 2376/658/2272
f 2377/655/2273 2378/657/2274 2379/661/2275
f 2380/655/2276 2381/661/2277 2382/660/2278
f 2383/659/2279 2384/658/2280 2385/662/2281
f 2386/659/2282 2387/662/2283 2388/663/2284
f 2389/658/2285 2390/660/2286 2391/664/2287
f 2392/658/2288 2393/664/2289 2394/662/2290
f 2395/660/2291 2396/661/2292 2397/665/2293
f 2398/660/2294 2399/665/2295 2400/664/2296
f 2401/42/2297 2402/666/2298 2403/667/2299
f 2404/42/2300 2405/667/2301 2406/668/2302
f 2407/666/2303 2408/669/2304 2409/670/2305
f 2410/666/2306 2411/670/2307 2412/667/2308
f 2413/669/2309 2414/671/2310 2415/672/2311
f 2416/669/2312 2417/672/2313 2418/670/2314
f 2419/668/2315 2420/667/2316 2421/673/2317
f 2422/668/2318 2423/673/2319 2424/674/2320
f 2425/667/2321 2426/670/2322 2427/675/2323
f 2428/667/2324 2429/675/2325 2430/673/2326
f 2431/670/2327 2432/672/2328 2433/676/2329
f 2434/670/2330 2435/676/2331 2436/675/2332
f 2437/674/2333 2438/673/2334 2439/677/2335
f 2440/674/2336 2441/677/2337 2442/678/2338
f 2443/673/2339 2444/675/2340 2445/679/2341
f 2446/673/2342 2447/679/2343 2448/677/2344
f 2449/675/2345 2450/676/2346 2451/680/2347
f 2452/675/2348 2453/680/2349 2454/679/2350
f 2455/35/2351 2456/681/2352 2457/682/2353
f 2458/35/2354 2459/682/2355 2460/683/2356
f 2461/681/2357 2462/684/2358 2463/685/2359
f 2464/681/2360 2465/685/2361 2466/682/2362
f 2467/684/2363 2468/686/2364 2469/687/2365
f 2470/684/2366 2471/687/2367 2472/685/2368
f 2473/683/2369 2474/682/2370 2475/688/2371
f 2476/683/2372 2477/688/2373 2478/689/2372
f 2479/682/2374 2480/685/2375 2481/690/2376
f 2482/682/2377 2483/690/2378 2484/688/2379
f 2485/685/2380 2486/687/2381 2487/691/2382
f 2488/685/2383 2489/691/2384 2490/690/2385
f 2491/689/2386 2492/688/2387 2493/692/2388
f 2494/689/2389 2495/692/2390 2496/693/2391
f 2497/688/2392 2498/690/2393 2499/694/2394
f 2500/688/2395 2501/694/2396 2502/692/2397
f 2503/690/2398 2504/691/2399 2505/695/2400
f 2506/690/2401 2507/695/2402 2508/694/2403
f 2509/44/2404 2510/696/2405 2511/697/2406
f 2512/44/2407 2513/697/2407 2514/698/2408
f 2515/696/2409 2516/699/2410 2517/700/2411
f 2518/696/2412 2519/700/2413 2520/697/2414
f 2521/699/2415 2522/701/2416 2523/702/2417
f 2524/699/2418 2525/702/2419 2526/700/2420
f 2527/698/2421 2528/697/2422 2529/703/2423
f 2530/698/2424 2531/703/2425 2532/704/2426
f 2533/697/2427 2534/700/2427 2535/705/2428
f 2536/697/2429 2537/705/2430 2538/703/2431
f 2539/700/2432 2540/702/2433 2541/706/2434
f 2542/700/2435 2543/706/2436 2544/705/2437
f 2545/704/2438 2546/703/2439 2547/707/2440
f 2548/704/2441 2549/707/2442 2550/708/2443
f 2551/703/2444 2552/705/2445 2553/709/2444
f 2554/703/2446 2555/709/2447 2556/707/2448
f 2557/705/2449 2558/706/2450 2559/710/2451
f 2560/705/2452 2561/710/2453 2562/709/2454
f 2563/39/2455 2564/711/2456 2565/712/2457
f 2566/39/2458 2567/712/2459 2568/713/2460
f 2569/711/2461 2570/714/2462 2571/715/2463
f 2572/711/2464 2573/715/2465 2574/712/2466
f 2575/714/2467 2576/716/2468 2577/717/2469
f 2578/714/2470 2579/717/2471 2580/715/2472
f 2581/713/2473 2582/712/2474 2583/718/2475
f 2584/713/2476 2585/718/2476 2586/719/2477
f 2587/712/2478 2588/715/2479 2589/720/2480
f 2590/712/2481 2591/720/2482 2592/718/2483
f 2593/715/2484 2594/717/2485 2595/721/2486
f 2596/715/2487 2597/721/2488 2598/720/2489
f 2599/719/2490 2600/718/2491 2601/722/2492
f 2602/719/2493 2603/722/2494 2604/723/2495
f 2605/718/2496 2606/720/2497 2607/724/2498
f 2608/718/2499 2609/724/2500 2610/722/2501
f 2611/720/2502 2612/721/2503 2613/725/2504
f 2614/720/2505 2615/725/2506 2616/724/2507
f 2617/36/2508 2618/726/2509 2619/727/2510
f 2620/36/2511 2621/727/2512 2622/728/2513
f 2623/726/2514 2624/729/2515 2625/730/2516
f 2626/726/2517 2627/730/2518 2628/727/2519
f 2629/729/2520 2630/731/2520 2631/732/2521
f 2632/729/2522 2633/732/2523 2634/730/2524
f 2635/728/2525 2636/727/2526 2637/733/2527
f 2638/728/2528 2639/733/2529 2640/734/2530
f 2641/727/2531 2642/730/2532 2643/735/2533
f 2644/727/2534 2645/735/2535 2646/733/2536
f 2647/730/2537 2648/732/2538 2649/736/2539
f 2650/730/2540 2651/736/2541 2652/735/2542
f 2653/734/2543 2654/733/2544 2655/737/2545
f 2656/734/2546 2657/737/2547 2658/738/2548
f 2659/733/2549 2660/735/2549 2661/739/2550
f 2662/733/2551 2663/739/2552 2664/737/2553
f 2665/735/2554 2666/736/2555 2667/740/2556
f 2668/735/2557 2669/740/2558 2670/739/2559
f 2671/38/2560 2672/741/2561 2673/742/2562
f 2674/38/2563 2675/742/2564 2676/743/2565
f 2677/741/2566 2678/744/2567 2679/745/2568
f 2680/741/2569 2681/745/2570 2682/742/2571
f 2683/744/2572 2684/746/2573 2685/747/2574
f 2686/744/2575 2687/747/2576 2688/745/2577
f 2689/743/2578 2690/742/2579 2691/748/2580
f 2692/743/2581 2693/748/2582 2694/749/2583
f 2695/742/2584 2696/745/2585 2697/750/2586
f 2698/742/2587 2699/750/2588 2700/748/2589
f 2701/745/2590 2702/747/2591 2703/751/2592
f 2704/745/2593 2705/751/2594 2706/750/2595
f 2707/749/2596 2708/748/2597 2709/752/2598
f 2710/749/2599 2711/752/2600 2712/753/2601
f 2713/748/2602 2714/750/2603 2715/754/2604
f 2716/748/2605 2717/754/2606 2718/752/2607
f 2719/750/2608 2720/751/2609 2721/755/2610
f 2722/750/2611 2723/755/2612 2724/754/2613
f 2725/47/2614 2726/756/2615 2727/757/2616
f 2728/47/2617 2729/757/2618 2730/758/2617
f 2731/756/2619 2732/759/2620 2733/760/2621
f 2734/756/2622 2735/760/2623 2736/757/2624
f 2737/759/2625 2738/761/2626 2739/762/2627
f 2740/759/2628 2741/762/2629 2742/760/2630
f 2743/758/2631 2744/757/2632 2745/763/2633
f 2746/758/2634 2747/763/2635 2748/764/2636
f 2749/757/2637 2750/760/2638 2751/765/2639
f 2752/757/2640 2753/765/2641 2754/763/2642
f 2755/760/2643 2756/762/2644 2757/766/2645
f 2758/760/2646 2759/766/2647 2760/765/2646
f 2761/764/2648 2762/763/2649 2763/767/2650
f 2764/764/2651 2765/767/2652 2766/768/2653
f 2767/763/2654 2768/765/2655 2769/769/2656
f 2770/763/2657 2771/769/2658 2772/767/2659
f 2773/765/2660 2774/766/2661 2775/770/2662
f 2776/765/2663 2777/770/2664 2778/769/2665
f 2779/48/2666 2780/771/2667 2781/772/2668
f 2782/48/2669 2783/772/2670 2784/773/2671
f 2785/771/2672 2786/774/2672 2787/775/2673
f 2788/771/2674 2789/775/2675 2790/772/2676
f 2791/774/2677 2792/776/2678 2793/777/2679
f 2794/774/2680 2795/777/2681 2796/775/2682
f 2797/773/2683 2798/772/2684 2799/778/2685
f 2800/773/2686 2801/778/2687 2802/779/2688
f 2803/772/2689 2804/775/2690 2805/780/2691
f 2806/772/2692 2807/780/2693 2808/778/2694
f 2809/775/2695 2810/777/2696 2811/781/2697
f 2812/775/2698 2813/781/2699 2814/780/2700
f 2815/779/2701 2816/778/2702 2817/782/2703
f 2818/779/2704 2819/782/2705 2820/783/2706
f 2821/778/2707 2822/780/2708 2823/784/2709
f 2824/778/2710 2825/784/2711 2826/782/2712
f 2827/780/2713 2828/781/2714 2829/785/2715
f 2830/780/2716 2831/785/2717 2832/784/2718
f 2833/37/2719 2834/786/2720 2835/787/2721
f 2836/37/2722 2837/787/2723 2838/788/2724
f 2839/786/2725 2840/789/2726 2841/790/2727
f 2842/786/2728 2843/790/2729 2844/787/2730
f 2845/789/2731 2846/791/2732 2847/792/2733
f 2848/789/2734 2849/792/2735 2850/790/2736
f 2851/788/2737 2852/787/2738 2853/793/2739
f 2854/788/2740 2855/793/2741 2856/794/2742
f 2857/787/2743 2858/790/2744 2859/795/2745
f 2860/787/2746 2861/795/2747 2862/793/2748
f 2863/790/2749 2864/792/2750 2865/796/2751
f 2866/790/2752 2867/796/2753 2868/795/2754
f 2869/794/2755 2870/793/2756 2871/797/2757
f 2872/794/2758 2873/797/2758 2874/798/2759
f 2875/793/2760 2876/795/2761 2877/799/2762
f 2878/793/2763 2879/799/2764 2880/797/2765
f 2881/795/2766 2882/796/2767 2883/800/2768
f 2884/795/2769 2885/800/2770 2886/799/2771
f 2887/51/2772 2888/801/2773 2889/802/2774
f 2890/51/2775 2891/802/2776 2892/803/2777
f 2893/801/2778 2894/804/2779 2895/805/2780
f 2896/801/2781 2897/805/2782 2898/802/2781
f 2899/804/2783 2900/806/2784 2901/807/2785
f 2902/804/2786 2903/807/2787 2904/805/2788
f 2905/803/2789 2906/802/2790 2907/808/2791
f 2908/803/2792 2909/808/2793 2910/809/2794
f 2911/802/2795 2912/805/2796 2913/810/2797
f 2914/802/2798 2915/810/2799 2916/808/2800
f 2917/805/2801 2918/807/2802 2919/811/2803
f 2920/805/2804 2921/811/2805 2922/810/2806
f 2923/809/2807 2924/808/2808 2925/812/2809
f 2926/809/2810 2927/812/2811 2928/813/2812
f 2929/808/2813 2930/810/2814 2931/814/2815
f 2932/808/2816 2933/814/2817 2934/812/2818
f 2935/810/2819 2936/811/2820 2937/815/2821
f 2938/810/2822 2939/815/2823 2940/814/2824
f 2941/52/2825 2942/816/2825 2943/817/2826
f 2944/52/2827 2945/817/2828 2946/818/2829
f 2947/816/2830 2948/819/2831 2949/820/2832
f 2950/816/2833 2951/820/2834 2952/817/2835
f 2953/819/2836 2954/821/2837 2955/822/2838
f 2956/819/2839 2957/822/2840 2958/820/2841
f 2959/818/2842 2960/817/2842 2961/823/2843
f 2962/818/2844 2963/823/2845 2964/824/2846
f 2965/817/2847 2966/820/2848 2967/825/2849
f 2968/817/2850 2969/825/2851 2970/823/2852
f 2971/820/2853 2972/822/2854 2973/826/2855
f 2974/820/2856 2975/826/2857 2976/825/2858
f 2977/824/2859 2978/823/2860 2979/827/2861
f 2980/824/2862 2981/827/2863 2982/828/2864
f 2983/823/2865 2984/825/2866 2985/829/2867
f 2986/823/2868 2987/829/2869 2988/827/2870
f 2989/825/2871 2990/826/2872 2991/830/2873
f 2992/825/2874 2993/830/2875 2994/829/2876
f 2995/40/2877 2996/831/2878 2997/832/2879
f 2998/40/2880 2999/832/2881 3000/833/2882
f 3001/831/2883 3002/834/2884 3003/835/2885
f 3004/831/2886 3005/835/2887 3006/832/2888
f 3007/834/2889 3008/836/2890 3009/837/2891
f 3010/834/2892 3011/837/2893 3012/835/2894
f 3013/833/2895 3014/832/2896 3015/838/2897
f 3016/833/2898 3017/838/2899 3018/839/2900
f 3019/832/2901 3020/835/2902 3021/840/2903
f 3022/832/2904 3023/840/2905 3024/838/2905
f 3025/835/2906 3026/837/2907 3027/841/2908
f 3028/835/2909 3029/841/2910 3030/840/2911
f 3031/839/2912 3032/838/2913 3033/842/2914
f 3034/839/2915 3035/842/2916 3036/843/2917
f 3037/838/2918 3038/840/2919 3039/844/2920
f 3040/838/2921 3041/844/2922 3042/842/2923
f 3043/840/2924 3044/841/2925 3045/845/2926
f 3046/840/2927 3047/845/2928 3048/844/2929
f 3049/43/2930 3050/846/2931 3051/847/2932
f 3052/43/2933 3053/847/2934 3054/848/2935
f 3055/846/2936 3056/849/2937 3057/850/2938
f 3058/846/2939 3059/850/2940 3060/847/2941
f 3061/849/2942 3062/851/2942 3063/852/2943
f 3064/849/2944 3065/852/2945 3066/850/2944
f 3067/848/2946 3068/847/2947 3069/853/2948
f 3070/848/2949 3071/853/2950 3072/854/2951
f 3073/847/2952 3074/850/2953 3075/855/2954
f 3076/847/2955 3077/855/2956 3078/853/2957
f 3079/850/2958 3080/852/2959 3081/856/2960
f 3082/850/2961 3083/856/2962 3084/855/2961
f 3085/854/2963 3086/853/2964 3087/857/2965
f 3088/854/2966 3089/857/2967 3090/858/2968
f 3091/853/2969 3092/855/2970 3093/859/2971
f 3094/853/2972 3095/859/2973 3096/857/2974
f 3097/855/2975 3098/856/2976 3099/860/2977
f 3100/855/2978 3101/860/2979 3102/859/2980
f 3103/153/2981 3104/53/2981 3105/56/2981
f 3106/153/2981 3107/56/2981 3108/154/2981
f 3109/154/2982 3110/56/2982 3111/62/2982
f 3112/154/2982 3113/62/2982 3114/157/2982
f 3115/157/2983 3116/62/2983 3117/66/2983
f 3118/157/2984 3119/66/2984 3120/159/2984
f 3121/181/2985 3122/89/2985 3123/87/2985
f 3124/181/2986 3125/87/2986 3126/177/2986
f 3127/177/2987 3128/87/2987 3129/84/2987
f 3130/177/2988 3131/84/2988 3132/171/2988
f 3133/171/2989 3134/84/2989 3135/17/2989
f 3136/171/2990 3137/17/2990 3138/20/2990
f 3139/4/2991 3140/3/2991 3141/101/2991
f 3142/4/2992 3143/101/2992 3144/69/2992
f 3145/69/2993 3146/101/2993 3147/107/2993
f 3148/69/2994 3149/107/2994 3150/72/2994
f 3151/72/2995 3152/107/2995 3153/111/2995
f 3154/72/2996 3155/111/2996 3156/74/2996
f 3157/96/2997 3158/143/2997 3159/141/2997
f 3160/96/2998 3161/141/2998 3162/92/2998
f 3163/92/2999 3164/141/2999 3165/138/2999
f 3166/92/2999 3167/138/2999 3168/86/2999
f 3169/86/3000 3170/138/3001 3171/18/3001
f 3172/86/3002 3173/18/3003 3174/17/3002
f 3175/14/3004 3176/13/3004 3177/201/3004
f 3178/14/3005 3179/201/3005 3180/126/3005
f 3181/126/3006 3182/201/3006 3183/206/3006
f 3184/126/3007 3185/206/3007 3186/129/3007
f 3187/129/3008 3188/206/3008 3189/209/3008
f 3190/129/3009 3191/209/3009 3192/131/3009
f 3193/150/3010 3194/243/3010 3195/241/3010
f 3196/150/3010 3197/241/3010 3198/146/3010
f 3199/146/3011 3200/241/3011 3201/238/3011
f 3202/146/3012 3203/238/3012 3204/140/3012
f 3205/140/3013 3206/238/3013 3207/19/3013
f 3208/140/3014 3209/19/3014 3210/18/3014
f 3211/26/3015 3212/25/3016 3213/186/3016
f 3214/26/3017 3215/186/3018 3216/223/3018
f 3217/223/3019 3218/186/3019 3219/192/3019
f 3220/223/3019 3221/192/3019 3222/226/3019
f 3223/226/3020 3224/192/3020 3225/196/3020
f 3226/226/3021 3227/196/3021 3228/228/3022
f 3229/250/3023 3230/174/3024 3231/172/3023
f 3232/250/3025 3233/172/3025 3234/246/3025
f 3235/246/3026 3236/172/3026 3237/169/3026
f 3238/246/3027 3239/169/3027 3240/240/3027
f 3241/240/3028 3242/169/3028 3243/20/3028
f 3244/240/3029 3245/20/3029 3246/19/3029
f 3247/353/3030 3248/153/3030 3249/156/3030
f 3250/353/3030 3251/156/3030 3252/354/3030
f 3253/354/3031 3254/156/3031 3255/162/3031
f 3256/354/3031 3257/162/3031 3258/357/3031
f 3259/357/3032 3260/162/3032 3261/166/3032
f 3262/357/3033 3263/166/3033 3264/359/3033
f 3265/381/3034 3266/189/3034 3267/187/3034
f 3268/381/3034 3269/187/3034 3270/377/3034
f 3271/377/3035 3272/187/3035 3273/184/3035
f 3274/377/3035 3275/184/3035 3276/371/3035
f 3277/371/3036 3278/184/3036 3279/25/3036
f 3280/371/3036 3281/25/3036 3282/28/3036
f 3283/6/3037 3284/5/3037 3285/401/3037
f 3286/6/3038 3287/401/3038 3288/211/3038
f 3289/211/3039 3290/401/3039 3291/406/3039
f 3292/211/3040 3293/406/3040 3294/214/3040
f 3295/214/3041 3296/406/3041 3297/409/3041
f 3298/214/3042 3299/409/3042 3300/216/3042
f 3301/235/3043 3302/443/3043 3303/441/3043
f 3304/235/3044 3305/441/3044 3306/231/3044
f 3307/231/3045 3308/441/3045 3309/438/3045
f 3310/231/3046 3311/438/3046 3312/225/3046
f 3313/225/3047 3314/438/3047 3315/27/3047
f 3316/225/3048 3317/27/3048 3318/26/3048
f 3319/22/3049 3320/21/3049 3321/386/3049
f 3322/22/3050 3323/386/3050 3324/423/3050
f 3325/423/3051 3326/386/3051 3327/392/3051
f 3328/423/3051 3329/392/3051 3330/426/3051
f 3331/426/3052 3332/392/3053 3333/396/3052
f 3334/426/3054 3335/396/3054 3336/428/3054
f 3337/450/3055 3338/374/3055 3339/372/3055
f 3340/450/3056 3341/372/3056 3342/446/3056
f 3343/446/3057 3344/372/3057 3345/369/3057
f 3346/446/3057 3347/369/3057 3348/440/3057
f 3349/440/3058 3350/369/3058 3351/28/3058
f 3352/440/3059 3353/28/3059 3354/27/3059
f 3355/253/3060 3356/353/3060 3357/356/3060
f 3358/253/3060 3359/356/3060 3360/254/3060
f 3361/254/3061 3362/356/3061 3363/362/3061
f 3364/254/3061 3365/362/3061 3366/257/3061
f 3367/257/3062 3368/362/3062 3369/366/3062
f 3370/257/3063 3371/366/3063 3372/259/3063
f 3373/281/3064 3374/389/3064 3375/387/3064
f 3376/281/3064 3377/387/3064 3378/277/3064
f 3379/277/3065 3380/387/3065 3381/384/3065
f 3382/277/3065 3383/384/3065 3384/271/3065
f 3385/271/3066 3386/384/3066 3387/21/3066
f 3388/271/3066 3389/21/3066 3390/24/3066
f 3391/10/3067 3392/9/3067 3393/301/3067
f 3394/10/3068 3395/301/3068 3396/411/3068
f 3397/411/3069 3398/301/3069 3399/306/3069
f 3400/411/3070 3401/306/3070 3402/414/3070
f 3403/414/3071 3404/306/3071 3405/309/3071
f 3406/414/3071 3407/309/3071 3408/416/3071
f 3409/435/3072 3410/343/3072 3411/341/3072
f 3412/435/3073 3413/341/3073 3414/431/3073
f 3415/431/3074 3416/341/3074 3417/338/3074
f 3418/431/3074 3419/338/3074 3420/425/3074
f 3421/425/3075 3422/338/3075 3423/23/3075
f 3424/425/3076 3425/23/3076 3426/22/3076
f 3427/2/3077 3428/1/3077 3429/286/3077
f 3430/2/3078 3431/286/3078 3432/323/3078
f 3433/323/3079 3434/286/3079 3435/292/3079
f 3436/323/3079 3437/292/3079 3438/326/3079
f 3439/326/3080 3440/292/3080 3441/296/3080
f 3442/326/3081 3443/296/3081 3444/328/3081
f 3445/350/3082 3446/274/3082 3447/272/3082
f 3448/350/3083 3449/272/3083 3450/346/3084
f 3451/346/3085 3452/272/3085 3453/269/3085
f 3454/346/3086 3455/269/3086 3456/340/3086
f 3457/340/3087 3458/269/3087 3459/24/3087
f 3460/340/3088 3461/24/3089 3462/23/3089
f 3463/53/3090 3464/253/3090 3465/256/3090
f 3466/53/3090 3467/256/3090 3468/54/3090
f 3469/54/3091 3470/256/3091 3471/262/3091
f 3472/54/3091 3473/262/3091 3474/57/3091
f 3475/57/3092 3476/262/3092 3477/266/3092
f 3478/57/3093 3479/266/3093 3480/59/3093
f 3481/81/3094 3482/289/3094 3483/287/3094
f 3484/81/3095 3485/287/3095 3486/77/3095
f 3487/77/3096 3488/287/3096 3489/284/3096
f 3490/77/3097 3491/284/3097 3492/71/3097
f 3493/71/3098 3494/284/3098 3495/1/3098
f 3496/71/3099 3497/1/3099 3498/4/3099
f 3499/30/3100 3500/29/3100 3501/116/3100
f 3502/30/3101 3503/116/3101 3504/311/3101
f 3505/311/3102 3506/116/3102 3507/121/3102
f 3508/311/3103 3509/121/3103 3510/314/3103
f 3511/314/3104 3512/121/3104 3513/124/3104
f 3514/314/3105 3515/124/3105 3516/316/3105
f 3517/335/3106 3518/104/3106 3519/102/3106
f 3520/335/3107 3521/102/3107 3522/331/3107
f 3523/331/3108 3524/102/3108 3525/99/3108
f 3526/331/3109 3527/99/3109 3528/325/3109
f 3529/325/3110 3530/99/3110 3531/3/3110
f 3532/325/3111 3533/3/3111 3534/2/3111
f 3535/7/3112 3536/6/3112 3537/213/3112
f 3538/7/3113 3539/213/3114 3540/510/3115
f 3541/510/3116 3542/213/3117 3543/219/3118
f 3544/510/3119 3545/219/3117 3546/513/3120
f 3547/513/3121 3548/219/3122 3549/204/3123
f 3550/513/3124 3551/204/3124 3552/515/3124
f 3553/515/3125 3554/204/3125 3555/202/3125
f 3556/515/3126 3557/202/3126 3558/533/3126
f 3559/533/3127 3560/202/3128 3561/199/3129
f 3562/533/3130 3563/199/3131 3564/527/3132
f 3565/527/3133 3566/199/3134 3567/13/3135
f 3568/527/3136 3569/13/3137 3570/16/3138
f 3571/29/3139 3572/32/3140 3573/455/3141
f 3574/29/3142 3575/455/3143 3576/114/3144
f 3577/114/3145 3578/455/3146 3579/461/3147
f 3580/114/3148 3581/461/3149 3582/117/3150
f 3583/117/3151 3584/461/3151 3585/465/3152
f 3586/117/3153 3587/465/3154 3588/119/3155
f 3589/119/3156 3590/465/3156 3591/501/3156
f 3592/119/3157 3593/501/3157 3594/134/3157
f 3595/134/3158 3596/501/3158 3597/498/3158
f 3598/134/3159 3599/498/3160 3600/128/3159
f 3601/128/3161 3602/498/3161 3603/15/3161
f 3604/128/3162 3605/15/3162 3606/14/3162
f 3607/31/3163 3608/30/3163 3609/313/3163
f 3610/31/3164 3611/313/3165 3612/624/3166
f 3613/624/3167 3614/313/3168 3615/319/3169
f 3616/624/3170 3617/319/3171 3618/627/3172
f 3619/627/3173 3620/319/3173 3621/304/3173
f 3622/627/3174 3623/304/3174 3624/629/3174
f 3625/629/3175 3626/304/3175 3627/302/3175
f 3628/629/3176 3629/302/3176 3630/647/3176
f 3631/647/3177 3632/302/3178 3633/299/3179
f 3634/647/3180 3635/299/3181 3636/641/3180
f 3637/641/3182 3638/299/3183 3639/9/3184
f 3640/641/3185 3641/9/3186 3642/12/3187
f 3643/5/3188 3644/8/3189 3645/584/3190
f 3646/5/3191 3647/584/3192 3648/399/3193
f 3649/399/3194 3650/584/3195 3651/590/3196
f 3652/399/3197 3653/590/3198 3654/402/3199
f 3655/402/3200 3656/590/3201 3657/572/3202
f 3658/402/3203 3659/572/3204 3660/404/3205
f 3661/404/3206 3662/572/3206 3663/570/3206
f 3664/404/3207 3665/570/3207 3666/419/3207
f 3667/419/3208 3668/570/3208 3669/567/3208
f 3670/419/3209 3671/567/3209 3672/413/3209
f 3673/413/3210 3674/567/3210 3675/11/3210
f 3676/413/3211 3677/11/3212 3678/10/3213
f 3679/34/3214 3680/33/3214 3681/539/3214
f 3682/34/3214 3683/539/3214 3684/483/3214
f 3685/483/3215 3686/539/3215 3687/545/3215
f 3688/483/3215 3689/545/3215 3690/486/3215
f 3691/486/3216 3692/545/3216 3693/549/3216
f 3694/486/3217 3695/549/3217 3696/488/3217
f 3697/507/3218 3698/530/3218 3699/528/3218
f 3700/507/3219 3701/528/3219 3702/504/3219
f 3703/504/3220 3704/528/3220 3705/525/3220
f 3706/504/3220 3707/525/3220 3708/500/3220
f 3709/500/3221 3710/525/3221 3711/16/3221
f 3712/500/3221 3713/16/3221 3714/15/3221
f 3715/46/3222 3716/45/3222 3717/596/3222
f 3718/46/3222 3719/596/3222 3720/552/3222
f 3721/552/3045 3722/596/3045 3723/602/3045
f 3724/552/3223 3725/602/3223 3726/555/3223
f 3727/555/3224 3728/602/3224 3729/606/3224
f 3730/555/3225 3731/606/3225 3732/557/3225
f 3733/522/3226 3734/587/3226 3735/585/3226
f 3736/522/3226 3737/585/3226 3738/518/3226
f 3739/518/3227 3740/585/3227 3741/582/3227
f 3742/518/3227 3743/582/3227 3744/512/3227
f 3745/512/3228 3746/582/3228 3747/8/3228
f 3748/512/3229 3749/8/3229 3750/7/3229
f 3751/50/3230 3752/49/3230 3753/653/3230
f 3754/50/3230 3755/653/3230 3756/609/3230
f 3757/609/3231 3758/653/3231 3759/659/3231
f 3760/609/3231 3761/659/3231 3762/612/3231
f 3763/612/3232 3764/659/3232 3765/663/3232
f 3766/612/3232 3767/663/3232 3768/614/3232
f 3769/579/3233 3770/644/3233 3771/642/3233
f 3772/579/3234 3773/642/3234 3774/575/3234
f 3775/575/3235 3776/642/3235 3777/639/3235
f 3778/575/3235 3779/639/3235 3780/569/3235
f 3781/569/3236 3782/639/3236 3783/12/3236
f 3784/569/3237 3785/12/3237 3786/11/3237
f 3787/42/3238 3788/41/3238 3789/470/3238
f 3790/42/3238 3791/470/3238 3792/666/3238
f 3793/666/3239 3794/470/3239 3795/476/3239
f 3796/666/3240 3797/476/3240 3798/669/3240
f 3799/669/3241 3800/476/3241 3801/480/3241
f 3802/669/3242 3803/480/3242 3804/671/3242
f 3805/636/3243 3806/458/3243 3807/456/3243
f 3808/636/3244 3809/456/3244 3810/632/3244
f 3811/632/3245 3812/456/3245 3813/453/3245
f 3814/632/3246 3815/453/3246 3816/626/3246
f 3817/626/3247 3818/453/3247 3819/32/3247
f 3820/626/3248 3821/32/3248 3822/31/3248
f 3823/39/3249 3824/38/3249 3825/743/3249
f 3826/39/3250 3827/743/3250 3828/711/3250
f 3829/711/3251 3830/743/3251 3831/749/3251
f 3832/711/3252 3833/749/3252 3834/714/3252
f 3835/714/3253 3836/749/3253 3837/753/3253
f 3838/714/3254 3839/753/3254 3840/716/3254
f 3841/693/3255 3842/731/3255 3843/729/3255
f 3844/693/3256 3845/729/3256 3846/689/3256
f 3847/689/3257 3848/729/3257 3849/726/3257
f 3850/689/3257 3851/726/3257 3852/683/3257
f 3853/683/3258 3854/726/3258 3855/36/3258
f 3856/683/3258 3857/36/3258 3858/35/3258
f 3859/38/3259 3860/37/3259 3861/788/3259
f 3862/38/3259 3863/788/3259 3864/741/3259
f 3865/741/3260 3866/788/3260 3867/794/3260
f 3868/741/3260 3869/794/3260 3870/744/3260
f 3871/744/3261 3872/794/3261 3873/798/3261
f 3874/744/3262 3875/798/3262 3876/746/3262
f 3877/768/3263 3878/776/3263 3879/774/3263
f 3880/768/3263 3881/774/3263 3882/764/3263
f 3883/764/3264 3884/774/3264 3885/771/3264
f 3886/764/3264 3887/771/3264 3888/758/3264
f 3889/758/3265 3890/771/3265 3891/48/3265
f 3892/758/3266 3893/48/3266 3894/47/3266
f 3895/37/3267 3896/40/3267 3897/833/3267
f 3898/37/3268 3899/833/3268 3900/786/3268
f 3901/786/3269 3902/833/3269 3903/839/3269
f 3904/786/3270 3905/839/3270 3906/789/3270
f 3907/789/3271 3908/839/3271 3909/843/3271
f 3910/789/3272 3911/843/3272 3912/791/3272
f 3913/813/3273 3914/821/3273 3915/819/3273
f 3916/813/3274 3917/819/3274 3918/809/3274
f 3919/809/3275 3920/819/3275 3921/816/3275
f 3922/809/3275 3923/816/3275 3924/803/3275
f 3925/803/3276 3926/816/3276 3927/52/3276
f 3928/803/3276 3929/52/3276 3930/51/3276
f 3931/40/3277 3932/39/3277 3933/713/3277
f 3934/40/3277 3935/713/3277 3936/831/3277
f 3937/831/3278 3938/713/3278 3939/719/3278
f 3940/831/3279 3941/719/3279 3942/834/3279
f 3943/834/3280 3944/719/3280 3945/723/3280
f 3946/834/3281 3947/723/3281 3948/836/3281
f 3949/858/3282 3950/701/3282 3951/699/3282
f 3952/858/3283 3953/699/3283 3954/854/3283
f 3955/854/3284 3956/699/3284 3957/696/3284
f 3958/854/3285 3959/696/3285 3960/848/3285
f 3961/848/3286 3962/696/3286 3963/44/3286
f 3964/848/3287 3965/44/3287 3966/43/3287
f 3967/45/3288 3968/48/3289 3969/773/3290
f 3970/45/3059 3971/773/3291 3972/594/3291
f 3973/594/3292 3974/773/3292 3975/779/3292
f 3976/594/3293 3977/779/3293 3978/597/3293
f 3979/597/3294 3980/779/3294 3981/783/3294
f 3982/597/3295 3983/783/3296 3984/599/3295
f 3985/621/3297 3986/806/3052 3987/804/3297
f 3988/621/3298 3989/804/3298 3990/617/3298
f 3991/617/3299 3992/804/3299 3993/801/3299
f 3994/617/3299 3995/801/3299 3996/611/3299
f 3997/611/3300 3998/801/3301 3999/51/3302
f 4000/611/3303 4001/51/3304 4002/50/3303
f 4003/43/3305 4004/42/3306 4005/668/3306
f 4006/43/3307 4007/668/3308 4008/846/3307
f 4009/846/3309 4010/668/3309 4011/674/3309
f 4012/846/3310 4013/674/3310 4014/849/3310
f 4015/849/3311 4016/674/3311 4017/678/3311
f 4018/849/3312 4019/678/3312 4020/851/3313
f 4021/828/3314 4022/656/3314 4023/654/3314
f 4024/828/3315 4025/654/3315 4026/824/3315
f 4027/824/3316 4028/654/3316 4029/651/3316
f 4030/824/3317 4031/651/3317 4032/818/3317
f 4033/818/3318 4034/651/3319 4035/49/3319
f 4036/818/3320 4037/49/3321 4038/52/3322
f 4039/41/3323 4040/44/2992 4041/698/3323
f 4042/41/3324 4043/698/3324 4044/468/3324
f 4045/468/3325 4046/698/3325 4047/704/3325
f 4048/468/3325 4049/704/3325 4050/471/3325
f 4051/471/3326 4052/704/3326 4053/708/3327
f 4054/471/3328 4055/708/3329 4056/473/3329
f 4057/495/3330 4058/686/3331 4059/684/3330
f 4060/495/3332 4061/684/3333 4062/491/3332
f 4063/491/3334 4064/684/3334 4065/681/3334
f 4066/491/3334 4067/681/3334 4068/485/3334
f 4069/485/3335 4070/681/3336 4071/35/3336
f 4072/485/3337 4073/35/3338 4074/34/3337
f 4075/47/3339 4076/46/3339 4077/554/3340
f 4078/47/3341 4079/554/3342 4080/756/3342
f 4081/756/3343 4082/554/3343 4083/560/3343
f 4084/756/3344 4085/560/3344 4086/759/3344
f 4087/759/3345 4088/560/3345 4089/564/3345
f 4090/759/3346 4091/564/3346 4092/761/3020
f 4093/738/3347 4094/542/3348 4095/540/3348
f 4096/738/3349 4097/540/3350 4098/734/3350
f 4099/734/3351 4100/540/3351 4101/537/3351
f 4102/734/3351 4103/537/3351 4104/728/3351
f 4105/728/3352 4106/537/3353 4107/33/3354
f 4108/728/3355 4109/33/3356 4110/36/3028
f 4111/153/3357 4112/353/3357 4113/253/3357
f 4114/153/3357 4115/253/3357 4116/53/3357
